game_date,home_team,away_team,home_ml,away_ml,home_implied,away_implied,consensus_prob,home_runs,away_runs
2026-03-18,ARI,CHC,-123.5,33.3,0.5526,0.75,0.4242,16,8
2026-03-18,ATL,PHI,-167.7,136.0,0.6264,0.4237,0.5965,3,2
2026-03-18,LAD,SFG,-153.8,124.8,0.606,0.4448,0.5767,5,1
2026-03-18,NYY,BOS,-160.8,130.0,0.6166,0.4348,0.5865,1,0
2026-03-18,PIT,DET,-115.5,-104.7,0.536,0.5114,0.5117,3,1
2026-03-18,STL,HOU,114.3,-140.0,0.4666,0.5833,0.4444,4,1
2026-03-18,TEX,KCR,-148.7,123.5,0.5979,0.4474,0.572,12,3
2026-03-18,TOR,BAL,-133.2,108.3,0.5711,0.48,0.5433,2,3
2026-03-19,BOS,MIN,-144.8,118.0,0.5916,0.4587,0.5632,4,2
2026-03-19,COL,SFG,128.2,-154.2,0.4383,0.6066,0.4195,11,14
2026-03-19,HOU,NYM,108.2,-129.3,0.4804,0.564,0.46,2,6
2026-03-19,MIL,TEX,-148.2,123.2,0.597,0.4481,0.5713,11,4
2026-03-19,OAK,SEA,-133.7,77.5,0.572,0.5634,0.5038,4,6
2026-03-19,PHI,TBR,-151.8,126.8,0.6029,0.4409,0.5776,8,2
2026-03-19,STL,WSN,-113.3,-106.8,0.5312,0.5165,0.507,5,1
2026-03-20,ARI,MIL,-114.8,-72.2,0.5345,0.4192,0.5605,8,7
2026-03-20,ATL,PIT,-149.5,90.8,0.5992,0.524,0.5335,8,1
2026-03-20,CLE,SEA,-107.3,-112.8,0.5177,0.5301,0.4941,8,20
2026-03-20,LAA,CHW,-135.7,113.8,0.5757,0.4677,0.5518,4,3
2026-03-20,MIN,TOR,-82.5,-5.0,0.4521,0.0476,0.9047,1,2
2026-03-20,NYM,STL,-127.8,106.7,0.5611,0.4839,0.5369,3,4
2026-03-20,NYY,BAL,-158.5,130.7,0.6132,0.4335,0.5858,3,1
2026-03-20,PHI,DET,-71.7,-115.7,0.4175,0.5363,0.4377,4,4
2026-03-20,TBR,BOS,-159.0,132.2,0.6139,0.4307,0.5877,2,0
2026-03-21,ARI,TEX,-130.5,75.7,0.5662,0.5693,0.4986,5,2
2026-03-21,BAL,PHI,-142.0,117.5,0.5868,0.4598,0.5607,10,8
2026-03-21,BOS,ATL,-131.7,109.7,0.5683,0.4769,0.5437,1,6
2026-03-21,CIN,CHW,-133.3,110.5,0.5714,0.4751,0.546,11,7
2026-03-21,DET,NYY,-145.3,119.8,0.5924,0.4549,0.5656,3,1
2026-03-21,KCR,COL,-158.3,130.5,0.6129,0.4338,0.5855,6,5
2026-03-21,LAD,OAK,-153.3,126.7,0.6053,0.4412,0.5784,5,5
2026-03-21,MIL,SDP,-143.0,85.2,0.5885,0.5401,0.5215,6,1
2026-03-21,PIT,TOR,-125.3,71.0,0.5562,0.5848,0.4875,8,3
2026-03-21,SEA,CHC,-160.0,99.7,0.6154,0.5008,0.5513,1,7
2026-03-21,SFG,CLE,-153.0,94.2,0.6047,0.515,0.5401,10,7
2026-03-21,STL,MIA,32.8,-119.8,0.7528,0.5451,0.58,7,4
2026-03-21,TBR,MIN,109.8,-131.8,0.4766,0.5687,0.4559,3,2
2026-03-22,BAL,WSN,-168.7,139.2,0.6278,0.4181,0.6002,8,1
2026-03-22,CHC,MIL,-192.2,159.0,0.6577,0.3861,0.6301,12,0
2026-03-22,CHW,SEA,-65.0,-123.3,0.3939,0.5522,0.4163,2,4
2026-03-22,CLE,CIN,-125.3,104.3,0.5562,0.4894,0.532,8,2
2026-03-22,COL,OAK,110.3,-131.5,0.4754,0.568,0.4556,6,5
2026-03-22,HOU,STL,-138.0,116.7,0.5798,0.4615,0.5568,2,3
2026-03-22,LAA,LAD,154.7,-188.8,0.3927,0.6538,0.3752,5,13
2026-03-22,MIA,NYM,93.0,-152.8,0.5181,0.6045,0.4615,4,3
2026-03-22,MIN,ATL,-131.0,110.0,0.5671,0.4762,0.5436,7,3
2026-03-22,NYY,PHI,-134.3,112.7,0.5733,0.4702,0.5494,6,2
2026-03-22,PIT,BOS,-115.5,-105.0,0.536,0.5122,0.5113,3,6
2026-03-22,SDP,ARI,-156.0,130.2,0.6094,0.4345,0.5838,1,11
2026-03-22,TOR,TBR,-175.0,144.8,0.6364,0.4084,0.6091,14,1
2026-03-23,ARI,CLE,-132.2,110.8,0.5693,0.4743,0.5455,0,7
2026-03-23,BOS,MIN,-162.2,135.2,0.6186,0.4252,0.5926,6,9
2026-03-23,CHC,NYY,-119.2,-34.7,0.5437,0.2574,0.6787,15,6
2026-03-23,COL,DET,119.0,-141.0,0.4566,0.5851,0.4383,6,5
2026-03-23,LAD,LAA,-162.8,135.5,0.6195,0.4246,0.5933,7,7
2026-03-23,MIL,CIN,-132.2,76.7,0.5693,0.566,0.5014,9,1
2026-03-23,OAK,CHW,-130.7,108.5,0.5665,0.4796,0.5415,10,9
2026-03-23,PHI,TBR,-184.8,153.2,0.6489,0.395,0.6216,0,7
2026-03-23,PIT,ATL,117.7,-141.0,0.4594,0.5851,0.4399,2,5
2026-03-23,SDP,SEA,77.3,-133.2,0.5639,0.5711,0.4968,10,3
2026-03-23,TEX,KCR,-126.7,105.7,0.5588,0.4862,0.5347,3,2
2026-03-23,WSN,BAL,123.2,-148.5,0.4481,0.5976,0.4285,0,2
2026-03-24,ARI,CLE,-126.8,72.5,0.5591,0.5797,0.491,5,10
2026-03-24,ATL,TBR,-171.7,142.8,0.6319,0.4118,0.6054,3,2
2026-03-24,CHC,NYY,-121.7,32.0,0.5489,0.7576,0.4201,3,8
2026-03-24,COL,DET,129.8,-159.3,0.4351,0.6144,0.4146,8,11
2026-03-24,LAD,LAA,-273.7,220.8,0.7324,0.3117,0.7015,0,3
2026-03-24,MIL,CIN,-119.2,-70.0,0.5437,0.4118,0.5691,4,1
2026-03-24,MIN,BOS,125.2,-151.7,0.4441,0.6026,0.4243,15,6
2026-03-24,TEX,KCR,-140.7,118.2,0.5845,0.4584,0.5605,4,1
2026-03-25,SFG,NYY,36.5,-122.2,0.7326,0.5499,0.5712,0,7
2026-03-26,BAL,MIN,-145.5,122.3,0.5927,0.4498,0.5685,2,1
2026-03-26,CHC,WSN,-213.7,174.2,0.6812,0.3647,0.6513,4,10
2026-03-26,CIN,BOS,134.0,-161.0,0.4274,0.6169,0.4093,0,3
2026-03-26,HOU,LAA,-185.8,153.2,0.6501,0.395,0.6221,0,3
2026-03-26,LAD,ARI,-272.7,218.8,0.7317,0.3136,0.7,8,2
2026-03-26,MIL,CHW,-197.2,160.8,0.6635,0.3834,0.6338,14,2
2026-03-26,NYM,PIT,-122.7,37.2,0.5509,0.729,0.4304,11,7
2026-03-26,PHI,TEX,-160.7,133.8,0.6164,0.4277,0.5904,5,3
2026-03-26,SDP,DET,108.5,-130.3,0.4796,0.5658,0.4588,2,8
2026-03-26,SEA,CLE,-183.5,152.0,0.6473,0.3968,0.6199,4,6
2026-03-26,STL,TBR,76.5,-130.8,0.5666,0.5668,0.4999,9,7
2026-03-27,ATL,KCR,-145.7,120.7,0.5929,0.4532,0.5668,6,0
2026-03-27,HOU,LAA,-169.5,139.8,0.6289,0.417,0.6013,2,6
2026-03-27,LAD,ARI,-240.0,194.2,0.7059,0.3399,0.675,5,4
2026-03-27,MIA,COL,-191.5,157.7,0.6569,0.3881,0.6286,2,1
2026-03-27,SDP,DET,-131.3,75.8,0.5677,0.5687,0.4996,2,5
2026-03-27,SEA,CLE,-173.3,143.0,0.6341,0.4115,0.6065,5,1
2026-03-27,SFG,NYY,111.7,-133.2,0.4724,0.5711,0.4527,0,3
2026-03-27,TOR,OAK,-184.3,150.0,0.6483,0.4,0.6184,3,2
2026-03-28,ATL,KCR,-147.5,121.8,0.596,0.4508,0.5693,6,2
2026-03-28,BAL,MIN,-161.8,135.0,0.6181,0.4255,0.5922,1,4
2026-03-28,CHC,WSN,-247.7,198.7,0.7124,0.3348,0.6803,10,2
2026-03-28,CIN,BOS,116.5,-140.0,0.4619,0.5833,0.4419,6,5
2026-03-28,HOU,LAA,-139.5,118.0,0.5825,0.4587,0.5594,11,9
2026-03-28,LAD,ARI,-244.8,197.7,0.71,0.3359,0.6788,3,2
2026-03-28,MIA,COL,-194.8,159.7,0.6608,0.3851,0.6318,4,3
2026-03-28,MIL,CHW,-197.7,162.0,0.6641,0.3817,0.635,6,1
2026-03-28,NYM,PIT,-174.7,145.0,0.6359,0.4082,0.6091,4,2
2026-03-28,PHI,TEX,-145.8,121.0,0.5932,0.4525,0.5673,4,5
2026-03-28,SDP,DET,-109.8,-108.7,0.5234,0.5208,0.5013,3,0
2026-03-28,SEA,CLE,-184.3,152.2,0.6483,0.3966,0.6205,5,6
2026-03-28,SFG,NYY,72.8,-127.7,0.5786,0.5608,0.5078,1,3
2026-03-28,STL,TBR,-107.3,-112.2,0.5177,0.5287,0.4947,6,5
2026-03-28,TOR,OAK,-191.5,156.7,0.6569,0.3896,0.6277,8,7
2026-03-29,ATL,KCR,-154.2,126.3,0.6066,0.4418,0.5786,1,4
2026-03-29,BAL,MIN,-155.8,130.2,0.6091,0.4345,0.5837,8,6
2026-03-29,CHC,WSN,-246.2,198.7,0.7111,0.3348,0.6799,3,6
2026-03-29,CIN,BOS,114.5,-136.0,0.4662,0.5763,0.4472,3,2
2026-03-29,HOU,LAA,-175.0,146.0,0.6364,0.4065,0.6102,9,7
2026-03-29,MIA,COL,-188.8,153.7,0.6538,0.3942,0.6238,4,3
2026-03-29,MIL,CHW,-169.2,140.7,0.6285,0.4155,0.602,9,7
2026-03-29,NYM,PIT,-181.8,150.3,0.6452,0.3995,0.6176,3,4
2026-03-29,PHI,TEX,-157.3,131.3,0.6114,0.4323,0.5858,3,8
2026-03-29,SEA,CLE,-153.2,127.0,0.605,0.4405,0.5787,8,0
2026-03-29,STL,TBR,-3.3,-115.0,0.0323,0.5349,0.0569,7,11
2026-03-29,TOR,OAK,-158.5,131.8,0.6132,0.4313,0.587,5,2
2026-03-30,ARI,DET,-120.7,35.5,0.5468,0.738,0.4256,9,6
2026-03-30,ATL,OAK,-127.7,73.2,0.5608,0.5775,0.4927,4,0
2026-03-30,BAL,TEX,-129.3,110.3,0.564,0.4754,0.5426,2,5
2026-03-30,CHC,LAA,-194.0,160.2,0.6599,0.3844,0.6319,7,2
2026-03-30,CIN,PIT,-133.3,110.7,0.5714,0.4747,0.5462,2,0
2026-03-30,HOU,BOS,74.3,-128.5,0.5736,0.5624,0.505,8,1
2026-03-30,KCR,MIN,-162.7,135.2,0.6193,0.4252,0.5929,3,1
2026-03-30,LAD,CLE,-186.7,153.3,0.6512,0.3947,0.6226,2,4
2026-03-30,MIA,CHW,-144.0,86.0,0.5902,0.5376,0.5233,4,9
2026-03-30,MIL,TBR,-158.0,132.2,0.6124,0.4307,0.5871,2,3
2026-03-30,PHI,WSN,-171.8,142.7,0.6321,0.4121,0.6054,2,13
2026-03-30,SDP,SFG,-116.5,-104.0,0.5381,0.5098,0.5135,2,3
2026-03-30,SEA,NYY,-71.5,-115.5,0.4169,0.536,0.4375,2,1
2026-03-30,STL,NYM,125.3,-150.8,0.4438,0.6013,0.4246,2,4
2026-03-30,TOR,COL,-291.2,232.2,0.7444,0.3011,0.712,5,14
2026-03-31,ARI,DET,-112.7,-107.0,0.5298,0.5169,0.5061,7,5
2026-03-31,ATL,OAK,-153.3,127.0,0.6053,0.4405,0.5788,2,5
2026-03-31,BAL,TEX,106.5,-127.2,0.4843,0.5598,0.4638,5,8
2026-03-31,CHC,LAA,-141.5,117.7,0.5859,0.4594,0.5605,0,2
2026-03-31,CIN,PIT,35.2,-122.7,0.7398,0.5509,0.5732,3,8
2026-03-31,HOU,BOS,-147.5,124.0,0.596,0.4464,0.5717,9,2
2026-03-31,LAD,CLE,-271.3,218.5,0.7307,0.314,0.6995,4,1
2026-03-31,MIA,CHW,-150.7,125.0,0.6011,0.4444,0.5749,9,2
2026-03-31,MIL,TBR,-128.0,107.8,0.5614,0.4812,0.5385,6,2
2026-03-31,PHI,WSN,-188.3,154.8,0.6532,0.3924,0.6247,3,2
2026-03-31,SDP,SFG,114.5,-136.3,0.4662,0.5769,0.447,3,9
2026-03-31,SEA,NYY,-71.3,-114.0,0.4163,0.5327,0.4387,0,5
2026-03-31,STL,NYM,127.5,-153.5,0.4396,0.6055,0.4206,3,0
2026-03-31,TOR,COL,-267.0,214.0,0.7275,0.3185,0.6955,5,1
2026-04-01,ARI,DET,132.0,-157.5,0.431,0.6117,0.4134,1,0
2026-04-01,ATL,OAK,-223.3,180.8,0.6907,0.3561,0.6598,5,1
2026-04-01,BAL,TEX,-116.2,-104.0,0.5374,0.5098,0.5132,8,3
2026-04-01,CHC,LAA,-165.0,139.5,0.6226,0.4175,0.5986,6,2
2026-04-01,CIN,PIT,124.2,-149.0,0.4461,0.5984,0.4271,3,8
2026-04-01,HOU,BOS,122.5,-146.8,0.4494,0.5949,0.4304,6,4
2026-04-01,KCR,MIN,-71.2,-115.2,0.4158,0.5352,0.4372,13,9
2026-04-01,LAD,CLE,-284.7,229.8,0.74,0.3032,0.7094,1,4
2026-04-01,MIA,CHW,-148.3,123.2,0.5973,0.4481,0.5714,10,0
2026-04-01,MIL,TBR,-141.0,117.7,0.5851,0.4594,0.5601,8,2
2026-04-01,PHI,WSN,-279.8,225.5,0.7367,0.3072,0.7057,6,5
2026-04-01,SDP,SFG,-155.0,129.3,0.6078,0.436,0.5823,7,1
2026-04-01,SEA,NYY,-119.2,-0.7,0.5437,0.0066,0.988,3,5
2026-04-01,STL,NYM,138.7,-168.3,0.419,0.6273,0.4004,2,1
2026-04-01,TOR,COL,-285.0,226.3,0.7403,0.3064,0.7072,1,2
2026-04-02,ARI,ATL,-70.3,-115.5,0.4129,0.536,0.4352,2,17
2026-04-02,KCR,MIN,-154.5,128.0,0.6071,0.4386,0.5806,1,5
2026-04-02,SFG,NYM,103.5,-123.8,0.4914,0.5532,0.4704,7,2
2026-04-03,ARI,ATL,-111.2,-111.7,0.5264,0.5276,0.4995,0,2
2026-04-03,BOS,SDP,-127.0,104.5,0.5595,0.489,0.5336,5,2
2026-04-03,CHW,TOR,166.7,-203.2,0.375,0.6701,0.3588,5,4
2026-04-03,CLE,CHC,-39.7,-114.8,0.284,0.5345,0.347,4,1
2026-04-03,COL,PHI,160.5,-196.7,0.3839,0.6629,0.3667,1,10
2026-04-03,DET,STL,-179.8,148.8,0.6426,0.4019,0.6153,4,0
2026-04-03,LAA,SEA,133.0,-160.0,0.4292,0.6154,0.4109,1,3
2026-04-03,MIN,TBR,-115.7,-107.3,0.5363,0.5177,0.5088,10,4
2026-04-03,NYY,MIA,-164.8,137.0,0.6224,0.4219,0.596,8,2
2026-04-03,OAK,HOU,-109.8,-109.3,0.5234,0.5223,0.5005,11,4
2026-04-03,PIT,BAL,-1.0,-119.8,0.0099,0.5451,0.0178,5,4
2026-04-03,SFG,NYM,110.8,-132.8,0.4743,0.5705,0.454,3,10
2026-04-03,TEX,CIN,-169.5,140.5,0.6289,0.4158,0.602,3,5
2026-04-03,WSN,LAD,223.5,-279.3,0.3091,0.7364,0.2957,6,13
2026-04-04,ARI,ATL,-112.0,-105.5,0.5283,0.5134,0.5072,2,1
2026-04-04,BOS,SDP,-147.3,122.2,0.5957,0.4501,0.5696,2,3
2026-04-04,CHW,TOR,126.8,-155.2,0.4409,0.6081,0.4203,6,3
2026-04-04,COL,PHI,202.8,-251.7,0.3302,0.7156,0.3157,1,2
2026-04-04,DET,STL,-166.0,135.5,0.6241,0.4246,0.5951,11,6
2026-04-04,KCR,MIL,-74.0,-79.0,0.4253,0.4413,0.4907,2,5
2026-04-04,LAA,SEA,132.5,-159.8,0.4301,0.6151,0.4115,1,0
2026-04-04,MIN,TBR,-110.0,-76.8,0.5238,0.4345,0.5466,1,7
2026-04-04,NYY,MIA,-181.7,163.0,0.645,0.3802,0.6291,9,7
2026-04-04,OAK,HOU,-115.3,-105.8,0.5356,0.5142,0.5102,0,11
2026-04-04,PIT,BAL,-78.8,-107.5,0.4408,0.5181,0.4597,3,2
2026-04-04,SFG,NYM,-80.2,-73.5,0.445,0.4236,0.5123,0,9
2026-04-04,TEX,CIN,-143.7,120.3,0.5896,0.4539,0.565,0,2
2026-04-04,WSN,LAD,245.7,-315.7,0.2893,0.7594,0.2759,5,10
2026-04-05,ARI,ATL,-109.3,-110.0,0.5223,0.5238,0.4993,6,5
2026-04-05,BOS,SDP,-159.5,129.8,0.6146,0.4351,0.5855,6,8
2026-04-05,CHW,TOR,135.0,-165.5,0.4255,0.6234,0.4057,3,0
2026-04-05,CLE,CHC,108.3,-131.2,0.48,0.5674,0.4583,0,1
2026-04-05,COL,PHI,130.3,-159.0,0.4342,0.6139,0.4142,4,1
2026-04-05,DET,STL,-143.8,118.8,0.5899,0.457,0.5635,3,5
2026-04-05,KCR,MIL,-127.3,104.3,0.5601,0.4894,0.5337,5,8
2026-04-05,LAA,SEA,138.5,-166.5,0.4193,0.6248,0.4016,8,7
2026-04-05,MIN,TBR,-119.7,-37.8,0.5448,0.2745,0.665,1,4
2026-04-05,NYY,MIA,-301.2,240.5,0.7507,0.2937,0.7188,6,7
2026-04-05,OAK,HOU,73.0,-127.8,0.578,0.5611,0.5074,12,10
2026-04-05,PIT,BAL,-122.7,67.3,0.5509,0.5976,0.4797,8,2
2026-04-05,SFG,NYM,-122.8,68.8,0.5512,0.5923,0.482,2,5
2026-04-05,TEX,CIN,-123.3,36.3,0.5522,0.7335,0.4295,1,2
2026-04-05,WSN,LAD,148.0,-180.3,0.4032,0.6433,0.3853,6,8
2026-04-06,BOS,MIL,71.3,-125.2,0.5837,0.5559,0.5122,6,8
2026-04-06,CHW,BAL,118.3,-145.0,0.458,0.5918,0.4363,1,2
2026-04-06,CLE,KCR,-84.3,-34.2,0.4575,0.2547,0.6424,2,4
2026-04-06,COL,HOU,139.7,-169.5,0.4172,0.6289,0.3988,9,7
2026-04-06,LAA,ATL,142.3,-176.7,0.4127,0.6386,0.3926,6,2
2026-04-06,MIA,CIN,-91.2,110.0,0.4769,0.4762,0.5004,0,2
2026-04-06,MIN,DET,-125.0,104.8,0.5556,0.4882,0.5323,7,3
2026-04-06,PIT,SDP,-135.3,113.2,0.5751,0.4691,0.5507,0,5
2026-04-06,SFG,PHI,-37.8,-116.8,0.2745,0.5388,0.3375,4,6
2026-04-06,TBR,CHC,-123.5,102.7,0.5526,0.4934,0.5283,6,4
2026-04-06,TEX,SEA,-116.0,-1.7,0.537,0.0164,0.9704,2,1
2026-04-06,TOR,LAD,111.0,-134.7,0.4739,0.5739,0.4523,2,14
2026-04-06,WSN,STL,-105.3,-114.5,0.513,0.5338,0.4901,9,6
2026-04-07,BOS,MIL,-165.2,134.8,0.6229,0.4258,0.5939,3,2
2026-04-07,CHW,BAL,124.0,-149.0,0.4464,0.5984,0.4273,2,4
2026-04-07,CLE,KCR,-122.3,35.2,0.5502,0.7398,0.4265,2,1
2026-04-07,COL,HOU,144.2,-177.8,0.4096,0.6401,0.3902,5,1
2026-04-07,LAA,ATL,108.2,-128.8,0.4804,0.563,0.4604,2,7
2026-04-07,MIA,CIN,-136.3,114.5,0.5769,0.4662,0.553,3,6
2026-04-07,MIN,DET,141.0,-171.0,0.4149,0.631,0.3967,4,2
2026-04-07,NYM,ARI,-153.7,127.2,0.6058,0.4402,0.5791,4,3
2026-04-07,NYY,OAK,-253.3,204.2,0.717,0.3288,0.6856,5,3
2026-04-07,PIT,SDP,-148.3,124.2,0.5973,0.4461,0.5725,7,1
2026-04-07,SFG,PHI,126.2,-153.7,0.4422,0.6058,0.4219,6,0
2026-04-07,TBR,CHC,-122.2,1.3,0.5499,0.9868,0.3578,2,9
2026-04-07,TEX,SEA,-34.8,-116.7,0.2583,0.5385,0.3242,3,2
2026-04-07,TOR,LAD,128.0,-158.0,0.4386,0.6124,0.4173,1,4
2026-04-07,WSN,STL,-114.0,-106.2,0.5327,0.515,0.5085,6,7
2026-04-08,BOS,MIL,-140.8,115.7,0.5848,0.4637,0.5578,5,0
2026-04-08,CHW,BAL,132.8,-160.0,0.4295,0.6154,0.411,3,5
2026-04-08,CLE,KCR,109.0,-130.3,0.4785,0.5658,0.4582,10,2
2026-04-08,COL,HOU,128.3,-153.5,0.438,0.6055,0.4197,9,1
2026-04-08,LAA,ATL,107.5,-128.3,0.4819,0.562,0.4616,2,8
2026-04-08,MIA,CIN,-130.0,108.7,0.5652,0.4792,0.5412,7,4
2026-04-08,MIN,DET,128.8,-154.2,0.437,0.6066,0.4188,8,6
2026-04-08,NYM,ARI,-140.0,116.7,0.5833,0.4615,0.5583,2,7
2026-04-08,NYY,OAK,-196.5,160.3,0.6627,0.3841,0.6331,2,3
2026-04-08,PIT,SDP,-1.7,-119.2,0.0164,0.5437,0.0293,2,8
2026-04-08,SFG,PHI,112.2,-133.3,0.4713,0.5714,0.452,5,0
2026-04-08,TBR,CHC,-111.5,-108.2,0.5272,0.5196,0.5036,2,6
2026-04-08,TEX,SEA,36.2,-123.2,0.7344,0.5519,0.5709,3,0
2026-04-08,TOR,LAD,130.7,-156.8,0.4335,0.6106,0.4152,4,3
2026-04-08,WSN,STL,103.8,-124.3,0.4906,0.5542,0.4695,1,6
2026-04-09,KCR,CHW,-182.7,151.3,0.6462,0.3979,0.6189,0,2
2026-04-09,MIA,CIN,-125.2,104.8,0.5559,0.4882,0.5324,8,1
2026-04-09,MIN,DET,115.5,-138.2,0.464,0.5801,0.4444,3,1
2026-04-09,NYM,ARI,-178.0,147.5,0.6403,0.404,0.6131,1,7
2026-04-09,NYY,OAK,-203.2,165.8,0.6701,0.3762,0.6405,0,1
2026-04-09,SDP,COL,-183.8,151.5,0.6477,0.3976,0.6196,7,3
2026-04-10,ATL,CLE,-137.3,115.0,0.5787,0.4651,0.5544,11,5
2026-04-10,BAL,SFG,-120.2,36.8,0.5458,0.7308,0.4275,3,6
2026-04-10,CHC,PIT,-151.3,125.7,0.6021,0.4431,0.5761,0,2
2026-04-10,CIN,LAA,-177.0,146.0,0.639,0.4065,0.6112,2,10
2026-04-10,DET,MIA,-136.3,114.3,0.5769,0.4666,0.5529,2,0
2026-04-10,KCR,CHW,-186.5,154.3,0.651,0.3932,0.6234,2,0
2026-04-10,LAD,TEX,-225.0,182.0,0.6923,0.3546,0.6613,8,7
2026-04-10,MIL,WSN,-205.3,167.8,0.6725,0.3734,0.643,3,7
2026-04-10,NYM,OAK,-148.8,123.8,0.5981,0.4468,0.5724,0,4
2026-04-10,PHI,ARI,-179.3,148.2,0.642,0.403,0.6144,4,5
2026-04-10,SDP,COL,-180.8,148.8,0.6439,0.4019,0.6157,5,2
2026-04-10,SEA,HOU,-135.3,115.0,0.5751,0.4651,0.5529,9,6
2026-04-10,STL,BOS,114.5,-136.8,0.4662,0.5778,0.4466,3,2
2026-04-10,TBR,NYY,1.7,-122.0,0.9836,0.5495,0.6416,5,3
2026-04-10,TOR,MIN,-149.0,123.7,0.5984,0.4471,0.5724,10,4
2026-04-11,ATL,CLE,-118.2,-68.8,0.5416,0.4077,0.5705,0,6
2026-04-11,BAL,SFG,-0.2,-120.5,0.0017,0.5465,0.003,6,2
2026-04-11,CHC,PIT,-149.3,124.8,0.5989,0.4448,0.5739,3,4
2026-04-11,CIN,LAA,-128.8,71.3,0.563,0.5837,0.491,7,3
2026-04-11,DET,MIA,-142.7,119.0,0.5879,0.4566,0.5628,6,1
2026-04-11,KCR,CHW,-191.3,157.0,0.6568,0.3891,0.628,2,0
2026-04-11,LAD,TEX,-188.8,155.2,0.6538,0.3919,0.6252,6,3
2026-04-11,MIL,WSN,-177.5,146.7,0.6396,0.4054,0.6121,1,3
2026-04-11,NYM,OAK,-167.5,135.7,0.6262,0.4243,0.5961,6,11
2026-04-11,PHI,ARI,-128.2,106.8,0.5617,0.4835,0.5374,4,3
2026-04-11,SDP,COL,-168.7,139.2,0.6278,0.4181,0.6002,9,5
2026-04-11,SEA,HOU,-154.0,128.7,0.6063,0.4373,0.581,8,7
2026-04-11,STL,BOS,117.0,-140.0,0.4608,0.5833,0.4413,1,7
2026-04-11,TBR,NYY,148.7,-180.3,0.4021,0.6433,0.3847,5,4
2026-04-11,TOR,MIN,-121.3,67.5,0.5482,0.597,0.4787,4,7
2026-04-12,ATL,CLE,-191.8,158.2,0.6573,0.3873,0.6292,13,1
2026-04-12,BAL,SFG,-127.0,72.7,0.5595,0.5792,0.4914,6,2
2026-04-12,CHC,PIT,-133.0,112.2,0.5708,0.4713,0.5477,7,6
2026-04-12,CIN,LAA,-109.2,-110.8,0.5219,0.5257,0.4982,6,9
2026-04-12,DET,MIA,-187.5,153.7,0.6522,0.3942,0.6233,8,2
2026-04-12,KCR,CHW,-186.2,152.7,0.6506,0.3958,0.6217,5,6
2026-04-12,LAD,TEX,-132.7,110.2,0.5702,0.4758,0.5451,2,5
2026-04-12,MIL,WSN,-207.5,169.2,0.6748,0.3715,0.6449,6,8
2026-04-12,NYM,OAK,-169.7,139.5,0.6292,0.4175,0.6011,0,1
2026-04-12,PHI,ARI,-140.0,116.0,0.5833,0.463,0.5575,3,4
2026-04-12,SDP,COL,-225.2,183.7,0.6925,0.3525,0.6627,7,2
2026-04-12,SEA,HOU,-183.0,150.6,0.6466,0.399,0.6184,6,1
2026-04-12,STL,BOS,37.0,-124.5,0.7299,0.5546,0.5683,3,9
2026-04-12,TBR,NYY,119.2,-142.8,0.4563,0.5882,0.4368,5,4
2026-04-12,TOR,MIN,-131.8,42.7,0.5687,0.7009,0.4479,2,8
2026-04-13,ATL,MIA,-144.0,119.3,0.5902,0.4559,0.5642,4,10
2026-04-13,BAL,ARI,-130.3,109.7,0.5658,0.4769,0.5426,9,7
2026-04-13,LAD,NYM,-161.3,134.7,0.6173,0.4261,0.5916,4,0
2026-04-13,MIN,BOS,138.7,-143.0,0.419,0.5885,0.4159,13,6
2026-04-13,NYY,LAA,-181.7,151.3,0.645,0.3979,0.6185,11,10
2026-04-13,OAK,TEX,106.3,-127.3,0.4847,0.5601,0.4639,1,8
2026-04-13,PHI,CHC,-183.7,152.0,0.6475,0.3968,0.62,13,7
2026-04-13,PIT,WSN,-232.0,189.7,0.6988,0.3452,0.6693,16,5
2026-04-13,SEA,HOU,-177.3,147.3,0.6394,0.4043,0.6126,6,2
2026-04-13,STL,CLE,-35.0,-119.3,0.2593,0.5441,0.3227,3,9
2026-04-14,ATL,MIA,-153.3,129.3,0.6053,0.436,0.5813,6,5
2026-04-14,BAL,ARI,-157.3,132.0,0.6114,0.431,0.5865,3,4
2026-04-14,CHW,TBR,114.3,-137.7,0.4666,0.5792,0.4461,5,8
2026-04-14,CIN,SFG,-116.3,-104.3,0.5378,0.5106,0.5129,2,1
2026-04-14,DET,KCR,-124.7,105.3,0.5549,0.487,0.5326,2,1
2026-04-14,HOU,COL,-183.7,152.3,0.6475,0.3963,0.6203,7,6
2026-04-14,LAD,NYM,-197.3,164.0,0.6637,0.3788,0.6366,2,1
2026-04-14,MIL,TOR,-122.3,103.0,0.5502,0.4926,0.5276,7,9
2026-04-14,MIN,BOS,117.3,-140.3,0.4601,0.5839,0.4407,6,0
2026-04-14,NYY,LAA,-173.3,143.3,0.6341,0.411,0.6068,1,7
2026-04-14,OAK,TEX,38.0,-125.7,0.7246,0.5569,0.5655,2,1
2026-04-14,PHI,CHC,-137.7,118.0,0.5792,0.4587,0.5581,4,10
2026-04-14,PIT,WSN,-182.7,152.0,0.6462,0.3968,0.6196,4,5
2026-04-14,SDP,SEA,33.3,-120.0,0.75,0.5455,0.5789,4,1
2026-04-14,STL,CLE,37.7,-125.7,0.7264,0.5569,0.5661,6,5
2026-04-15,ATL,MIA,-163.3,136.3,0.6203,0.4231,0.5945,6,3
2026-04-15,BAL,ARI,-145.0,121.0,0.5918,0.4525,0.5667,5,8
2026-04-15,CHW,TBR,-111.3,-109.0,0.5268,0.5215,0.5025,3,8
2026-04-15,CIN,SFG,-107.0,-112.7,0.5169,0.5298,0.4939,8,3
2026-04-15,DET,KCR,-126.7,-30.3,0.5588,0.2327,0.706,2,1
2026-04-15,HOU,COL,-192.0,159.0,0.6575,0.3861,0.63,3,1
2026-04-15,LAD,NYM,-202.0,167.7,0.6689,0.3736,0.6416,8,2
2026-04-15,MIL,TOR,36.3,-123.3,0.7335,0.5522,0.5705,2,1
2026-04-15,MIN,BOS,113.7,-135.3,0.468,0.5751,0.4487,5,9
2026-04-15,NYY,LAA,-195.3,161.3,0.6614,0.3827,0.6335,5,4
2026-04-15,OAK,TEX,-117.3,-103.0,0.5399,0.5074,0.5155,6,5
2026-04-15,PHI,CHC,-137.7,115.0,0.5792,0.4651,0.5546,2,11
2026-04-15,PIT,WSN,-176.3,146.0,0.6381,0.4065,0.6109,2,0
2026-04-15,SDP,SEA,-110.7,-109.3,0.5253,0.5223,0.5014,7,6
2026-04-15,STL,CLE,-112.3,-108.0,0.529,0.5192,0.5047,5,3
2026-04-16,CHW,TBR,40.0,-127.3,0.7143,0.5601,0.5605,3,5
2026-04-16,CIN,SFG,-123.0,103.7,0.5516,0.491,0.529,0,3
2026-04-16,CLE,BAL,-134.7,113.3,0.5739,0.4688,0.5504,4,2
2026-04-16,DET,KCR,-37.0,-115.0,0.2701,0.5349,0.3355,10,9
2026-04-16,HOU,COL,-176.7,146.3,0.6386,0.406,0.6113,2,3
2026-04-16,MIL,TOR,-118.0,-34.7,0.5413,0.2574,0.6777,2,1
2026-04-16,NYY,LAA,-292.3,233.0,0.7451,0.3003,0.7127,4,11
2026-04-16,OAK,TEX,-107.3,-113.0,0.5177,0.5305,0.4939,6,9
2026-04-16,PIT,WSN,-166.3,138.3,0.6245,0.4196,0.5981,7,8
2026-04-16,SDP,SEA,31.0,-118.3,0.7634,0.542,0.5848,5,2
2026-04-17,ARI,TOR,-139.0,116.3,0.5816,0.4622,0.5572,6,3
2026-04-17,BOS,DET,-127.0,106.7,0.5595,0.4839,0.5362,1,0
2026-04-17,CHC,NYM,-145.7,122.0,0.5929,0.4505,0.5683,12,4
2026-04-17,CLE,BAL,-134.7,46.0,0.5739,0.6849,0.4559,4,6
2026-04-17,COL,LAD,250.7,-315.3,0.2852,0.7592,0.273,1,7
2026-04-17,HOU,STL,-127.7,106.3,0.5608,0.4847,0.5364,4,9
2026-04-17,LAA,SDP,-132.7,111.0,0.5702,0.4739,0.5461,8,0
2026-04-17,MIA,MIL,-115.3,-105.0,0.5356,0.5122,0.5112,5,7
2026-04-17,MIN,CIN,-171.0,142.0,0.631,0.4132,0.6043,1,2
2026-04-17,NYY,KCR,-172.3,143.0,0.6328,0.4115,0.6059,4,2
2026-04-17,OAK,CHW,-155.0,130.0,0.6078,0.4348,0.583,2,9
2026-04-17,PHI,ATL,-107.0,-112.7,0.5169,0.5298,0.4939,0,9
2026-04-17,PIT,TBR,-132.3,111.3,0.5696,0.4732,0.5462,5,1
2026-04-17,SEA,TEX,-129.0,41.3,0.5633,0.7075,0.4433,0,5
2026-04-17,WSN,SFG,125.3,-150.3,0.4438,0.6005,0.425,5,10
2026-04-18,ARI,TOR,-145.8,87.7,0.5932,0.5329,0.5268,6,2
2026-04-18,BOS,DET,129.2,-155.7,0.4364,0.6089,0.4175,1,4
2026-04-18,CHC,NYM,-114.3,-105.8,0.5334,0.5142,0.5092,4,2
2026-04-18,CLE,BAL,-137.7,81.2,0.5792,0.552,0.5121,4,2
2026-04-18,COL,LAD,231.5,-289.3,0.3017,0.7432,0.2887,4,3
2026-04-18,HOU,STL,-149.2,123.7,0.5987,0.4471,0.5725,5,7
2026-04-18,LAA,SDP,-108.5,-111.5,0.5204,0.5272,0.4968,1,4
2026-04-18,MIA,MIL,-117.0,-103.7,0.5392,0.509,0.5144,2,5
2026-04-18,MIN,CIN,-131.7,109.3,0.5683,0.4777,0.5433,4,5
2026-04-18,NYY,KCR,-161.2,133.2,0.6171,0.4289,0.59,13,4
2026-04-18,OAK,CHW,-162.0,133.2,0.6183,0.4289,0.5905,7,6
2026-04-18,PHI,ATL,-125.8,105.2,0.5572,0.4874,0.5334,1,3
2026-04-18,PIT,TBR,-158.8,132.0,0.6137,0.431,0.5874,7,8
2026-04-18,SEA,TEX,-138.3,115.8,0.5804,0.4633,0.5561,7,3
2026-04-18,WSN,SFG,-107.2,-112.7,0.5173,0.5298,0.494,6,7
2026-04-19,ARI,TOR,-69.5,-117.2,0.41,0.5395,0.4318,4,10
2026-04-19,BOS,DET,-142.7,119.3,0.5879,0.4559,0.5632,2,6
2026-04-19,CHC,NYM,-135.7,79.8,0.5757,0.5561,0.5087,2,1
2026-04-19,CLE,BAL,-120.3,0.0,0.5461,0.0,1.0,8,4
2026-04-19,COL,LAD,184.3,-226.2,0.3517,0.6934,0.3365,9,6
2026-04-19,HOU,STL,-142.7,120.2,0.5879,0.4542,0.5642,5,7
2026-04-19,LAA,SDP,86.2,-144.2,0.5372,0.5904,0.4764,1,2
2026-04-19,MIA,MIL,-110.3,-109.7,0.5246,0.5231,0.5007,5,3
2026-04-19,MIN,CIN,-120.8,0.5,0.5472,0.995,0.3548,4,7
2026-04-19,NYY,KCR,-149.3,123.8,0.5989,0.4468,0.5728,7,0
2026-04-19,OAK,CHW,-157.5,131.7,0.6117,0.4317,0.5863,4,7
2026-04-19,PHI,ATL,-107.3,-112.5,0.5177,0.5294,0.4944,2,4
2026-04-19,PIT,TBR,-113.8,-73.2,0.5323,0.4225,0.5575,6,3
2026-04-19,SEA,TEX,-142.2,118.8,0.5871,0.457,0.5623,5,2
2026-04-19,WSN,SFG,119.7,-143.8,0.4552,0.5899,0.4356,3,0
2026-04-20,BOS,DET,-135.8,113.0,0.576,0.4695,0.5509,8,6
2026-04-20,CHC,PHI,-112.5,-107.5,0.5294,0.5181,0.5054,5,1
2026-04-20,CLE,HOU,-132.0,77.0,0.569,0.565,0.5018,2,9
2026-04-20,COL,LAD,181.5,-224.0,0.3552,0.6914,0.3394,3,12
2026-04-20,KCR,BAL,-106.3,-114.3,0.5153,0.5334,0.4914,5,7
2026-04-20,LAA,TOR,-104.2,-116.5,0.5102,0.5381,0.4867,2,5
2026-04-20,MIA,STL,-134.5,113.8,0.5736,0.4677,0.5509,5,3
2026-04-20,SEA,OAK,-146.7,121.3,0.5946,0.4518,0.5682,4,6
2026-04-20,TBR,CIN,-123.8,71.3,0.5532,0.5837,0.4866,1,6
2026-04-20,WSN,ATL,129.2,-156.2,0.4364,0.6096,0.4172,4,9
2026-04-21,ARI,CHW,-145.0,120.7,0.5918,0.4532,0.5663,5,11
2026-04-21,BOS,NYY,-120.7,66.5,0.5468,0.6006,0.4766,0,4
2026-04-21,CHC,PHI,-128.3,106.3,0.562,0.4847,0.537,7,4
2026-04-21,CLE,HOU,-150.2,125.5,0.6003,0.4435,0.5751,8,5
2026-04-21,COL,SDP,124.3,-149.5,0.4458,0.5992,0.4266,0,1
2026-04-21,DET,MIL,-114.8,-105.0,0.5345,0.5122,0.5107,4,12
2026-04-21,KCR,BAL,-128.0,107.2,0.5614,0.4827,0.5377,6,5
2026-04-21,LAA,TOR,-115.3,-36.0,0.5356,0.2647,0.6692,2,4
2026-04-21,MIA,STL,-119.3,-34.5,0.5441,0.2565,0.6796,3,5
2026-04-21,NYM,MIN,-164.7,137.3,0.6222,0.4213,0.5962,3,5
2026-04-21,SEA,OAK,-168.7,140.2,0.6278,0.4164,0.6012,2,5
2026-04-21,SFG,LAD,149.7,-180.7,0.4005,0.6437,0.3836,3,1
2026-04-21,TBR,CIN,-106.5,-113.2,0.5157,0.5309,0.4928,6,12
2026-04-21,TEX,PIT,-117.8,-68.7,0.5409,0.4071,0.5706,5,1
2026-04-21,WSN,ATL,128.7,-154.8,0.4373,0.6076,0.4185,11,4
2026-04-22,ARI,CHW,-154.0,128.3,0.6063,0.438,0.5806,11,7
2026-04-22,BOS,NYY,116.3,-138.3,0.4622,0.5804,0.4433,1,4
2026-04-22,CHC,PHI,-185.3,154.7,0.6495,0.3927,0.6232,7,2
2026-04-22,CLE,HOU,-152.0,127.7,0.6032,0.4392,0.5786,0,2
2026-04-22,COL,SDP,137.3,-164.0,0.4213,0.6212,0.4041,8,3
2026-04-22,DET,MIL,-134.3,113.3,0.5733,0.4688,0.5501,5,2
2026-04-22,KCR,BAL,-127.3,107.7,0.5601,0.4815,0.5377,6,8
2026-04-22,LAA,TOR,-151.3,126.3,0.6021,0.4418,0.5768,7,3
2026-04-22,MIA,STL,-142.7,119.0,0.5879,0.4566,0.5628,4,1
2026-04-22,NYM,MIN,-161.3,134.7,0.6173,0.4261,0.5916,3,2
2026-04-22,SEA,OAK,-197.7,163.0,0.6641,0.3802,0.6359,5,4
2026-04-22,SFG,LAD,176.0,-212.7,0.3623,0.6802,0.3476,3,0
2026-04-22,TBR,CIN,-136.3,115.3,0.5769,0.4644,0.554,6,1
2026-04-22,TEX,PIT,-104.3,-115.0,0.5106,0.5349,0.4884,4,8
2026-04-22,WSN,ATL,131.3,-156.0,0.4323,0.6094,0.415,6,8
2026-04-23,ARI,CHW,-146.3,122.7,0.594,0.4491,0.5695,1,4
2026-04-23,BOS,NYY,129.3,-155.7,0.436,0.6089,0.4173,2,4
2026-04-23,CHC,PHI,-35.0,-118.3,0.2593,0.542,0.3236,8,7
2026-04-23,COL,SDP,129.7,-155.7,0.4354,0.6089,0.417,8,10
2026-04-23,DET,MIL,-231.3,188.3,0.6982,0.3468,0.6681,5,4
2026-04-23,NYM,MIN,-116.7,-103.7,0.5385,0.509,0.5141,10,8
2026-04-23,SFG,LAD,129.3,-154.3,0.436,0.6068,0.4181,0,3
2026-04-23,TEX,PIT,-157.7,131.3,0.6119,0.4323,0.586,6,1
2026-04-23,WSN,ATL,114.7,-136.0,0.4658,0.5763,0.447,2,7
2026-04-24,ATL,PHI,-150.3,59.3,0.6005,0.6276,0.489,5,3
2026-04-24,BAL,BOS,-123.7,36.3,0.5529,0.7335,0.4298,10,3
2026-04-24,CHW,WSN,-128.3,107.0,0.562,0.4831,0.5378,5,4
2026-04-24,CIN,DET,-32.0,-121.7,0.2424,0.5489,0.3064,9,8
2026-04-24,HOU,NYY,127.7,-152.7,0.4392,0.6042,0.4209,4,12
2026-04-24,KCR,LAA,-116.0,-37.0,0.537,0.2701,0.6654,6,3
2026-04-24,LAD,CHC,-160.0,133.7,0.6154,0.428,0.5898,4,6
2026-04-24,MIL,PIT,-35.7,-118.3,0.2629,0.542,0.3266,0,6
2026-04-24,NYM,COL,-207.7,170.7,0.675,0.3695,0.6463,3,4
2026-04-24,SFG,MIA,-105.0,-115.3,0.5122,0.5356,0.4888,4,9
2026-04-24,STL,SEA,125.7,-151.3,0.4431,0.6021,0.4239,2,3
2026-04-24,TBR,MIN,-133.3,45.3,0.5714,0.6881,0.4537,6,2
2026-04-24,TEX,OAK,-145.0,121.0,0.5918,0.4525,0.5667,1,8
2026-04-24,TOR,CLE,32.7,-120.0,0.7538,0.5455,0.5802,6,8
2026-04-25,ARI,SDP,-112.0,-108.0,0.5283,0.5192,0.5043,4,6
2026-04-25,ATL,PHI,-128.7,108.3,0.5627,0.48,0.5396,5,8
2026-04-25,BAL,BOS,-123.0,36.7,0.5516,0.7317,0.4298,1,17
2026-04-25,CHW,WSN,-138.3,116.0,0.5804,0.463,0.5563,3,6
2026-04-25,CIN,DET,-111.0,-109.3,0.5261,0.5223,0.5018,9,2
2026-04-25,HOU,NYY,126.0,-150.7,0.4425,0.6011,0.424,3,8
2026-04-25,KCR,LAA,-139.7,116.7,0.5828,0.4615,0.558,12,1
2026-04-25,LAD,CHC,-128.0,114.0,0.5614,0.4673,0.5457,12,4
2026-04-25,MIL,PIT,-134.3,112.3,0.5733,0.471,0.549,3,6
2026-04-25,SFG,MIA,-118.3,-35.0,0.542,0.2593,0.6764,6,2
2026-04-25,STL,SEA,126.0,-151.0,0.4425,0.6016,0.4238,9,11
2026-04-25,TBR,MIN,-132.7,112.7,0.5702,0.4702,0.548,6,1
2026-04-25,TEX,OAK,-134.3,112.7,0.5733,0.4702,0.5494,4,3
2026-04-25,TOR,CLE,-146.0,122.3,0.5935,0.4498,0.5689,5,3
2026-04-26,ARI,SDP,62.5,-131.5,0.6154,0.568,0.52,12,7
2026-04-26,ATL,PHI,-201.2,169.8,0.668,0.3707,0.6431,6,2
2026-04-26,BAL,BOS,-136.5,117.2,0.5772,0.4603,0.5563,3,5
2026-04-26,CHW,WSN,-119.8,52.2,0.5449,0.6568,0.4535,1,2
2026-04-26,CIN,DET,-111.5,-106.2,0.5272,0.5152,0.5058,3,8
2026-04-26,HOU,NYY,114.0,-132.8,0.4673,0.5704,0.4503,7,4
2026-04-26,KCR,LAA,-114.0,-53.5,0.5327,0.3485,0.6045,11,9
2026-04-26,LAD,CHC,-122.2,104.8,0.5501,0.4884,0.5297,6,0
2026-04-26,MIL,PIT,-116.2,-1.2,0.5376,0.0123,0.9775,5,0
2026-04-26,NYM,COL,-223.5,185.5,0.6909,0.3503,0.6636,1,3
2026-04-26,SFG,MIA,-125.2,107.2,0.556,0.4825,0.5354,6,3
2026-04-26,STL,SEA,112.8,-131.2,0.47,0.5676,0.453,2,3
2026-04-26,TBR,MIN,-138.2,68.0,0.5803,0.5952,0.4936,4,2
2026-04-26,TEX,OAK,-114.5,-1.2,0.5338,0.0123,0.9774,1,2
2026-04-26,TOR,CLE,-122.8,105.0,0.5511,0.4878,0.5304,4,2
2026-04-27,CHW,LAA,-117.6,7.8,0.5403,0.9278,0.368,8,7
2026-04-27,CLE,TBR,-141.0,117.8,0.5851,0.4592,0.5603,2,3
2026-04-27,LAD,MIA,-308.0,243.8,0.7549,0.2909,0.7219,5,4
2026-04-27,MIN,SEA,82.7,-125.9,0.5474,0.5573,0.4955,11,4
2026-04-27,PIT,STL,-121.9,56.7,0.5493,0.6383,0.4625,2,4
2026-04-27,SDP,CHC,-95.8,8.0,0.4892,0.9259,0.3457,9,7
2026-04-27,TEX,NYY,140.3,-167.9,0.4161,0.6267,0.399,2,4
2026-04-27,TOR,BOS,-110.0,114.8,0.5238,0.4656,0.5294,0,5
2026-04-28,ATL,DET,-126.0,105.3,0.5575,0.487,0.5338,5,2
2026-04-28,BAL,HOU,-132.3,110.8,0.5696,0.4743,0.5456,5,3
2026-04-28,CHW,LAA,110.8,-132.3,0.4743,0.5696,0.4544,5,2
2026-04-28,CIN,COL,-200.3,163.8,0.667,0.379,0.6377,7,2
2026-04-28,CLE,TBR,-130.5,109.0,0.5662,0.4785,0.542,0,1
2026-04-28,LAD,MIA,-293.7,234.3,0.746,0.2991,0.7138,1,2
2026-04-28,MIL,ARI,-130.5,77.0,0.5662,0.565,0.5005,13,2
2026-04-28,MIN,SEA,38.3,-126.8,0.7229,0.5591,0.5639,1,7
2026-04-28,NYM,WSN,-181.8,149.7,0.6452,0.4005,0.617,8,0
2026-04-28,OAK,KCR,-74.0,-112.3,0.4253,0.529,0.4456,1,4
2026-04-28,PHI,SFG,-159.8,133.2,0.6151,0.4289,0.5892,7,0
2026-04-28,PIT,STL,-163.2,135.7,0.62,0.4243,0.5937,7,11
2026-04-28,SDP,CHC,-69.8,-119.5,0.4112,0.5444,0.4303,3,8
2026-04-28,TEX,NYY,-1.0,-119.7,0.0099,0.5448,0.0179,2,3
2026-04-28,TOR,BOS,-117.8,-69.3,0.5409,0.4094,0.5692,3,0
2026-04-29,ATL,DET,116.3,-140.1,0.4622,0.5835,0.442,4,3
2026-04-29,CHW,LAA,-34.9,-118.3,0.2586,0.542,0.3231,3,2
2026-04-29,CIN,COL,-154.6,128.3,0.6072,0.438,0.5809,2,13
2026-04-29,CLE,TBR,-118.6,-57.7,0.5425,0.3658,0.5973,3,1
2026-04-29,LAD,MIA,-253.9,204.0,0.7174,0.3289,0.6856,2,3
2026-04-29,MIL,ARI,-129.8,86.0,0.5648,0.5376,0.5123,2,6
2026-04-29,MIN,SEA,113.4,-136.1,0.4685,0.5765,0.4483,3,5
2026-04-29,NYM,WSN,-161.4,134.0,0.6175,0.4274,0.591,2,14
2026-04-29,OAK,KCR,-121.7,100.9,0.5489,0.4978,0.5244,5,2
2026-04-29,PIT,STL,-133.0,111.6,0.5708,0.4727,0.547,4,5
2026-04-29,SDP,CHC,-114.8,-82.2,0.5344,0.4512,0.5422,4,5
2026-04-29,TEX,NYY,-104.9,-115.8,0.5119,0.5366,0.4883,3,0
2026-04-29,TOR,BOS,-118.2,-58.1,0.5418,0.3675,0.5958,8,1
2026-04-30,ATL,DET,-124.7,37.0,0.5549,0.7299,0.4319,2,5
2026-04-30,BAL,HOU,-130.7,42.3,0.5665,0.7026,0.4464,10,3
2026-04-30,CIN,COL,-162.0,135.3,0.6183,0.4249,0.5927,6,4
2026-04-30,MIL,ARI,-127.0,107.0,0.5595,0.4831,0.5366,13,1
2026-04-30,MIN,TOR,114.0,-133.3,0.4673,0.5714,0.4499,7,1
2026-04-30,NYM,WSN,-199.7,165.3,0.6663,0.3769,0.6387,4,5
2026-04-30,OAK,KCR,-125.3,105.0,0.5562,0.4878,0.5328,6,3
2026-04-30,PHI,SFG,-150.7,126.3,0.6011,0.4418,0.5763,3,2
2026-04-30,PIT,STL,-244.0,198.3,0.7093,0.3352,0.6791,5,10
