date,year,home_team,away_team,home_score,away_score,home_win,home_ml,away_ml
2026-03-18,2026,ARI,CHC,16,8,1,-119.0,-52.0
2026-03-18,2026,ATL,PHI,3,2,1,-164.0,137.0
2026-03-18,2026,CIN,COL,6,8,0,,
2026-03-18,2026,LAA,CIN,7,4,1,,
2026-03-18,2026,LAD,SFG,5,1,1,-156.0,129.0
2026-03-18,2026,MIL,LAA,3,4,0,,
2026-03-18,2026,PIT,DET,3,1,1,-115.0,-105.0
2026-03-18,2026,SEA,MIL,7,3,1,,
2026-03-18,2026,STL,HOU,4,1,1,114.0,-138.0
2026-03-18,2026,TEX,KCR,12,3,1,-153.0,127.0
2026-03-18,2026,TOR,BAL,2,3,0,-133.0,110.0
2026-03-19,2026,BAL,PIT,5,2,1,,
2026-03-19,2026,BOS,MIN,4,2,1,-142.0,118.0
2026-03-19,2026,CHW,ARI,4,2,1,,
2026-03-19,2026,CLE,KCR,6,5,1,,
2026-03-19,2026,COL,SFG,11,14,0,128.0,-154.0
2026-03-19,2026,HOU,NYM,2,6,0,108.0,-130.0
2026-03-19,2026,KCR,LAA,3,4,0,,
2026-03-19,2026,MIL,TEX,11,4,1,-147.0,122.0
2026-03-19,2026,NYY,BAL,5,4,1,,
2026-03-19,2026,ATH,SEA,4,6,0,-133.0,60.0
2026-03-19,2026,PHI,TBR,8,2,1,-152.0,126.0
2026-03-19,2026,SDP,CHW,13,6,1,,
2026-03-19,2026,STL,WSN,5,1,1,-114.0,-106.0
2026-03-20,2026,ARI,MIL,8,7,1,-112.0,-108.0
2026-03-20,2026,ATL,PIT,8,1,1,-144.0,70.0
2026-03-20,2026,CHC,CIN,6,8,0,,
2026-03-20,2026,CLE,SEA,8,20,0,-108.0,-112.0
2026-03-20,2026,HOU,MIA,4,7,0,,
2026-03-20,2026,LAA,CHW,4,3,1,-136.0,113.0
2026-03-20,2026,LAD,SDP,4,3,1,,
2026-03-20,2026,MIA,WSN,3,2,1,,
2026-03-20,2026,MIN,TOR,1,2,0,-66.0,-5.0
2026-03-20,2026,NYM,STL,3,4,0,-129.0,108.0
2026-03-20,2026,NYY,BAL,3,1,1,-155.0,128.0
2026-03-20,2026,ATH,CHC,6,2,1,,
2026-03-20,2026,PHI,DET,4,4,0,-51.0,-120.0
2026-03-20,2026,SDP,COL,3,9,0,,
2026-03-20,2026,SFG,KCR,5,2,1,,
2026-03-20,2026,TEX,SFG,6,5,1,,
2026-03-21,2026,ARI,TEX,5,2,1,-131.0,60.0
2026-03-21,2026,BAL,PHI,10,8,1,-141.0,117.0
2026-03-21,2026,BOS,ATL,1,6,0,-134.0,112.0
2026-03-21,2026,CIN,CHW,11,7,1,-134.0,112.0
2026-03-21,2026,DET,NYY,3,1,1,-143.0,118.0
2026-03-21,2026,KCR,COL,6,5,1,-160.0,132.0
2026-03-21,2026,LAD,ATH,5,5,0,-152.0,126.0
2026-03-21,2026,MIL,SDP,6,1,1,-144.0,70.0
2026-03-21,2026,NYM,HOU,5,7,0,,
2026-03-21,2026,PIT,TOR,8,3,1,-127.0,55.0
2026-03-21,2026,SEA,CHC,1,7,0,-158.0,82.0
2026-03-21,2026,SFG,CLE,10,7,1,-155.0,78.0
2026-03-21,2026,STL,MIA,7,4,1,50.0,-121.0
2026-03-21,2026,TBR,MIN,3,2,1,108.0,-131.0
2026-03-21,2026,WSN,NYM,3,1,1,,
2026-03-22,2026,BAL,WSN,8,1,1,-164.0,137.0
2026-03-22,2026,CHW,SEA,2,4,0,6.0,-128.0
2026-03-22,2026,CLE,CIN,8,2,1,-129.0,108.0
2026-03-22,2026,COL,ATH,6,5,1,110.0,-131.0
2026-03-22,2026,HOU,STL,2,3,0,-140.0,118.0
2026-03-22,2026,LAA,LAD,5,13,0,155.0,-189.0
2026-03-22,2026,MIA,NYM,4,3,1,76.0,-153.0
2026-03-22,2026,MIN,ATL,7,3,1,-129.0,109.0
2026-03-22,2026,NYY,PHI,6,2,1,-132.0,112.0
2026-03-22,2026,PIT,BOS,3,6,0,-114.0,-106.0
2026-03-22,2026,SDP,ARI,1,11,0,-161.0,134.0
2026-03-22,2026,TOR,TBR,14,1,1,-175.0,144.0
2026-03-23,2026,BOS,MIN,6,9,0,-159.0,132.0
2026-03-23,2026,CHC,NYY,15,6,1,-116.0,-54.0
2026-03-23,2026,COL,DET,6,5,1,123.0,-146.0
2026-03-23,2026,LAD,LAA,7,7,0,-162.0,136.0
2026-03-23,2026,MIL,CIN,9,1,1,-130.0,58.0
2026-03-23,2026,ATH,CHW,10,9,1,-130.0,108.0
2026-03-23,2026,PIT,ATL,2,5,0,120.0,-144.0
2026-03-23,2026,SDP,SEA,10,3,1,60.0,-132.0
2026-03-23,2026,TEX,KCR,3,2,1,-129.0,108.0
2026-03-24,2026,ARI,CLE,5,10,0,-127.0,56.0
2026-03-24,2026,ATL,TBR,3,2,1,-172.0,144.0
2026-03-24,2026,CHC,NYY,3,8,0,-120.0,48.0
2026-03-24,2026,COL,DET,8,11,0,134.0,-160.0
2026-03-24,2026,MIL,CIN,4,1,1,-118.0,-52.0
2026-03-24,2026,MIN,BOS,15,6,1,127.0,-153.0
2026-03-24,2026,TEX,KCR,4,1,1,-139.0,117.0
2026-03-26,2026,BAL,MIN,2,1,1,-149.0,126.0
2026-03-26,2026,CHC,WSN,4,10,0,-210.0,174.0
2026-03-26,2026,LAD,ARI,8,2,1,-261.0,213.0
2026-03-26,2026,MIL,CHW,14,2,1,-196.0,162.0
2026-03-26,2026,NYM,PIT,11,7,1,-124.0,56.0
2026-03-26,2026,PHI,TEX,5,3,1,-156.0,132.0
2026-03-26,2026,SDP,DET,2,8,0,110.0,-130.0
2026-03-26,2026,SEA,CLE,4,6,0,-180.0,151.0
2026-03-26,2026,STL,TBR,9,7,1,60.0,-130.0
2026-03-27,2026,HOU,LAA,2,6,0,-167.0,140.0
2026-03-27,2026,LAD,ARI,5,4,1,-231.0,190.0
2026-03-27,2026,MIA,COL,2,1,1,-189.0,158.0
2026-03-27,2026,SDP,DET,2,5,0,-132.0,58.0
2026-03-27,2026,SEA,CLE,5,1,1,-173.0,145.0
2026-03-27,2026,TOR,ATH,3,2,1,-185.0,153.0
2026-03-28,2026,ATL,KCR,6,2,1,-140.0,117.0
2026-03-28,2026,BAL,MIN,1,4,0,-156.0,132.0
2026-03-28,2026,CHC,WSN,10,2,1,-232.0,190.0
2026-03-28,2026,CIN,BOS,6,5,1,120.0,-144.0
2026-03-28,2026,HOU,LAA,11,9,1,-142.0,120.0
2026-03-28,2026,LAD,ARI,3,2,1,-238.0,192.0
2026-03-28,2026,MIA,COL,4,3,1,-182.0,152.0
2026-03-28,2026,MIL,CHW,6,1,1,-191.0,158.0
2026-03-28,2026,NYM,PIT,4,2,1,-167.0,142.0
2026-03-28,2026,PHI,TEX,4,5,0,-138.0,115.0
2026-03-28,2026,SEA,CLE,5,6,0,-182.0,152.0
2026-03-28,2026,SFG,NYY,1,3,0,0.0,-125.0
2026-03-28,2026,STL,TBR,6,5,1,-112.0,-106.0
2026-03-28,2026,TOR,ATH,8,7,1,-180.0,150.0
2026-03-29,2026,ATL,KCR,1,4,0,-151.0,126.0
2026-03-29,2026,BAL,MIN,8,6,1,-157.0,133.0
2026-03-29,2026,CHC,WSN,3,6,0,-248.0,202.0
2026-03-29,2026,CIN,BOS,3,2,1,115.0,-136.0
2026-03-29,2026,HOU,LAA,9,7,1,-170.0,144.0
2026-03-29,2026,MIA,COL,4,3,1,-181.0,151.0
2026-03-29,2026,MIL,CHW,9,7,1,-168.0,141.0
2026-03-29,2026,NYM,PIT,3,4,0,-179.0,149.0
2026-03-29,2026,PHI,TEX,3,8,0,-154.0,130.0
2026-03-29,2026,STL,TBR,7,11,0,-5.0,-115.0
2026-03-29,2026,TOR,ATH,5,2,1,-157.0,132.0
2026-03-30,2026,ARI,DET,9,6,1,-122.0,53.0
2026-03-30,2026,BAL,TEX,2,5,0,-129.0,110.0
2026-03-30,2026,CHC,LAA,7,2,1,-192.0,161.0
2026-03-30,2026,HOU,BOS,8,1,1,60.0,-130.0
2026-03-30,2026,KCR,MIN,3,1,1,-159.0,134.0
2026-03-30,2026,LAD,CLE,2,4,0,-176.0,148.0
2026-03-30,2026,MIA,CHW,4,9,0,-139.0,66.0
2026-03-30,2026,MIL,TBR,2,3,0,-154.0,131.0
2026-03-30,2026,PHI,WSN,2,13,0,-167.0,140.0
2026-03-30,2026,SDP,SFG,2,3,0,-117.0,-53.0
2026-03-30,2026,SEA,NYY,2,1,1,-56.0,-114.0
2026-03-30,2026,STL,NYM,2,4,0,126.0,-150.0
2026-03-30,2026,TOR,COL,5,14,0,-279.0,225.0
2026-03-31,2026,ARI,DET,7,5,1,-112.0,-107.0
2026-03-31,2026,ATL,ATH,2,5,0,-148.0,124.0
2026-03-31,2026,BAL,TEX,5,8,0,108.0,-128.0
2026-03-31,2026,CIN,PIT,3,8,0,50.0,-120.0
2026-03-31,2026,HOU,BOS,9,2,1,-146.0,123.0
2026-03-31,2026,LAD,CLE,4,1,1,-273.0,222.0
2026-03-31,2026,MIA,CHW,9,2,1,-148.0,124.0
2026-03-31,2026,MIL,TBR,6,2,1,-125.0,107.0
2026-03-31,2026,PHI,WSN,3,2,1,-182.0,151.0
2026-03-31,2026,SDP,SFG,3,9,0,116.0,-136.0
2026-03-31,2026,TOR,COL,5,1,1,-256.0,209.0
2026-04-01,2026,ATL,ATH,5,1,1,-223.0,184.0
2026-04-01,2026,BAL,TEX,8,3,1,-117.0,-52.0
2026-04-01,2026,CHC,LAA,6,2,1,-164.0,139.0
2026-04-01,2026,CIN,PIT,3,8,0,122.0,-145.0
2026-04-01,2026,HOU,BOS,6,4,1,122.0,-144.0
2026-04-01,2026,KCR,MIN,13,9,1,-106.0,-112.0
2026-04-01,2026,LAD,CLE,1,4,0,-286.0,230.0
2026-04-01,2026,MIL,TBR,8,2,1,-139.0,117.0
2026-04-01,2026,PHI,WSN,6,5,1,-282.0,229.0
2026-04-01,2026,SDP,SFG,7,1,1,-154.0,130.0
2026-04-01,2026,SEA,NYY,3,5,0,-120.0,51.0
2026-04-01,2026,STL,NYM,2,1,1,138.0,-164.0
2026-04-01,2026,TOR,COL,1,2,0,-272.0,222.0
2026-04-02,2026,ARI,ATL,2,17,0,-2.0,-120.0
2026-04-02,2026,KCR,MIN,1,5,0,-154.0,127.0
2026-04-02,2026,SFG,NYM,7,2,1,104.0,-124.0
2026-04-03,2026,BOS,SDP,5,2,1,-126.0,106.0
2026-04-03,2026,CHW,TOR,5,4,1,166.0,-199.0
2026-04-03,2026,CLE,CHC,4,1,1,-59.0,-114.0
2026-04-03,2026,COL,PHI,1,10,0,159.0,-196.0
2026-04-03,2026,LAA,SEA,1,3,0,134.0,-160.0
2026-04-03,2026,MIN,TBR,10,4,1,-118.0,-106.0
2026-04-03,2026,NYY,MIA,8,2,1,-164.0,138.0
2026-04-03,2026,ATH,HOU,11,4,1,-110.0,-108.0
2026-04-03,2026,PIT,BAL,5,4,1,-53.0,-120.0
2026-04-03,2026,SFG,NYM,3,10,0,114.0,-135.0
2026-04-03,2026,TEX,CIN,3,5,0,-165.0,140.0
2026-04-03,2026,WSN,LAD,6,13,0,229.0,-282.0
2026-04-04,2026,ARI,ATL,2,1,1,-112.0,-106.0
2026-04-04,2026,BOS,SDP,2,3,0,-145.0,122.0
2026-04-04,2026,CHW,TOR,6,3,1,124.0,-152.0
2026-04-04,2026,COL,PHI,1,2,0,204.0,-251.0
2026-04-04,2026,DET,STL,11,6,1,-164.0,134.0
2026-04-04,2026,KCR,MIL,2,5,0,-110.0,-59.0
2026-04-04,2026,MIN,TBR,1,7,0,-109.0,-60.0
2026-04-04,2026,NYY,MIA,9,7,1,-172.0,164.0
2026-04-04,2026,PIT,BAL,3,2,1,-61.0,-108.0
2026-04-04,2026,WSN,LAD,5,10,0,244.0,-312.0
2026-04-05,2026,ARI,ATL,6,5,1,-110.0,-109.0
2026-04-05,2026,BOS,SDP,6,8,0,-156.0,128.0
2026-04-05,2026,CLE,CHC,6,5,1,106.0,-125.0
2026-04-05,2026,COL,PHI,4,1,1,131.0,-156.0
2026-04-05,2026,DET,STL,3,5,0,-138.0,118.0
2026-04-05,2026,KCR,MIL,5,8,0,-128.0,106.0
2026-04-05,2026,LAA,SEA,8,7,1,137.0,-162.0
2026-04-05,2026,MIN,TBR,1,4,0,-121.0,-4.0
2026-04-05,2026,NYY,MIA,6,7,0,-288.0,234.0
2026-04-05,2026,ATH,HOU,12,10,1,-2.0,-118.0
2026-04-05,2026,PIT,BAL,8,2,1,-122.0,101.0
2026-04-05,2026,SFG,NYM,2,5,0,-122.0,102.0
2026-04-05,2026,TEX,CIN,1,2,0,-120.0,2.0
2026-04-05,2026,WSN,LAD,6,8,0,148.0,-177.0
2026-04-06,2026,BOS,MIL,6,8,0,0.0,-118.0
2026-04-06,2026,CHW,BAL,1,2,0,118.0,-143.0
2026-04-06,2026,CLE,KCR,2,4,0,-8.0,-102.0
2026-04-06,2026,COL,HOU,9,7,1,142.0,-172.0
2026-04-06,2026,LAA,ATL,6,2,1,138.0,-169.0
2026-04-06,2026,MIN,DET,7,3,1,-124.0,106.0
2026-04-06,2026,SFG,PHI,4,6,0,-104.0,-114.0
2026-04-06,2026,TBR,CHC,6,4,1,-122.0,103.0
2026-04-06,2026,TEX,SEA,2,1,1,-113.0,-104.0
2026-04-06,2026,TOR,LAD,2,14,0,114.0,-136.0
2026-04-06,2026,WSN,STL,9,6,1,-108.0,-112.0
2026-04-07,2026,BOS,MIL,3,2,1,-167.0,136.0
2026-04-07,2026,CHW,BAL,2,4,0,124.0,-147.0
2026-04-07,2026,CLE,KCR,2,1,1,-122.0,53.0
2026-04-07,2026,COL,HOU,5,1,1,144.0,-176.0
2026-04-07,2026,LAA,ATL,2,7,0,109.0,-128.0
2026-04-07,2026,MIA,CIN,3,6,0,-135.0,115.0
2026-04-07,2026,MIN,DET,4,2,1,143.0,-170.0
2026-04-07,2026,NYM,ARI,4,3,1,-154.0,128.0
2026-04-07,2026,NYY,ATH,5,3,1,-250.0,200.0
2026-04-07,2026,PIT,SDP,7,1,1,-146.0,123.0
2026-04-07,2026,TBR,CHC,2,9,0,-123.0,3.0
2026-04-07,2026,TEX,SEA,3,2,1,-52.0,-116.0
2026-04-07,2026,TOR,LAD,1,4,0,129.0,-158.0
2026-04-07,2026,WSN,STL,6,7,0,-113.0,-106.0
2026-04-08,2026,CHW,BAL,3,5,0,130.0,-155.0
2026-04-08,2026,CLE,KCR,10,2,1,111.0,-131.0
2026-04-08,2026,COL,HOU,9,1,1,123.0,-146.0
2026-04-08,2026,LAA,ATL,2,8,0,105.0,-124.0
2026-04-08,2026,MIA,CIN,7,4,1,-129.0,109.0
2026-04-08,2026,MIN,DET,8,6,1,133.0,-157.0
2026-04-08,2026,NYM,ARI,2,7,0,-136.0,115.0
2026-04-08,2026,NYY,ATH,2,3,0,-193.0,161.0
2026-04-08,2026,PIT,SDP,2,8,0,0.0,-119.0
2026-04-08,2026,TBR,CHC,2,6,0,-112.0,-106.0
2026-04-08,2026,TOR,LAD,4,3,1,132.0,-157.0
2026-04-08,2026,WSN,STL,1,6,0,106.0,-126.0
2026-04-09,2026,MIA,CIN,8,1,1,-124.0,105.0
2026-04-09,2026,MIN,DET,3,1,1,116.0,-137.0
2026-04-09,2026,NYM,ARI,1,7,0,-182.0,152.0
2026-04-09,2026,SDP,COL,7,3,1,-180.0,151.0
2026-04-10,2026,ATL,CLE,11,5,1,-136.0,115.0
2026-04-10,2026,BAL,SFG,3,6,0,-116.0,3.0
2026-04-10,2026,CIN,LAA,2,10,0,-176.0,147.0
2026-04-10,2026,LAD,TEX,8,7,1,-221.0,182.0
2026-04-10,2026,MIL,WSN,3,7,0,-200.0,166.0
2026-04-10,2026,PHI,ARI,4,5,0,-176.0,148.0
2026-04-10,2026,SDP,COL,5,2,1,-178.0,150.0
2026-04-10,2026,SEA,HOU,9,6,1,-136.0,116.0
2026-04-10,2026,STL,BOS,3,2,1,113.0,-133.0
2026-04-10,2026,TBR,NYY,5,3,1,-48.0,-122.0
2026-04-10,2026,TOR,MIN,10,4,1,-149.0,125.0
2026-04-11,2026,BAL,SFG,6,2,1,-102.0,-118.0
2026-04-11,2026,CHC,PIT,3,4,0,-150.0,124.0
2026-04-11,2026,CIN,LAA,7,3,1,-123.0,1.0
2026-04-11,2026,DET,MIA,6,1,1,-139.0,116.0
2026-04-11,2026,LAD,TEX,6,3,1,-182.0,152.0
2026-04-11,2026,MIL,WSN,1,3,0,-168.0,140.0
2026-04-11,2026,NYM,ATH,6,11,0,-161.0,130.0
2026-04-11,2026,PHI,ARI,4,3,1,-126.0,105.0
2026-04-11,2026,SDP,COL,9,5,1,-163.0,136.0
2026-04-11,2026,SEA,HOU,8,7,1,-147.0,126.0
2026-04-11,2026,STL,BOS,1,7,0,116.0,-137.0
2026-04-11,2026,TBR,NYY,5,4,1,152.0,-182.0
2026-04-11,2026,TOR,MIN,4,7,0,-119.0,-1.0
2026-04-12,2026,ATL,CLE,13,1,1,-190.0,158.0
2026-04-12,2026,BAL,SFG,6,2,1,-122.0,53.0
2026-04-12,2026,CHC,PIT,7,6,1,-134.0,114.0
2026-04-12,2026,CIN,LAA,6,9,0,-110.0,-108.0
2026-04-12,2026,DET,MIA,8,2,1,-180.0,151.0
2026-04-12,2026,KCR,CHW,5,6,0,-181.0,151.0
2026-04-12,2026,LAD,TEX,2,5,0,-130.0,110.0
2026-04-12,2026,MIL,WSN,6,8,0,-204.0,169.0
2026-04-12,2026,PHI,ARI,3,4,0,-143.0,120.0
2026-04-12,2026,SDP,COL,7,2,1,-219.0,181.0
2026-04-12,2026,SEA,HOU,6,1,1,-183.0,152.0
2026-04-12,2026,STL,BOS,3,9,0,54.0,-122.0
2026-04-12,2026,TBR,NYY,5,4,1,119.0,-140.0
2026-04-12,2026,TOR,MIN,2,8,0,-133.0,62.0
2026-04-13,2026,ATL,MIA,4,10,0,-144.0,120.0
2026-04-13,2026,BAL,ARI,9,7,1,-130.0,110.0
2026-04-13,2026,MIN,BOS,13,6,1,141.0,-151.0
2026-04-13,2026,NYY,LAA,11,10,1,-184.0,152.0
2026-04-13,2026,ATH,TEX,1,8,0,106.0,-126.0
2026-04-13,2026,PHI,CHC,13,7,1,-182.0,152.0
2026-04-13,2026,PIT,WSN,16,5,1,-228.0,188.0
2026-04-13,2026,SEA,HOU,6,2,1,-176.0,147.0
2026-04-13,2026,STL,CLE,3,9,0,-51.0,-118.0
2026-04-14,2026,ATL,MIA,6,5,1,-156.0,132.0
2026-04-14,2026,BAL,ARI,3,4,0,-154.0,130.0
2026-04-14,2026,CHW,TBR,5,8,0,114.0,-136.0
2026-04-14,2026,CIN,SFG,2,1,1,-114.0,-106.0
2026-04-14,2026,DET,KCR,2,1,1,-122.0,103.0
2026-04-14,2026,HOU,COL,7,6,1,-176.0,148.0
2026-04-14,2026,LAD,NYM,2,1,1,-198.0,165.0
2026-04-14,2026,MIL,TOR,7,9,0,-121.0,102.0
2026-04-14,2026,NYY,LAA,1,7,0,-174.0,146.0
2026-04-14,2026,ATH,TEX,2,1,1,56.0,-126.0
2026-04-14,2026,PHI,CHC,4,10,0,-139.0,116.0
2026-04-14,2026,PIT,WSN,4,5,0,-182.0,153.0
2026-04-14,2026,SDP,SEA,4,1,1,51.0,-120.0
2026-04-14,2026,STL,CLE,6,5,1,56.0,-126.0
2026-04-15,2026,ATL,MIA,6,3,1,-164.0,138.0
2026-04-15,2026,BAL,ARI,5,8,0,-140.0,119.0
2026-04-15,2026,CHW,TBR,3,8,0,-108.0,-112.0
2026-04-15,2026,CIN,SFG,8,3,1,-107.0,-112.0
2026-04-15,2026,DET,KCR,2,1,1,-124.0,2.0
2026-04-15,2026,HOU,COL,3,1,1,-192.0,160.0
2026-04-15,2026,LAD,NYM,8,2,1,-196.0,164.0
2026-04-15,2026,MIL,TOR,2,1,1,52.0,-122.0
2026-04-15,2026,MIN,BOS,5,9,0,110.0,-130.0
2026-04-15,2026,NYY,LAA,5,4,1,-196.0,163.0
2026-04-15,2026,ATH,TEX,6,5,1,-118.0,-52.0
2026-04-15,2026,PHI,CHC,2,11,0,-138.0,116.0
2026-04-15,2026,SDP,SEA,7,6,1,-110.0,-108.0
2026-04-15,2026,STL,CLE,5,3,1,-112.0,-107.0
2026-04-16,2026,CHW,TBR,3,5,0,58.0,-128.0
2026-04-16,2026,CLE,BAL,4,2,1,-135.0,114.0
2026-04-16,2026,DET,KCR,10,9,1,50.0,-119.0
2026-04-16,2026,HOU,COL,2,3,0,-171.0,143.0
2026-04-16,2026,MIL,TOR,2,1,1,-118.0,-52.0
2026-04-16,2026,NYY,LAA,4,11,0,-294.0,235.0
2026-04-16,2026,ATH,TEX,6,9,0,-108.0,-112.0
2026-04-16,2026,PIT,WSN,7,8,0,-165.0,138.0
2026-04-16,2026,SDP,SEA,5,2,1,49.0,-119.0
2026-04-17,2026,ARI,TOR,6,3,1,-139.0,116.0
2026-04-17,2026,CHC,NYM,12,4,1,-146.0,122.0
2026-04-17,2026,CLE,BAL,4,6,0,-135.0,46.0
2026-04-17,2026,COL,LAD,1,7,0,251.0,-315.0
2026-04-17,2026,HOU,STL,4,9,0,-128.0,106.0
2026-04-17,2026,MIA,MIL,5,7,0,-115.0,-105.0
2026-04-17,2026,MIN,CIN,1,2,0,-171.0,142.0
2026-04-17,2026,NYY,KCR,4,2,1,-172.0,143.0
2026-04-17,2026,ATH,CHW,2,9,0,-155.0,130.0
2026-04-17,2026,PIT,TBR,5,1,1,-132.0,111.0
2026-04-17,2026,WSN,SFG,5,10,0,125.0,-150.0
2026-04-18,2026,ARI,TOR,6,2,1,-136.0,13.0
2026-04-18,2026,BOS,DET,1,4,0,140.0,-166.0
2026-04-18,2026,CHC,NYM,4,2,1,-112.0,-109.0
2026-04-18,2026,CLE,BAL,4,2,1,-133.0,11.0
2026-04-18,2026,COL,LAD,4,3,1,222.0,-276.0
2026-04-18,2026,HOU,STL,5,7,0,-149.0,124.0
2026-04-18,2026,LAA,SDP,1,4,0,-112.0,-109.0
2026-04-18,2026,MIA,MIL,2,5,0,-118.0,-104.0
2026-04-18,2026,MIN,CIN,4,5,0,-131.0,110.0
2026-04-18,2026,NYY,KCR,13,4,1,-150.0,124.0
2026-04-18,2026,ATH,CHW,7,6,1,-150.0,126.0
2026-04-18,2026,PHI,ATL,1,3,0,-130.0,110.0
2026-04-18,2026,PIT,TBR,7,8,0,-164.0,138.0
2026-04-18,2026,SEA,TEX,7,3,1,-138.0,117.0
2026-04-18,2026,WSN,SFG,6,7,0,-108.0,-112.0
2026-04-19,2026,ARI,TOR,4,10,0,-103.0,-116.0
2026-04-19,2026,BOS,DET,2,6,0,-144.0,121.0
2026-04-19,2026,CHC,NYM,2,1,1,-132.0,44.0
2026-04-19,2026,CLE,BAL,8,4,1,-120.0,-33.0
2026-04-19,2026,COL,LAD,9,6,1,189.0,-231.0
2026-04-19,2026,HOU,STL,5,7,0,-145.0,123.0
2026-04-19,2026,LAA,SDP,1,2,0,49.0,-139.0
2026-04-19,2026,MIA,MIL,5,3,1,-110.0,-110.0
2026-04-19,2026,MIN,CIN,4,7,0,-120.0,-33.0
2026-04-19,2026,ATH,CHW,4,7,0,-155.0,130.0
2026-04-19,2026,PHI,ATL,2,4,0,-109.0,-111.0
2026-04-19,2026,PIT,TBR,6,3,1,-117.0,-37.0
2026-04-19,2026,SEA,TEX,5,2,1,-139.0,117.0
2026-04-20,2026,BOS,DET,8,6,1,-134.0,112.0
2026-04-20,2026,CHC,PHI,5,1,1,-110.0,-110.0
2026-04-20,2026,CLE,HOU,2,9,0,-129.0,41.0
2026-04-20,2026,COL,LAD,3,12,0,183.0,-225.0
2026-04-20,2026,KCR,BAL,5,7,0,-109.0,-112.0
2026-04-20,2026,LAA,TOR,2,5,0,-105.0,-115.0
2026-04-20,2026,MIA,STL,5,3,1,-133.0,112.0
2026-04-20,2026,SEA,ATH,4,6,0,-150.0,124.0
2026-04-20,2026,TBR,CIN,1,6,0,-123.0,35.0
2026-04-20,2026,WSN,ATL,4,9,0,128.0,-155.0
2026-04-21,2026,ARI,CHW,5,11,0,-143.0,120.0
2026-04-21,2026,CHC,PHI,7,4,1,-126.0,103.0
2026-04-21,2026,CLE,HOU,8,5,1,-147.0,123.0
2026-04-21,2026,DET,MIL,4,12,0,-115.0,-105.0
2026-04-21,2026,KCR,BAL,6,5,1,-130.0,109.0
2026-04-21,2026,LAA,TOR,2,4,0,-118.0,-35.0
2026-04-21,2026,MIA,STL,3,5,0,-122.0,34.0
2026-04-21,2026,NYM,MIN,3,5,0,-165.0,138.0
2026-04-21,2026,SEA,ATH,2,5,0,-171.0,143.0
2026-04-21,2026,SFG,LAD,3,1,1,148.0,-178.0
2026-04-21,2026,TBR,CIN,6,12,0,-108.0,-111.0
2026-04-21,2026,TEX,PIT,5,1,1,-116.0,-103.0
2026-04-21,2026,WSN,ATL,11,4,1,127.0,-152.0
2026-04-22,2026,ARI,CHW,11,7,1,-154.0,128.0
2026-04-22,2026,BOS,NYY,1,4,0,116.0,-138.0
2026-04-22,2026,CHC,PHI,7,2,1,-185.0,155.0
2026-04-22,2026,COL,SDP,8,3,1,137.0,-164.0
2026-04-22,2026,DET,MIL,5,2,1,-134.0,113.0
2026-04-22,2026,KCR,BAL,6,8,0,-127.0,108.0
2026-04-22,2026,LAA,TOR,7,3,1,-151.0,126.0
2026-04-22,2026,MIA,STL,4,1,1,-143.0,119.0
2026-04-22,2026,NYM,MIN,3,2,1,-161.0,135.0
2026-04-22,2026,SEA,ATH,5,4,1,-198.0,163.0
2026-04-22,2026,TBR,CIN,6,1,1,-136.0,115.0
2026-04-22,2026,TEX,PIT,4,8,0,-104.0,-115.0
2026-04-22,2026,WSN,ATL,6,8,0,131.0,-156.0
2026-04-23,2026,ARI,CHW,1,4,0,-146.0,123.0
2026-04-23,2026,BOS,NYY,2,4,0,129.0,-156.0
2026-04-23,2026,CHC,PHI,8,7,1,-35.0,-118.0
2026-04-23,2026,COL,SDP,8,10,0,130.0,-156.0
2026-04-23,2026,DET,MIL,5,4,1,-231.0,188.0
2026-04-23,2026,NYM,MIN,10,8,1,-117.0,-104.0
2026-04-23,2026,TEX,PIT,6,1,1,-158.0,131.0
2026-04-23,2026,WSN,ATL,2,7,0,115.0,-136.0
2026-04-24,2026,ATL,PHI,5,3,1,-150.0,59.0
2026-04-24,2026,BAL,BOS,10,3,1,-124.0,36.0
2026-04-24,2026,CHW,WSN,5,4,1,-128.0,107.0
2026-04-24,2026,CIN,DET,9,8,1,-32.0,-122.0
2026-04-24,2026,HOU,NYY,4,12,0,128.0,-153.0
2026-04-24,2026,KCR,LAA,6,3,1,-116.0,-37.0
2026-04-24,2026,LAD,CHC,4,6,0,-160.0,134.0
2026-04-24,2026,NYM,COL,3,4,0,-208.0,171.0
2026-04-24,2026,SFG,MIA,4,9,0,-105.0,-115.0
2026-04-24,2026,STL,SEA,2,3,0,126.0,-151.0
2026-04-24,2026,TBR,MIN,6,2,1,-133.0,45.0
2026-04-24,2026,TEX,ATH,1,8,0,-145.0,121.0
2026-04-24,2026,TOR,CLE,6,8,0,33.0,-120.0
2026-04-25,2026,ARI,SDP,4,6,0,-112.0,-108.0
2026-04-25,2026,ATL,PHI,5,8,0,-130.0,110.0
2026-04-25,2026,BAL,BOS,1,17,0,-122.0,4.0
2026-04-25,2026,CHW,WSN,3,6,0,-136.0,114.0
2026-04-25,2026,CIN,DET,9,2,1,-112.0,-108.0
2026-04-25,2026,HOU,NYY,3,8,0,124.0,-148.0
2026-04-25,2026,KCR,LAA,12,1,1,-144.0,120.0
2026-04-25,2026,LAD,CHC,12,4,1,-126.0,116.0
2026-04-25,2026,MIL,PIT,3,6,0,-132.0,111.0
2026-04-25,2026,SFG,MIA,6,2,1,-122.0,2.0
2026-04-25,2026,STL,SEA,9,11,0,128.0,-152.0
2026-04-25,2026,TBR,MIN,6,1,1,-131.0,112.0
2026-04-25,2026,TEX,ATH,4,3,1,-136.0,114.0
2026-04-25,2026,TOR,CLE,5,3,1,-144.0,122.0
2026-04-26,2026,ARI,SDP,12,7,1,89.0,-133.0
2026-04-26,2026,ATL,PHI,6,2,1,-219.0,177.0
2026-04-26,2026,BAL,BOS,3,5,0,-141.0,118.0
2026-04-26,2026,CHW,WSN,1,2,0,-121.0,33.0
2026-04-26,2026,CIN,DET,3,8,0,-110.0,-110.0
2026-04-26,2026,HOU,NYY,7,4,1,113.0,-135.0
2026-04-26,2026,KCR,LAA,11,9,1,-117.0,-37.0
2026-04-26,2026,NYM,COL,1,3,0,-260.0,208.0
2026-04-26,2026,SFG,MIA,6,3,1,-128.0,106.0
2026-04-26,2026,STL,SEA,2,3,0,111.0,-133.0
2026-04-26,2026,TBR,MIN,4,2,1,-146.0,99.0
2026-04-26,2026,TEX,ATH,1,2,0,-120.0,33.0
2026-04-26,2026,TOR,CLE,4,2,1,-128.0,107.0
