date,home,away,side,model_p,vegas_p,edge,ml,stake,won,pnl,bankroll
2026-03-18,ARI,CHC,away,0.52,0.386,0.134,-52,2.5,0,-2.5,97.5
2026-03-18,ATL,PHI,home,0.656,0.596,0.061,-164,2.5,1,1.52,99.02
2026-03-18,STL,HOU,home,0.636,0.446,0.19,114,2.5,1,2.85,101.87
2026-03-18,TEX,KCR,away,0.501,0.421,0.08,127,2.5,0,-2.5,99.37
2026-03-18,TOR,BAL,home,0.588,0.545,0.043,-133,2.5,0,-2.5,96.87
2026-03-19,STL,WSN,home,0.618,0.509,0.11,-114,2.5,1,2.19,99.07
2026-03-19,PHI,TBR,away,0.526,0.423,0.103,126,2.5,0,-2.5,96.57
2026-03-19,COL,SFG,home,0.524,0.42,0.105,128,2.5,0,-2.5,94.07
2026-03-19,BOS,MIN,away,0.531,0.439,0.093,118,2.5,0,-2.5,91.57
2026-03-19,HOU,NYM,home,0.526,0.46,0.066,108,2.5,0,-2.5,89.07
2026-03-20,NYM,STL,home,0.577,0.54,0.037,-129,2.5,0,-2.5,86.57
2026-03-20,MIN,TOR,away,0.463,0.107,0.356,-5,2.5,1,50.0,136.57
2026-03-20,ATL,PIT,home,0.573,0.501,0.072,-144,2.5,1,1.74,138.3
2026-03-21,BOS,ATL,away,0.686,0.452,0.234,112,2.5,1,2.8,141.1
2026-03-21,ARI,TEX,home,0.52,0.476,0.044,-131,2.5,1,1.91,143.01
2026-03-21,DET,NYY,away,0.517,0.438,0.079,118,2.5,0,-2.5,140.51
2026-03-21,MIL,SDP,home,0.571,0.501,0.07,-144,2.5,1,1.74,142.25
2026-03-21,PIT,TOR,home,0.567,0.464,0.103,-127,2.5,1,1.97,144.22
2026-03-21,BAL,PHI,away,0.485,0.441,0.044,117,2.5,0,-2.5,141.72
2026-03-21,SEA,CHC,home,0.56,0.527,0.033,-158,2.5,0,-2.5,139.22
2026-03-21,TBR,MIN,home,0.552,0.459,0.093,108,2.5,1,2.7,141.92
2026-03-21,STL,MIA,away,0.516,0.451,0.065,-121,2.5,0,-2.5,139.42
2026-03-21,SFG,CLE,away,0.529,0.48,0.048,78,2.5,0,-2.5,136.92
2026-03-22,MIN,ATL,away,0.574,0.459,0.115,109,2.5,0,-2.5,134.42
2026-03-22,MIA,NYM,home,0.535,0.484,0.05,76,2.5,1,1.9,136.32
2026-03-22,LAA,LAD,home,0.499,0.375,0.124,155,2.5,0,-2.5,133.82
2026-03-22,HOU,STL,away,0.61,0.44,0.17,118,2.5,1,2.95,136.77
2026-03-22,NYY,PHI,home,0.577,0.547,0.03,-132,2.5,1,1.89,138.66
2026-03-22,PIT,BOS,home,0.636,0.509,0.127,-114,2.5,0,-2.5,136.16
2026-03-22,CHW,SEA,away,0.529,0.373,0.155,-128,2.5,1,1.95,138.11
2026-03-22,SDP,ARI,away,0.465,0.409,0.056,134,2.5,1,3.35,141.46
2026-03-22,COL,ATH,home,0.541,0.456,0.085,110,2.5,1,2.75,144.21
2026-03-22,TOR,TBR,away,0.47,0.392,0.078,144,2.5,0,-2.5,141.71
2026-03-22,BAL,WSN,away,0.442,0.404,0.037,137,2.5,0,-2.5,139.21
2026-03-23,MIL,CIN,home,0.548,0.472,0.076,-130,2.5,1,1.92,141.14
2026-03-23,BOS,MIN,away,0.531,0.412,0.119,132,2.5,1,3.3,144.44
2026-03-23,CHC,NYY,away,0.474,0.395,0.079,-54,2.5,0,-2.5,141.94
2026-03-23,SDP,SEA,away,0.565,0.477,0.088,-132,2.5,0,-2.5,139.44
2026-03-23,TEX,KCR,away,0.507,0.46,0.047,108,2.5,0,-2.5,136.94
2026-03-24,CHC,NYY,home,0.535,0.447,0.088,-120,2.5,0,-2.5,134.44
2026-03-24,MIL,CIN,away,0.434,0.387,0.047,-52,2.5,0,-2.5,131.94
2026-03-24,MIN,BOS,home,0.605,0.421,0.183,127,2.5,1,3.17,135.11
2026-03-24,TEX,KCR,away,0.501,0.442,0.059,117,2.5,0,-2.5,132.61
2026-03-26,STL,TBR,away,0.526,0.475,0.051,-130,2.5,0,-2.5,130.11
2026-03-26,PHI,TEX,away,0.525,0.414,0.111,132,2.5,0,-2.5,127.61
2026-03-26,BAL,MIN,away,0.568,0.425,0.142,126,2.5,0,-2.5,125.11
2026-03-26,NYM,PIT,home,0.541,0.463,0.078,-124,2.5,1,2.02,127.13
2026-03-26,LAD,ARI,away,0.409,0.306,0.103,213,2.5,0,-2.5,124.63
2026-03-26,MIL,CHW,away,0.425,0.366,0.059,162,2.5,0,-2.5,122.13
2026-03-26,SEA,CLE,away,0.45,0.383,0.068,151,2.5,1,3.77,125.9
2026-03-27,MIA,COL,away,0.438,0.372,0.065,158,2.5,0,-2.5,123.4
2026-03-27,TOR,ATH,away,0.437,0.378,0.059,153,2.5,0,-2.5,120.9
2026-03-27,SDP,DET,away,0.565,0.527,0.038,58,2.5,1,1.45,122.35
2026-03-27,LAD,ARI,away,0.409,0.331,0.079,190,2.5,0,-2.5,119.85
2026-03-27,SEA,CLE,away,0.45,0.392,0.058,145,2.5,0,-2.5,117.35
2026-03-27,HOU,LAA,away,0.463,0.4,0.063,140,2.5,1,3.5,120.85
2026-03-28,MIA,COL,away,0.437,0.381,0.057,152,2.5,0,-2.5,118.35
2026-03-28,STL,TBR,away,0.525,0.493,0.032,-106,2.5,0,-2.5,115.85
2026-03-28,LAD,ARI,away,0.409,0.327,0.082,192,2.5,0,-2.5,113.35
2026-03-28,SEA,CLE,away,0.45,0.381,0.069,152,2.5,1,3.8,117.15
2026-03-28,CIN,BOS,home,0.545,0.435,0.11,120,2.5,1,3.0,120.15
2026-03-28,BAL,MIN,away,0.568,0.414,0.153,132,2.5,1,3.3,123.45
2026-03-28,TOR,ATH,away,0.434,0.384,0.05,150,2.5,0,-2.5,120.95
2026-03-28,PHI,TEX,away,0.529,0.445,0.083,115,2.5,1,2.88,123.83
2026-03-28,NYM,PIT,away,0.459,0.398,0.061,142,2.5,0,-2.5,121.33
2026-03-28,ATL,KCR,home,0.612,0.559,0.053,-140,2.5,1,1.79,123.11
2026-03-28,HOU,LAA,away,0.467,0.437,0.03,120,2.5,0,-2.5,120.61
2026-03-29,STL,TBR,home,0.473,0.082,0.391,-5,2.5,0,-2.5,118.11
2026-03-29,PHI,TEX,away,0.529,0.418,0.111,130,2.5,1,3.25,121.36
2026-03-29,CIN,BOS,home,0.545,0.447,0.099,115,2.5,1,2.88,124.24
2026-03-29,BAL,MIN,away,0.568,0.413,0.155,133,2.5,0,-2.5,121.74
2026-03-29,NYM,PIT,away,0.459,0.385,0.074,149,2.5,1,3.73,125.46
2026-03-29,HOU,LAA,away,0.467,0.394,0.073,144,2.5,0,-2.5,122.96
2026-03-29,MIA,COL,away,0.437,0.382,0.055,151,2.5,0,-2.5,120.46
2026-03-29,ATL,KCR,home,0.612,0.576,0.035,-151,2.5,0,-2.5,117.96
2026-03-30,PHI,WSN,away,0.459,0.4,0.059,140,2.5,1,3.5,121.46
2026-03-30,SDP,SFG,away,0.466,0.391,0.075,-53,2.5,1,4.72,126.18
2026-03-30,MIA,CHW,home,0.588,0.491,0.097,-139,2.5,0,-2.5,123.68
2026-03-30,MIL,TBR,away,0.459,0.417,0.042,131,2.5,1,3.28,126.96
2026-03-30,TOR,COL,away,0.435,0.295,0.14,225,2.5,1,5.62,132.58
2026-03-30,HOU,BOS,away,0.549,0.475,0.074,-130,2.5,0,-2.5,130.08
2026-03-30,SEA,NYY,home,0.535,0.403,0.132,-56,2.5,1,4.46,134.54
2026-03-30,LAD,CLE,away,0.437,0.387,0.05,148,2.5,1,3.7,138.24
2026-03-30,CHC,LAA,away,0.431,0.368,0.063,161,2.5,0,-2.5,135.74
2026-03-30,KCR,MIN,away,0.489,0.41,0.079,134,2.5,0,-2.5,133.24
2026-03-30,STL,NYM,home,0.53,0.424,0.106,126,2.5,0,-2.5,130.74
2026-03-30,BAL,TEX,away,0.533,0.458,0.075,110,2.5,1,2.75,133.49
2026-03-31,LAD,CLE,away,0.44,0.298,0.142,222,2.5,0,-2.5,130.99
2026-03-31,CIN,PIT,away,0.533,0.45,0.083,-120,2.5,1,2.08,133.08
2026-03-31,SDP,SFG,home,0.53,0.445,0.085,116,2.5,0,-2.5,130.58
2026-03-31,HOU,BOS,away,0.544,0.43,0.113,123,2.5,0,-2.5,128.08
2026-03-31,TOR,COL,away,0.448,0.31,0.138,209,2.5,0,-2.5,125.58
2026-03-31,ARI,DET,away,0.55,0.495,0.055,-107,2.5,0,-2.5,123.08
2026-03-31,PHI,WSN,away,0.463,0.382,0.081,151,2.5,0,-2.5,120.58
2026-04-01,SEA,NYY,home,0.535,0.452,0.083,-120,2.5,0,-2.5,118.08
2026-04-01,LAD,CLE,away,0.425,0.29,0.135,230,2.5,1,5.75,123.83
2026-04-01,CIN,PIT,home,0.467,0.432,0.035,122,2.5,0,-2.5,121.33
2026-04-01,HOU,BOS,home,0.483,0.433,0.05,122,2.5,1,3.05,124.38
2026-04-01,TOR,COL,away,0.448,0.298,0.15,222,2.5,1,5.55,129.93
2026-04-01,ATL,ATH,away,0.427,0.338,0.09,184,2.5,0,-2.5,127.43
2026-04-01,PHI,WSN,away,0.459,0.292,0.167,229,2.5,0,-2.5,124.93
2026-04-01,SDP,SFG,away,0.47,0.418,0.052,130,2.5,0,-2.5,122.43
2026-04-01,STL,NYM,home,0.535,0.403,0.131,138,2.5,1,3.45,125.88
2026-04-01,BAL,TEX,away,0.535,0.388,0.146,-52,2.5,0,-2.5,123.38
2026-04-02,KCR,MIN,away,0.467,0.421,0.046,127,2.5,1,3.17,126.55
2026-04-02,SFG,NYM,home,0.535,0.47,0.065,104,2.5,1,2.6,129.15
2026-04-02,ARI,ATL,home,0.444,0.035,0.41,-2,2.5,0,-2.5,126.65
2026-04-03,SFG,NYM,home,0.535,0.449,0.086,114,2.5,0,-2.5,124.15
2026-04-03,MIN,TBR,home,0.548,0.513,0.036,-118,2.5,1,2.12,126.27
2026-04-03,PIT,BAL,home,0.596,0.388,0.207,-53,2.5,1,4.72,130.99
2026-04-03,LAA,SEA,home,0.52,0.41,0.11,134,2.5,0,-2.5,128.49
2026-04-03,NYY,MIA,away,0.434,0.403,0.03,138,2.5,0,-2.5,125.99
2026-04-03,WSN,LAD,home,0.486,0.292,0.194,229,2.5,0,-2.5,123.49
2026-04-03,TEX,CIN,away,0.452,0.401,0.051,140,2.5,1,3.5,126.99
2026-04-03,COL,PHI,home,0.605,0.368,0.237,159,2.5,0,-2.5,124.49
2026-04-03,BOS,SDP,away,0.5,0.465,0.034,106,2.5,0,-2.5,121.99
2026-04-03,CHW,TOR,home,0.478,0.361,0.117,166,2.5,1,4.15,126.14
2026-04-03,CLE,CHC,home,0.493,0.411,0.082,-59,2.5,1,4.24,130.38
2026-04-03,ATH,HOU,home,0.562,0.502,0.06,-110,2.5,1,2.27,132.65
2026-04-04,CHW,TOR,home,0.477,0.425,0.052,124,2.5,1,3.1,135.75
2026-04-04,COL,PHI,home,0.605,0.315,0.29,204,2.5,0,-2.5,133.25
2026-04-04,ARI,ATL,away,0.582,0.493,0.089,-106,2.5,0,-2.5,130.75
2026-04-04,WSN,LAD,home,0.48,0.277,0.202,244,2.5,0,-2.5,128.25
2026-04-04,NYY,MIA,away,0.431,0.375,0.057,164,2.5,0,-2.5,125.75
2026-04-04,PIT,BAL,home,0.603,0.422,0.181,-61,2.5,1,4.1,129.85
2026-04-04,KCR,MIL,away,0.501,0.415,0.086,-59,2.5,1,4.24,134.08
2026-04-04,BOS,SDP,away,0.5,0.432,0.068,122,2.5,1,3.05,137.13
2026-04-04,DET,STL,home,0.649,0.592,0.057,-164,2.5,1,1.52,138.66
2026-04-04,KCR,MIL,away,0.501,0.415,0.086,-59,2.5,0,-2.5,136.16
2026-04-05,CLE,CHC,home,0.511,0.466,0.045,106,2.5,0,-2.5,133.66
2026-04-05,TEX,CIN,home,0.548,0.357,0.191,-120,2.5,0,-2.5,131.16
2026-04-05,WSN,LAD,home,0.472,0.387,0.085,148,2.5,0,-2.5,128.66
2026-04-05,PIT,BAL,home,0.585,0.525,0.06,-122,2.5,1,2.05,130.71
2026-04-05,NYY,MIA,away,0.432,0.287,0.145,234,2.5,1,5.85,136.56
2026-04-05,CLE,CHC,home,0.511,0.466,0.045,106,2.5,1,2.65,139.21
2026-04-05,DET,STL,home,0.657,0.558,0.099,-138,2.5,0,-2.5,136.71
2026-04-05,MIN,TBR,away,0.451,0.066,0.385,-4,2.5,1,62.5,199.21
2026-04-05,COL,PHI,home,0.605,0.415,0.19,131,2.5,1,3.28,202.48
2026-04-05,BOS,SDP,away,0.5,0.419,0.081,128,2.5,1,3.2,205.68
2026-04-05,KCR,MIL,away,0.501,0.464,0.037,106,2.5,1,2.65,208.33
2026-04-05,ATH,HOU,home,0.562,0.035,0.528,-2,2.5,1,125.0,333.33
2026-04-05,LAA,SEA,home,0.52,0.406,0.114,137,2.5,1,3.43,336.76
2026-04-05,ARI,ATL,away,0.582,0.499,0.083,-109,2.5,0,-2.5,334.26
2026-04-06,CHW,BAL,home,0.533,0.438,0.095,118,2.5,0,-2.5,331.76
2026-04-06,MIN,DET,away,0.52,0.467,0.053,106,2.5,0,-2.5,329.26
2026-04-06,TOR,LAD,home,0.541,0.448,0.093,114,2.5,0,-2.5,326.76
2026-04-06,SFG,PHI,home,0.612,0.489,0.123,-104,2.5,0,-2.5,324.26
2026-04-06,LAA,ATL,home,0.48,0.401,0.079,138,2.5,1,3.45,327.71
2026-04-06,COL,HOU,home,0.615,0.395,0.219,142,2.5,1,3.55,331.26
2026-04-06,CLE,KCR,home,0.535,0.128,0.407,-8,2.5,0,-2.5,328.76
2026-04-07,PIT,SDP,home,0.603,0.57,0.034,-146,2.5,1,1.71,330.47
2026-04-07,CHW,BAL,home,0.537,0.429,0.108,124,2.5,0,-2.5,327.97
2026-04-07,MIN,DET,home,0.493,0.395,0.098,143,2.5,1,3.57,331.55
2026-04-07,NYY,ATH,away,0.433,0.318,0.115,200,2.5,0,-2.5,329.05
2026-04-07,WSN,STL,away,0.533,0.492,0.041,-106,2.5,1,2.36,331.4
2026-04-07,CLE,KCR,home,0.535,0.457,0.078,-122,2.5,1,2.05,333.45
2026-04-07,BOS,MIL,away,0.581,0.404,0.177,136,2.5,0,-2.5,330.95
2026-04-07,TBR,CHC,home,0.537,0.362,0.175,-123,2.5,0,-2.5,328.45
2026-04-07,COL,HOU,home,0.615,0.391,0.223,144,2.5,1,3.6,332.05
2026-04-07,TOR,LAD,home,0.533,0.416,0.117,129,2.5,0,-2.5,329.55
2026-04-07,TEX,SEA,home,0.499,0.389,0.109,-52,2.5,1,4.81,334.36
2026-04-08,COL,HOU,home,0.612,0.43,0.182,123,2.5,1,3.08,337.44
2026-04-08,CHW,BAL,home,0.527,0.417,0.11,130,2.5,0,-2.5,334.94
2026-04-08,TOR,LAD,home,0.505,0.414,0.091,132,2.5,1,3.3,338.24
2026-04-08,CLE,KCR,home,0.535,0.455,0.079,111,2.5,1,2.78,341.01
2026-04-08,NYY,ATH,away,0.43,0.368,0.062,161,2.5,1,4.03,345.04
2026-04-08,MIN,DET,home,0.493,0.413,0.081,133,2.5,1,3.33,348.36
2026-04-09,MIN,DET,home,0.493,0.445,0.049,116,2.5,1,2.9,351.26
2026-04-09,NYM,ARI,away,0.448,0.381,0.067,152,2.5,1,3.8,355.06
2026-04-09,MIA,CIN,home,0.566,0.532,0.035,-124,2.5,1,2.02,357.08
2026-04-09,SDP,COL,away,0.47,0.383,0.087,151,2.5,0,-2.5,354.58
2026-04-10,PHI,ARI,away,0.523,0.387,0.135,148,2.5,1,3.7,358.28
2026-04-10,CIN,LAA,away,0.459,0.388,0.07,147,2.5,1,3.67,361.95
2026-04-10,STL,BOS,home,0.538,0.451,0.087,113,2.5,1,2.82,364.78
2026-04-10,BAL,SFG,home,0.491,0.356,0.135,-116,2.5,0,-2.5,362.28
2026-04-10,TBR,NYY,home,0.509,0.371,0.138,-48,2.5,1,5.21,367.49
2026-04-10,SDP,COL,away,0.47,0.385,0.085,150,2.5,0,-2.5,364.99
2026-04-10,ATL,CLE,home,0.612,0.553,0.058,-136,2.5,1,1.84,366.82
2026-04-10,TOR,MIN,away,0.476,0.426,0.05,125,2.5,0,-2.5,364.32
2026-04-10,MIL,WSN,home,0.673,0.639,0.034,-200,2.5,0,-2.5,361.82
2026-04-10,LAD,TEX,away,0.416,0.34,0.076,182,2.5,0,-2.5,359.32
2026-04-10,SEA,HOU,home,0.696,0.555,0.141,-136,2.5,1,1.84,361.16
2026-04-11,TOR,MIN,away,0.47,0.018,0.452,-1,2.5,1,250.0,611.16
2026-04-11,SEA,HOU,home,0.714,0.574,0.14,-147,2.5,1,1.7,612.86
2026-04-11,SDP,COL,away,0.466,0.406,0.06,136,2.5,0,-2.5,610.36
2026-04-11,STL,BOS,home,0.538,0.445,0.094,116,2.5,0,-2.5,607.86
2026-04-11,CHC,PIT,away,0.52,0.427,0.094,124,2.5,1,3.1,610.96
2026-04-11,LAD,TEX,away,0.416,0.381,0.035,152,2.5,0,-2.5,608.46
2026-04-11,TBR,NYY,home,0.526,0.381,0.145,152,2.5,1,3.8,612.26
2026-04-11,PHI,ARI,away,0.528,0.467,0.061,105,2.5,0,-2.5,609.76
2026-04-11,CIN,LAA,home,0.533,0.358,0.175,-123,2.5,1,2.03,611.79
2026-04-11,NYM,ATH,away,0.448,0.413,0.035,130,2.5,1,3.25,615.04
2026-04-11,MIL,WSN,home,0.671,0.601,0.071,-168,2.5,0,-2.5,612.54
2026-04-12,BAL,SFG,home,0.494,0.457,0.037,-122,2.5,1,2.05,614.59
2026-04-12,TOR,MIN,home,0.53,0.48,0.05,-133,2.5,0,-2.5,612.09
2026-04-12,TBR,NYY,home,0.52,0.439,0.081,119,2.5,1,2.97,615.07
2026-04-12,SDP,COL,away,0.466,0.341,0.125,181,2.5,0,-2.5,612.57
2026-04-12,DET,MIA,away,0.425,0.383,0.042,151,2.5,0,-2.5,610.07
2026-04-12,CHC,PIT,away,0.52,0.449,0.071,114,2.5,0,-2.5,607.57
2026-04-12,CIN,LAA,home,0.548,0.502,0.046,-110,2.5,0,-2.5,605.07
2026-04-12,SEA,HOU,home,0.714,0.62,0.094,-183,2.5,1,1.37,606.44
2026-04-12,LAD,TEX,home,0.581,0.543,0.038,-130,2.5,0,-2.5,603.94
2026-04-12,PHI,ARI,away,0.523,0.436,0.087,120,2.5,1,3.0,606.94
2026-04-12,KCR,CHW,away,0.412,0.382,0.03,151,2.5,1,3.77,610.71
2026-04-13,ATL,MIA,home,0.649,0.565,0.084,-144,2.5,0,-2.5,608.21
2026-04-13,ATH,TEX,home,0.537,0.465,0.071,106,2.5,0,-2.5,605.71
2026-04-13,MIN,BOS,home,0.621,0.408,0.213,141,2.5,1,3.52,609.24
2026-04-13,STL,CLE,home,0.469,0.384,0.085,-51,2.5,0,-2.5,606.74
2026-04-13,NYY,LAA,away,0.431,0.38,0.052,152,2.5,0,-2.5,604.24
2026-04-13,BAL,ARI,away,0.495,0.457,0.038,110,2.5,0,-2.5,601.74
2026-04-13,PHI,CHC,away,0.533,0.381,0.153,152,2.5,0,-2.5,599.24
2026-04-13,SEA,HOU,home,0.742,0.612,0.13,-176,2.5,1,1.42,600.66
2026-04-14,BAL,ARI,away,0.495,0.418,0.078,130,2.5,1,3.25,603.91
2026-04-14,PHI,CHC,away,0.533,0.443,0.09,116,2.5,1,2.9,606.81
2026-04-14,PIT,WSN,home,0.663,0.62,0.043,-182,2.5,0,-2.5,604.31
2026-04-14,NYY,LAA,away,0.427,0.39,0.037,146,2.5,1,3.65,607.96
2026-04-14,LAD,NYM,away,0.412,0.362,0.05,165,2.5,0,-2.5,605.46
2026-04-14,SDP,SEA,away,0.542,0.452,0.09,-120,2.5,0,-2.5,602.96
2026-04-14,ATL,MIA,home,0.649,0.586,0.063,-156,2.5,1,1.6,604.56
2026-04-14,CHW,TBR,home,0.53,0.448,0.082,114,2.5,0,-2.5,602.06
2026-04-14,STL,CLE,away,0.533,0.465,0.067,-126,2.5,0,-2.5,599.56
2026-04-14,DET,KCR,home,0.584,0.527,0.057,-122,2.5,1,2.05,601.61
2026-04-14,CIN,SFG,home,0.541,0.509,0.033,-114,2.5,1,2.19,603.8
2026-04-14,HOU,COL,away,0.61,0.387,0.222,148,2.5,0,-2.5,601.3
2026-04-15,CHW,TBR,home,0.53,0.496,0.034,-108,2.5,0,-2.5,598.8
2026-04-15,DET,KCR,home,0.581,0.361,0.22,-124,2.5,1,2.02,600.82
2026-04-15,PHI,CHC,away,0.533,0.444,0.089,116,2.5,1,2.9,603.72
2026-04-15,LAD,NYM,away,0.405,0.364,0.042,164,2.5,0,-2.5,601.22
2026-04-15,BAL,ARI,away,0.495,0.439,0.056,119,2.5,1,2.97,604.19
2026-04-15,NYY,LAA,away,0.432,0.365,0.068,163,2.5,0,-2.5,601.69
2026-04-15,ATH,TEX,away,0.463,0.387,0.076,-52,2.5,0,-2.5,599.19
2026-04-15,ATL,MIA,home,0.649,0.597,0.053,-164,2.5,1,1.52,600.72
2026-04-15,STL,CLE,away,0.533,0.495,0.038,-107,2.5,0,-2.5,598.22
2026-04-15,CIN,SFG,home,0.541,0.495,0.047,-107,2.5,1,2.34,600.55
2026-04-15,MIN,BOS,home,0.628,0.457,0.171,110,2.5,0,-2.5,598.05
2026-04-15,HOU,COL,away,0.61,0.369,0.241,160,2.5,0,-2.5,595.55
2026-04-15,SDP,SEA,away,0.538,0.498,0.04,-108,2.5,0,-2.5,593.05
2026-04-16,CLE,BAL,home,0.613,0.551,0.062,-135,2.5,1,1.85,594.9
2026-04-16,HOU,COL,away,0.616,0.395,0.221,143,2.5,1,3.57,598.48
2026-04-16,MIL,TOR,away,0.452,0.387,0.065,-52,2.5,0,-2.5,595.98
2026-04-16,DET,KCR,home,0.584,0.551,0.033,50,2.5,1,1.25,597.23
2026-04-16,PIT,WSN,home,0.663,0.597,0.066,-165,2.5,0,-2.5,594.73
2026-04-16,NYY,LAA,away,0.432,0.286,0.147,235,2.5,1,5.88,600.6
2026-04-16,SDP,SEA,away,0.527,0.447,0.079,-119,2.5,0,-2.5,598.1
2026-04-16,ATH,TEX,home,0.537,0.496,0.041,-108,2.5,0,-2.5,595.6
2026-04-17,CLE,BAL,home,0.603,0.456,0.147,-135,2.5,0,-2.5,593.1
2026-04-17,COL,LAD,home,0.449,0.273,0.176,251,2.5,0,-2.5,590.6
2026-04-17,WSN,SFG,home,0.467,0.426,0.041,125,2.5,0,-2.5,588.1
2026-04-17,NYY,KCR,away,0.425,0.394,0.031,143,2.5,0,-2.5,585.6
2026-04-17,HOU,STL,away,0.603,0.464,0.14,106,2.5,1,2.65,588.25
2026-04-18,PIT,TBR,away,0.465,0.403,0.062,138,2.5,1,3.45,591.7
2026-04-18,ARI,TOR,home,0.524,0.394,0.129,-136,2.5,1,1.84,593.54
2026-04-18,LAA,SDP,home,0.541,0.503,0.038,-112,2.5,0,-2.5,591.04
2026-04-18,HOU,STL,away,0.61,0.427,0.182,124,2.5,1,3.1,594.14
2026-04-18,MIN,CIN,home,0.59,0.544,0.047,-131,2.5,0,-2.5,591.64
2026-04-18,PHI,ATL,away,0.709,0.457,0.252,110,2.5,1,2.75,594.39
2026-04-18,CHC,NYM,home,0.58,0.503,0.076,-112,2.5,1,2.23,596.62
2026-04-18,COL,LAD,home,0.449,0.297,0.152,222,2.5,1,5.55,602.17
2026-04-18,CLE,BAL,home,0.588,0.388,0.2,-133,2.5,1,1.88,604.05
2026-04-19,ATH,CHW,away,0.459,0.417,0.042,130,2.5,1,3.25,607.3
2026-04-19,COL,LAD,home,0.449,0.331,0.118,189,2.5,1,4.72,612.03
2026-04-19,BOS,DET,away,0.603,0.434,0.169,121,2.5,1,3.02,615.05
2026-04-19,CHC,NYM,home,0.58,0.45,0.129,-132,2.5,1,1.89,616.95
2026-04-19,ARI,TOR,home,0.535,0.486,0.049,-103,2.5,0,-2.5,614.45
2026-04-19,PIT,TBR,away,0.465,0.334,0.132,-37,2.5,0,-2.5,611.95
2026-04-19,CLE,BAL,away,0.385,0.313,0.072,-33,2.5,0,-2.5,609.45
2026-04-19,PHI,ATL,away,0.709,0.502,0.207,-111,2.5,1,2.25,611.7
2026-04-19,MIN,CIN,away,0.405,0.313,0.093,-33,2.5,1,7.58,619.28
2026-04-19,HOU,STL,away,0.61,0.431,0.179,123,2.5,1,3.08,622.35
2026-04-20,CHC,PHI,home,0.653,0.5,0.153,-110,2.5,1,2.27,624.62
2026-04-20,TBR,CIN,home,0.572,0.427,0.145,-123,2.5,0,-2.5,622.12
2026-04-20,BOS,DET,away,0.595,0.452,0.144,112,2.5,0,-2.5,619.62
2026-04-20,WSN,ATL,away,0.702,0.581,0.121,-155,2.5,1,1.61,621.24
2026-04-20,KCR,BAL,home,0.584,0.497,0.087,-109,2.5,0,-2.5,618.74
2026-04-20,LAA,TOR,home,0.538,0.489,0.049,-105,2.5,0,-2.5,616.24
2026-04-20,CLE,HOU,home,0.675,0.443,0.233,-129,2.5,0,-2.5,613.74
2026-04-20,COL,LAD,home,0.466,0.338,0.128,183,2.5,0,-2.5,611.24
2026-04-21,SEA,ATH,away,0.427,0.395,0.033,143,2.5,1,3.57,614.81
2026-04-21,TBR,CIN,home,0.576,0.497,0.079,-108,2.5,0,-2.5,612.31
2026-04-21,KCR,BAL,home,0.574,0.542,0.033,-130,2.5,1,1.92,614.23
2026-04-21,SFG,LAD,home,0.471,0.386,0.085,148,2.5,1,3.7,617.93
2026-04-21,WSN,ATL,away,0.721,0.578,0.143,-152,2.5,0,-2.5,615.43
2026-04-21,CHC,PHI,home,0.663,0.531,0.132,-126,2.5,1,1.98,617.42
2026-04-21,CLE,HOU,home,0.671,0.57,0.101,-147,2.5,1,1.7,619.12
2026-04-21,NYM,MIN,away,0.456,0.403,0.053,138,2.5,1,3.45,622.57
2026-04-21,TEX,PIT,away,0.531,0.486,0.045,-103,2.5,0,-2.5,620.07
2026-04-21,MIA,STL,home,0.576,0.424,0.151,-122,2.5,0,-2.5,617.57
2026-04-21,LAA,TOR,away,0.465,0.324,0.142,-35,2.5,1,7.14,624.71
2026-04-21,DET,MIL,home,0.557,0.511,0.046,-115,2.5,0,-2.5,622.21
2026-04-22,CHC,PHI,home,0.658,0.623,0.035,-185,2.5,1,1.35,623.56
2026-04-22,ARI,CHW,away,0.452,0.42,0.032,128,2.5,0,-2.5,621.06
2026-04-22,SEA,ATH,away,0.448,0.364,0.084,163,2.5,0,-2.5,618.56
2026-04-22,NYM,MIN,away,0.486,0.408,0.078,135,2.5,0,-2.5,616.06
2026-04-22,WSN,ATL,away,0.711,0.585,0.127,-156,2.5,1,1.6,617.67
2026-04-22,LAA,TOR,away,0.465,0.424,0.042,126,2.5,0,-2.5,615.17
2026-04-22,KCR,BAL,home,0.571,0.538,0.033,-127,2.5,0,-2.5,612.67
2026-04-22,COL,SDP,home,0.493,0.404,0.088,137,2.5,1,3.43,616.09
2026-04-22,BOS,NYY,home,0.526,0.444,0.082,116,2.5,0,-2.5,613.59
2026-04-23,DET,MIL,away,0.443,0.332,0.111,188,2.5,0,-2.5,611.09
2026-04-23,COL,SDP,home,0.508,0.416,0.092,130,2.5,0,-2.5,608.59
2026-04-23,BOS,NYY,home,0.52,0.417,0.102,129,2.5,0,-2.5,606.09
2026-04-23,CHC,PHI,home,0.661,0.324,0.337,-35,2.5,1,7.14,613.23
2026-04-23,WSN,ATL,away,0.711,0.553,0.158,-136,2.5,1,1.84,615.07
2026-04-23,TEX,PIT,away,0.526,0.414,0.112,131,2.5,0,-2.5,612.57
2026-04-24,TBR,MIN,home,0.544,0.453,0.091,-133,2.5,1,1.88,614.45
2026-04-24,SFG,MIA,home,0.53,0.489,0.041,-105,2.5,0,-2.5,611.95
2026-04-24,NYM,COL,away,0.434,0.353,0.08,171,2.5,1,4.28,616.23
2026-04-24,KCR,LAA,away,0.471,0.335,0.137,-37,2.5,0,-2.5,613.73
2026-04-24,TOR,CLE,away,0.521,0.42,0.101,-120,2.5,1,2.08,615.81
2026-04-24,HOU,NYY,home,0.494,0.42,0.074,128,2.5,0,-2.5,613.31
2026-04-24,CIN,DET,home,0.432,0.306,0.126,-32,2.5,1,7.81,621.12
2026-04-24,BAL,BOS,home,0.53,0.43,0.101,-124,2.5,1,2.02,623.14
2026-04-24,ATL,PHI,home,0.7,0.488,0.212,-150,2.5,1,1.67,624.81
2026-04-24,LAD,CHC,away,0.47,0.41,0.06,134,2.5,1,3.35,628.16
2026-04-25,TOR,CLE,away,0.52,0.433,0.088,122,2.5,0,-2.5,625.66
2026-04-25,SFG,MIA,home,0.53,0.359,0.171,-122,2.5,1,2.05,627.7
2026-04-25,MIL,PIT,away,0.517,0.454,0.062,111,2.5,1,2.78,630.48
2026-04-25,HOU,NYY,home,0.471,0.428,0.043,124,2.5,0,-2.5,627.98
2026-04-25,CIN,DET,away,0.568,0.496,0.072,-108,2.5,0,-2.5,625.48
2026-04-25,BAL,BOS,home,0.535,0.364,0.171,-122,2.5,0,-2.5,622.98
2026-04-25,ATL,PHI,home,0.694,0.543,0.152,-130,2.5,0,-2.5,620.48
2026-04-25,ARI,SDP,home,0.548,0.504,0.044,-112,2.5,0,-2.5,617.98
2026-04-25,KCR,LAA,away,0.467,0.435,0.032,120,2.5,0,-2.5,615.48
2026-04-26,KCR,LAA,away,0.448,0.334,0.114,-37,2.5,0,-2.5,612.98
2026-04-26,NYM,COL,away,0.43,0.31,0.12,208,2.5,1,5.2,618.18
2026-04-26,CHW,WSN,home,0.548,0.421,0.127,-121,2.5,0,-2.5,615.68
2026-04-26,BAL,BOS,away,0.482,0.439,0.042,118,2.5,1,2.95,618.63
2026-04-26,ARI,SDP,home,0.533,0.481,0.052,89,2.5,1,2.23,620.85
2026-04-26,TEX,ATH,home,0.552,0.42,0.131,-120,2.5,0,-2.5,618.35
2026-04-26,CIN,DET,away,0.568,0.5,0.068,-110,2.5,1,2.27,620.63
2026-04-26,TOR,CLE,away,0.506,0.463,0.043,107,2.5,0,-2.5,618.13
