date,matchup,home_score,away_score,bet_side,stake,odds,model_prob,vegas_prob,edge,won,game_pnl,bankroll
2026-03-18,BOS @ NYY,1.0,0.0,,0.0,,0.5695,0.5865,0.017,,0.0,100.0
2026-03-18,CIN @ LAA,7.0,4.0,,0.0,,,,,,0.0,100.0
2026-03-18,BAL @ TOR,2.0,3.0,,0.0,,0.5649,0.5433,0.0215,,0.0,100.0
2026-03-18,HOU @ STL,4.0,1.0,STL,6.66,114.3,0.6088,0.4444,0.1644,True,7.61,107.61
2026-03-18,MIL @ SEA,7.0,3.0,,0.0,,,,,,0.0,107.61
2026-03-18,KCR @ TEX,12.0,3.0,KCR,2.41,123.5,0.4969,0.428,0.0689,False,-2.41,105.2
2026-03-18,LAA @ MIL,3.0,4.0,,0.0,,,,,,0.0,105.2
2026-03-18,COL @ CIN,6.0,8.0,,0.0,,,,,,0.0,105.2
2026-03-18,PHI @ ATL,3.0,2.0,ATL,2.42,-167.7,0.6608,0.5965,0.0643,True,1.44,106.64
2026-03-18,CHC @ ARI,16.0,8.0,,0.0,,,,,,0.0,106.64
2026-03-18,DET @ PIT,3.0,1.0,PIT,0.45,-115.5,0.5438,0.5117,0.0322,True,0.39,107.03
2026-03-19,TBR @ PHI,8.0,2.0,TBR,3.88,126.8,0.5219,0.4224,0.0995,False,-3.88,103.15
2026-03-19,TEX @ MIL,11.0,4.0,,0.0,,0.5424,0.5713,0.0289,,0.0,103.15
2026-03-19,BAL @ NYY,5.0,4.0,,0.0,,,,,,0.0,103.15
2026-03-19,NYY @ TOR,11.0,0.0,,0.0,,,,,,0.0,103.15
2026-03-19,WSN @ STL,5.0,1.0,STL,3.24,-113.3,0.59,0.507,0.083,True,2.86,106.01
2026-03-19,CHW @ SDP,13.0,6.0,,0.0,,,,,,0.0,106.01
2026-03-19,SEA @ OAK,4.0,6.0,,0.0,,,,,,0.0,106.01
2026-03-19,SFG @ COL,11.0,14.0,COL,3.58,128.2,0.5141,0.4194,0.0947,False,-3.58,102.43
2026-03-19,ARI @ CHW,4.0,2.0,,0.0,,,,,,0.0,102.43
2026-03-19,MIN @ BOS,4.0,2.0,MIN,2.74,118.0,0.5165,0.4368,0.0798,False,-2.74,99.69
2026-03-19,PIT @ BAL,5.0,2.0,,0.0,,,,,,0.0,99.69
2026-03-19,LAA @ KCR,3.0,4.0,,0.0,,,,,,0.0,99.69
2026-03-19,NYM @ HOU,2.0,6.0,HOU,0.62,108.2,0.4933,0.46,0.0333,False,-0.62,99.07
2026-03-19,KCR @ CLE,6.0,5.0,,0.0,,,,,,0.0,99.07
2026-03-20,TOR @ MIN,1.0,2.0,,0.0,,,,,,0.0,99.07
2026-03-20,MIA @ HOU,4.0,7.0,,0.0,,,,,,0.0,99.07
2026-03-20,COL @ SDP,3.0,9.0,,0.0,,,,,,0.0,99.07
2026-03-20,DET @ PHI,4.0,4.0,,0.0,,,,,,0.0,99.07
2026-03-20,CHC @ OAK,6.0,2.0,,0.0,,,,,,0.0,99.07
2026-03-20,BAL @ NYY,3.0,1.0,,0.0,,0.5885,0.5858,0.0027,,0.0,99.07
2026-03-20,STL @ NYM,3.0,4.0,NYM,0.91,-127.8,0.5771,0.537,0.0401,False,-0.91,98.16
2026-03-20,WSN @ MIA,3.0,2.0,,0.0,,,,,,0.0,98.16
2026-03-20,CIN @ CHC,6.0,8.0,,0.0,,,,,,0.0,98.16
2026-03-20,SEA @ CLE,8.0,20.0,,0.0,,0.53,0.494,0.0241,,0.0,98.16
2026-03-20,PIT @ ATL,8.0,1.0,,0.0,,0.5548,0.5334,0.0214,,0.0,98.16
2026-03-20,MIL @ ARI,8.0,7.0,,0.0,,,,,,0.0,98.16
2026-03-20,KCR @ SFG,5.0,2.0,,0.0,,,,,,0.0,98.16
2026-03-20,SDP @ LAD,4.0,3.0,,0.0,,,,,,0.0,98.16
2026-03-20,BOS @ TBR,2.0,0.0,,0.0,,0.5634,0.5877,0.0243,,0.0,98.16
2026-03-20,SFG @ TEX,6.0,5.0,,0.0,,,,,,0.0,98.16
2026-03-20,CHW @ LAA,4.0,3.0,,0.0,,0.5522,0.5518,0.0004,,0.0,98.16
2026-03-21,TEX @ ARI,5.0,2.0,,0.0,,,,,,0.0,98.16
2026-03-21,NYY @ DET,3.0,1.0,NYY,3.48,119.8,0.5323,0.4344,0.0978,False,-3.48,94.68
2026-03-21,SDP @ MIL,6.0,1.0,,0.0,,0.5513,0.5215,0.0298,,0.0,94.68
2026-03-21,HOU @ NYM,5.0,7.0,,0.0,,,,,,0.0,94.68
2026-03-21,TOR @ PIT,8.0,3.0,,0.0,,,,,,0.0,94.68
2026-03-21,ATL @ BOS,1.0,6.0,ATL,8.93,109.7,0.6742,0.4562,0.218,True,9.8,104.48
2026-03-21,PHI @ BAL,10.0,8.0,,0.0,,0.539,0.5607,0.0217,,0.0,104.48
2026-03-21,OAK @ LAD,5.0,5.0,,0.0,,0.5836,0.5784,0.0052,,0.0,104.48
2026-03-21,COL @ KCR,6.0,5.0,,0.0,,0.5771,0.5855,0.0084,,0.0,104.48
2026-03-21,CHC @ SEA,1.0,7.0,,0.0,,0.5695,0.5514,0.0181,,0.0,104.48
2026-03-21,MIN @ TBR,3.0,2.0,TBR,3.2,109.8,0.5407,0.456,0.0847,True,3.51,107.99
2026-03-21,NYM @ WSN,3.0,1.0,,0.0,,,,,,0.0,107.99
2026-03-21,MIA @ STL,7.0,4.0,,0.0,,,,,,0.0,107.99
2026-03-21,CLE @ SFG,10.0,7.0,CLE,0.0,94.2,0.5073,0.4599,0.0474,False,0.0,107.99
2026-03-21,CHW @ CIN,11.0,7.0,,0.0,,0.5531,0.546,0.0071,,0.0,107.99
2026-03-22,PHI @ NYY,6.0,2.0,,0.0,,0.5715,0.5494,0.0221,,0.0,107.99
2026-03-22,ATL @ MIN,7.0,3.0,ATL,4.81,110.0,0.5695,0.4564,0.1131,False,-4.81,103.18
2026-03-22,NYM @ MIA,4.0,3.0,MIA,0.5,93.0,0.5274,0.4616,0.0659,True,0.47,103.65
2026-03-22,LAD @ LAA,5.0,13.0,LAA,5.18,154.7,0.5141,0.3752,0.1388,False,-5.18,98.47
2026-03-22,STL @ HOU,2.0,3.0,STL,6.14,116.7,0.5959,0.4432,0.1527,True,7.17,105.64
2026-03-22,BOS @ PIT,3.0,6.0,PIT,5.11,-115.5,0.6257,0.5113,0.1144,False,-5.11,100.53
2026-03-22,OAK @ COL,6.0,5.0,COL,3.12,110.3,0.5407,0.4557,0.0851,True,3.44,103.97
2026-03-22,SEA @ CHW,2.0,4.0,,0.0,,,,,,0.0,103.97
2026-03-22,MIL @ CHC,12.0,0.0,MIL,2.72,159.0,0.4503,0.3699,0.0805,False,-2.72,101.25
2026-03-22,ARI @ SDP,1.0,11.0,ARI,1.33,130.2,0.4642,0.4162,0.048,True,1.73,102.98
2026-03-22,CIN @ CLE,8.0,2.0,,0.0,,0.5421,0.5319,0.0102,,0.0,102.98
2026-03-22,WSN @ BAL,8.0,1.0,WSN,0.55,139.2,0.4305,0.3997,0.0308,False,-0.55,102.43
2026-03-22,TBR @ TOR,14.0,1.0,TBR,2.44,144.8,0.4649,0.391,0.0739,False,-2.44,99.99
2026-03-23,BAL @ WSN,0.0,2.0,WSN,0.71,123.2,0.4636,0.4285,0.0352,False,-0.71,99.28
2026-03-23,CLE @ ARI,0.0,7.0,CLE,1.56,110.8,0.5075,0.4545,0.053,True,1.73,101.01
2026-03-23,MIN @ BOS,6.0,9.0,MIN,4.41,135.2,0.5255,0.4073,0.1182,True,5.96,106.97
2026-03-23,NYY @ CHC,15.0,6.0,,0.0,,,,,,0.0,106.97
2026-03-23,DET @ COL,6.0,5.0,,0.0,,0.5519,0.4383,0.0098,,0.0,106.97
2026-03-23,CIN @ MIL,9.0,1.0,,0.0,,,,,,0.0,106.97
2026-03-23,KCR @ TEX,3.0,2.0,KCR,0.75,105.7,0.5007,0.4652,0.0355,False,-0.75,106.22
2026-03-23,ATL @ PIT,2.0,5.0,,0.0,,0.5404,0.4398,0.0198,,0.0,106.22
2026-03-23,SEA @ SDP,10.0,3.0,,0.0,,,,,,0.0,106.22
2026-03-23,CHW @ OAK,10.0,9.0,,0.0,,0.5649,0.5415,0.0233,,0.0,106.22
2026-03-23,TBR @ PHI,0.0,7.0,TBR,5.39,153.2,0.5178,0.3784,0.1394,True,8.26,114.48
2026-03-23,LAA @ LAD,7.0,7.0,,0.0,,0.579,0.5933,0.0143,,0.0,114.48
2026-03-24,KCR @ TEX,4.0,1.0,KCR,2.04,118.2,0.4969,0.4395,0.0574,False,-2.04,112.44
2026-03-24,NYY @ CHC,3.0,8.0,,0.0,,,,,,0.0,112.44
2026-03-24,TBR @ ATL,3.0,2.0,,0.0,,0.5805,0.6054,0.0249,,0.0,112.44
2026-03-24,DET @ COL,8.0,11.0,COL,0.65,129.8,0.4481,0.4146,0.0335,False,-0.65,111.79
2026-03-24,CIN @ MIL,4.0,1.0,,0.0,,,,,,0.0,111.79
2026-03-24,LAA @ LAD,0.0,3.0,LAA,4.7,220.8,0.4275,0.2985,0.129,True,10.38,122.17
2026-03-24,BOS @ MIN,15.0,6.0,MIN,7.63,125.2,0.583,0.4242,0.1588,True,9.55,131.72
2026-03-24,CLE @ ARI,5.0,10.0,,0.0,,,,,,0.0,131.72
2026-03-25,NYY @ SFG,0.0,7.0,,0.0,,,,,,0.0,131.72
2026-03-26,CHW @ MIL,14.0,2.0,CHW,3.3,160.8,0.4452,0.3662,0.079,False,-3.3,128.42
2026-03-26,ARI @ LAD,8.0,2.0,ARI,5.33,218.8,0.4275,0.3001,0.1275,False,-5.33,123.09
2026-03-26,WSN @ CHC,4.0,10.0,,0.0,,0.6711,0.6513,0.0198,,0.0,123.09
2026-03-26,CLE @ SEA,4.0,6.0,CLE,1.8,152.0,0.4322,0.3801,0.0521,True,2.74,125.83
2026-03-26,LAA @ HOU,0.0,3.0,LAA,3.36,153.2,0.4596,0.3779,0.0817,True,5.15,130.98
2026-03-26,MIN @ BAL,2.0,1.0,MIN,5.77,122.3,0.5467,0.4315,0.1152,False,-5.77,125.21
2026-03-26,PIT @ NYM,11.0,7.0,,0.0,,,,,,0.0,125.21
2026-03-26,DET @ SDP,2.0,8.0,,0.0,,0.5519,0.4588,0.0107,,0.0,125.21
2026-03-26,BOS @ CIN,0.0,3.0,CIN,5.93,134.0,0.5358,0.4093,0.1265,False,-5.93,119.28
2026-03-26,TEX @ PHI,5.0,3.0,TEX,5.31,133.8,0.5296,0.4096,0.12,False,-5.31,113.97
2026-03-26,TBR @ STL,9.0,7.0,,0.0,,,,,,0.0,113.97
2026-03-27,KCR @ ATL,6.0,0.0,ATL,0.32,-145.7,0.5976,0.5669,0.0307,True,0.22,114.19
2026-03-27,NYY @ SFG,0.0,3.0,SFG,2.8,111.7,0.5241,0.4527,0.0714,False,-2.8,111.39
2026-03-27,LAA @ HOU,2.0,6.0,LAA,2.25,139.8,0.4642,0.3987,0.0655,True,3.15,114.54
2026-03-27,COL @ MIA,2.0,1.0,COL,2.2,157.7,0.4351,0.3713,0.0638,False,-2.2,112.34
2026-03-27,DET @ SDP,2.0,5.0,,0.0,,,,,,0.0,112.34
2026-03-27,ARI @ LAD,5.0,4.0,ARI,3.73,194.2,0.4275,0.325,0.1025,False,-3.73,108.61
2026-03-27,ATH @ TOR,,,,0.0,,,,,,0.0,108.61
2026-03-27,CLE @ SEA,5.0,1.0,CLE,1.07,143.0,0.4348,0.3936,0.0412,False,-1.07,107.54
2026-03-28,CHW @ MIL,6.0,1.0,CHW,1.79,162.0,0.4229,0.365,0.0579,False,-1.79,105.75
2026-03-28,CLE @ SEA,5.0,6.0,CLE,1.48,152.2,0.4302,0.3795,0.0507,True,2.25,108.0
2026-03-28,WSN @ CHC,10.0,2.0,,0.0,,0.6711,0.6803,0.0092,,0.0,108.0
2026-03-28,TBR @ STL,6.0,5.0,,0.0,,0.5251,0.4947,0.0198,,0.0,108.0
2026-03-28,COL @ MIA,4.0,3.0,COL,2.2,159.7,0.4351,0.3682,0.067,False,-2.2,105.8
2026-03-28,ARI @ LAD,3.0,2.0,ARI,3.47,197.7,0.4229,0.3212,0.1017,False,-3.47,102.33
2026-03-28,NYY @ SFG,1.0,3.0,,0.0,,,,,,0.0,102.33
2026-03-28,BOS @ CIN,6.0,5.0,CIN,3.81,116.5,0.5421,0.4419,0.1002,True,4.44,106.77
2026-03-28,TEX @ PHI,4.0,5.0,TEX,3.76,121.0,0.5296,0.4327,0.0969,True,4.55,111.32
2026-03-28,PIT @ NYM,4.0,2.0,PIT,2.11,145.0,0.453,0.3909,0.062,False,-2.11,109.21
2026-03-28,MIN @ BAL,1.0,4.0,MIN,5.76,135.0,0.5467,0.4078,0.139,True,7.78,116.99
2026-03-28,KCR @ ATL,6.0,2.0,,0.0,,0.5952,0.5693,0.0259,,0.0,116.99
2026-03-28,DET @ SDP,3.0,0.0,DET,3.04,-108.7,0.5706,0.4988,0.0718,False,-3.04,113.95
2026-03-28,LAA @ HOU,11.0,9.0,LAA,0.69,118.0,0.4719,0.4406,0.0313,False,-0.69,113.26
2026-03-28,ATH @ TOR,,,,0.0,,,,,,0.0,113.26
2026-03-29,TBR @ STL,7.0,11.0,,0.0,,,,,,0.0,113.26
2026-03-29,TEX @ PHI,3.0,8.0,TEX,4.85,131.3,0.5296,0.4142,0.1154,True,6.37,119.63
2026-03-29,BOS @ CIN,3.0,2.0,CIN,3.9,114.5,0.5358,0.4472,0.0886,True,4.47,124.1
2026-03-29,WSN @ CHC,3.0,6.0,,0.0,,0.6767,0.6799,0.0032,,0.0,124.1
2026-03-29,MIN @ BAL,8.0,6.0,MIN,6.0,130.2,0.5438,0.4163,0.1275,False,-6.0,118.1
2026-03-29,PIT @ NYM,3.0,4.0,PIT,2.63,150.3,0.453,0.3824,0.0705,True,3.95,122.05
2026-03-29,KCR @ ATL,1.0,4.0,,0.0,,0.5909,0.5785,0.0124,,0.0,122.05
2026-03-29,ATH @ TOR,,,,0.0,,,,,,0.0,122.05
2026-03-29,CLE @ SEA,8.0,0.0,,0.0,,0.5698,0.5787,0.0089,,0.0,122.05
2026-03-29,LAA @ HOU,9.0,7.0,LAA,3.36,146.0,0.4719,0.3898,0.0821,False,-3.36,118.69
2026-03-29,COL @ MIA,4.0,3.0,COL,2.01,153.7,0.4351,0.3761,0.059,False,-2.01,116.68
2026-03-29,CHW @ MIL,9.0,7.0,,0.0,,0.5836,0.602,0.0184,,0.0,116.68
2026-03-30,SFG @ SDP,2.0,3.0,,0.0,,0.5281,0.5135,0.0146,,0.0,116.68
2026-03-30,CHW @ MIA,4.0,9.0,MIA,0.0,-144.0,0.5695,0.5233,0.0462,False,0.0,116.68
2026-03-30,TBR @ MIL,2.0,3.0,TBR,1.4,132.2,0.458,0.4129,0.0451,True,1.85,118.53
2026-03-30,DET @ ARI,9.0,6.0,,0.0,,,,,,0.0,118.53
2026-03-30,WSN @ PHI,2.0,13.0,WSN,1.16,142.7,0.4351,0.3946,0.0405,True,1.66,120.19
2026-03-30,COL @ TOR,5.0,14.0,COL,6.2,232.2,0.4452,0.288,0.1573,True,14.4,134.59
2026-03-30,MIN @ KCR,3.0,1.0,MIN,3.67,135.2,0.4878,0.4071,0.0808,False,-3.67,130.92
2026-03-30,ATH @ ATL,,,,0.0,,,,,,0.0,130.92
2026-03-30,TEX @ BAL,2.0,5.0,TEX,3.38,110.3,0.5296,0.4575,0.0722,True,3.73,134.65
2026-03-30,NYM @ STL,2.0,4.0,STL,4.9,125.3,0.5249,0.4247,0.1002,False,-4.9,129.75
2026-03-30,PIT @ CIN,2.0,0.0,PIT,5.3,110.7,0.5605,0.4537,0.1068,False,-5.3,124.45
2026-03-30,BOS @ HOU,8.0,1.0,,0.0,,,,,,0.0,124.45
2026-03-30,LAA @ CHC,7.0,2.0,LAA,3.08,160.2,0.4452,0.3681,0.0771,False,-3.08,121.37
2026-03-30,CLE @ LAD,2.0,4.0,CLE,1.41,153.3,0.4229,0.3774,0.0455,True,2.16,123.53
2026-03-30,NYY @ SEA,2.0,1.0,,0.0,,,,,,0.0,123.53
2026-03-31,CLE @ LAD,4.0,1.0,CLE,4.9,218.5,0.4229,0.3006,0.1224,False,-4.9,118.63
2026-03-31,NYM @ STL,3.0,0.0,STL,4.47,127.5,0.5241,0.4206,0.1035,True,5.7,124.33
2026-03-31,PIT @ CIN,3.0,8.0,,0.0,,,,,,0.0,124.33
2026-03-31,NYY @ SEA,0.0,5.0,,0.0,,,,,,0.0,124.33
2026-03-31,SFG @ SDP,3.0,9.0,SDP,3.61,114.5,0.5281,0.447,0.0811,False,-3.61,120.72
2026-03-31,COL @ TOR,5.0,1.0,COL,5.82,214.0,0.4498,0.3045,0.1454,False,-5.82,114.9
2026-03-31,TBR @ MIL,6.0,2.0,,0.0,,0.5438,0.5384,0.0054,,0.0,114.9
2026-03-31,BOS @ HOU,9.0,2.0,BOS,5.24,124.0,0.5474,0.4283,0.1191,False,-5.24,109.66
2026-03-31,WSN @ PHI,3.0,2.0,WSN,2.2,154.8,0.4412,0.3753,0.0659,False,-2.2,107.46
2026-03-31,DET @ ARI,7.0,5.0,DET,1.66,-107.0,0.5467,0.4938,0.0529,False,-1.66,105.8
2026-03-31,ATH @ ATL,,,,0.0,,,,,,0.0,105.8
2026-03-31,TEX @ BAL,5.0,8.0,,0.0,,0.5364,0.4638,0.0002,,0.0,105.8
2026-03-31,CHW @ MIA,9.0,2.0,,0.0,,0.5548,0.5749,0.0201,,0.0,105.8
2026-03-31,LAA @ CHC,0.0,2.0,,0.0,,0.5649,0.5605,0.0043,,0.0,105.8
2026-04-01,PIT @ CIN,3.0,8.0,,0.0,,0.5605,0.4271,0.0124,,0.0,105.8
2026-04-01,BOS @ HOU,6.0,4.0,,0.0,,0.543,0.4304,0.0266,,0.0,105.8
2026-04-01,ATH @ ATL,,,,0.0,,,,,,0.0,105.8
2026-04-01,CHW @ MIA,10.0,0.0,,0.0,,0.5594,0.5714,0.012,,0.0,105.8
2026-04-01,NYY @ SEA,3.0,5.0,,0.0,,,,,,0.0,105.8
2026-04-01,TBR @ MIL,8.0,2.0,,0.0,,0.5455,0.5602,0.0147,,0.0,105.8
2026-04-01,COL @ TOR,1.0,2.0,COL,5.45,226.3,0.4495,0.2928,0.1567,True,12.33,118.13
2026-04-01,NYM @ STL,2.0,1.0,STL,5.34,138.7,0.5241,0.4004,0.1237,True,7.41,125.54
2026-04-01,WSN @ PHI,6.0,5.0,WSN,6.53,225.5,0.4513,0.2943,0.157,False,-6.53,119.01
2026-04-01,DET @ ARI,1.0,0.0,ARI,1.16,132.0,0.4533,0.4134,0.0399,True,1.53,120.54
2026-04-01,TEX @ BAL,8.0,3.0,TEX,1.91,-104.0,0.5408,0.4868,0.054,False,-1.91,118.63
2026-04-01,MIN @ KCR,13.0,9.0,,0.0,,,,,,0.0,118.63
2026-04-01,SFG @ SDP,7.0,1.0,SFG,1.88,129.3,0.4719,0.4177,0.0541,False,-1.88,116.75
2026-04-01,CLE @ LAD,1.0,4.0,CLE,4.74,229.8,0.4164,0.2906,0.1257,True,10.89,127.64
2026-04-01,LAA @ CHC,6.0,2.0,LAA,1.52,139.5,0.4452,0.4014,0.0438,False,-1.52,126.12
2026-04-02,NYM @ SFG,7.0,2.0,SFG,2.75,103.5,0.5358,0.4704,0.0654,True,2.85,128.97
2026-04-02,ATL @ ARI,2.0,17.0,,0.0,,,,,,0.0,128.97
2026-04-02,MIN @ KCR,1.0,5.0,MIN,1.91,128.0,0.4719,0.4194,0.0524,True,2.44,131.41
2026-04-03,TBR @ MIN,10.0,4.0,MIN,1.3,-115.7,0.5548,0.5089,0.0459,True,1.12,132.53
2026-04-03,BAL @ PIT,5.0,4.0,,0.0,,,,,,0.0,132.53
2026-04-03,SEA @ LAA,1.0,3.0,LAA,5.74,133.0,0.5281,0.4109,0.1172,False,-5.74,126.79
2026-04-03,MIA @ NYY,8.0,2.0,,0.0,,0.5695,0.596,0.0265,,0.0,126.79
2026-04-03,HOU @ OAK,11.0,4.0,OAK,2.09,-109.8,0.5548,0.5005,0.0543,True,1.9,128.69
2026-04-03,NYM @ SFG,3.0,10.0,SFG,3.76,110.8,0.5358,0.454,0.0818,False,-3.76,124.93
2026-04-03,LAD @ WSN,6.0,13.0,WSN,8.49,223.5,0.497,0.2957,0.2013,False,-8.49,116.44
2026-04-03,PHI @ COL,1.0,10.0,COL,9.44,160.5,0.5836,0.3667,0.2169,False,-9.44,107.0
2026-04-03,CIN @ TEX,3.0,5.0,CIN,0.89,140.5,0.4351,0.398,0.0371,True,1.25,108.25
2026-04-03,ATL @ ARI,0.0,2.0,ATL,2.95,-111.7,0.5792,0.5005,0.0787,True,2.64,110.89
2026-04-03,SDP @ BOS,5.0,2.0,,0.0,,0.5175,0.5336,0.0161,,0.0,110.89
2026-04-03,TOR @ CHW,5.0,4.0,CHW,4.41,166.7,0.4745,0.3588,0.1157,True,7.35,118.24
2026-04-03,CHC @ CLE,4.0,1.0,,0.0,,,,,,0.0,118.24
2026-04-03,STL @ DET,4.0,0.0,,0.0,,0.6257,0.6152,0.0105,,0.0,118.24
2026-04-04,LAD @ WSN,5.0,10.0,WSN,8.13,245.7,0.4847,0.2758,0.2089,False,-8.13,110.11
2026-04-04,CIN @ TEX,0.0,2.0,,0.0,,0.5649,0.565,0.0002,,0.0,110.11
2026-04-04,MIA @ NYY,9.0,7.0,,0.0,,,,,,0.0,110.11
2026-04-04,PHI @ COL,1.0,2.0,COL,10.22,202.8,0.579,0.3158,0.2632,False,-10.22,99.89
2026-04-04,SEA @ LAA,1.0,0.0,LAA,4.29,132.5,0.5281,0.4115,0.1166,True,5.68,105.57
2026-04-04,ATL @ ARI,2.0,1.0,ATL,3.85,-105.5,0.5843,0.4928,0.0915,False,-3.85,101.72
2026-04-04,HOU @ OAK,0.0,11.0,OAK,1.61,-115.3,0.5649,0.5102,0.0547,False,-1.61,100.11
2026-04-04,MIL @ KCR,2.0,5.0,,0.0,,,,,,0.0,100.11
2026-04-04,NYM @ SFG,0.0,9.0,,0.0,,,,,,0.0,100.11
2026-04-04,BAL @ PIT,3.0,2.0,,0.0,,,,,,0.0,100.11
2026-04-04,TBR @ MIN,1.0,7.0,,0.0,,,,,,0.0,100.11
2026-04-04,STL @ DET,,,DET,0.8,-166.0,0.636,0.5951,0.0409,True,0.48,100.59
2026-04-04,SDP @ BOS,2.0,3.0,SDP,0.98,122.2,0.4715,0.4304,0.0411,True,1.2,101.79
2026-04-04,TOR @ CHW,6.0,3.0,CHW,1.52,126.8,0.4744,0.4203,0.0541,True,1.93,103.72
2026-04-04,MIL @ KCR,2.0,5.0,,0.0,,,,,,0.0,103.72
2026-04-05,BAL @ PIT,8.0,2.0,,0.0,,,,,,0.0,103.72
2026-04-05,CIN @ TEX,1.0,2.0,,0.0,,,,,,0.0,103.72
2026-04-05,LAD @ WSN,6.0,8.0,WSN,2.8,148.0,0.4677,0.3853,0.0824,False,-2.8,100.92
2026-04-05,SDP @ BOS,6.0,8.0,SDP,1.62,129.8,0.4715,0.4145,0.057,True,2.1,103.02
2026-04-05,CHC @ CLE,0.0,1.0,CLE,0.81,108.3,0.4965,0.4583,0.0382,False,-0.81,102.21
2026-04-05,MIA @ NYY,6.0,7.0,MIA,4.95,240.5,0.4305,0.2812,0.1493,True,11.9,114.11
2026-04-05,TOR @ CHW,3.0,0.0,CHW,2.65,135.0,0.4788,0.4057,0.0731,True,3.58,117.69
2026-04-05,NYM @ SFG,2.0,5.0,,0.0,,,,,,0.0,117.69
2026-04-05,HOU @ OAK,12.0,10.0,,0.0,,,,,,0.0,117.69
2026-04-05,ATL @ ARI,6.0,5.0,ATL,3.74,-110.0,0.5843,0.5008,0.0836,False,-3.74,113.95
2026-04-05,SEA @ LAA,8.0,7.0,LAA,5.34,138.5,0.5281,0.4016,0.1265,True,7.4,121.35
2026-04-05,STL @ DET,3.0,5.0,DET,3.96,-143.8,0.6433,0.5634,0.0799,False,-3.96,117.39
2026-04-05,TBR @ MIN,1.0,4.0,,0.0,,,,,,0.0,117.39
2026-04-05,PHI @ COL,4.0,1.0,COL,7.51,130.3,0.579,0.4143,0.1647,True,9.79,127.18
2026-04-05,MIL @ KCR,5.0,8.0,,0.0,,0.507,0.5336,0.0266,,0.0,127.18
2026-04-05,CHC @ CLE,0.0,1.0,CLE,1.0,108.3,0.4965,0.4583,0.0382,True,1.08,128.26
2026-04-06,CIN @ MIA,0.0,2.0,,0.0,,,,,,0.0,128.26
2026-04-06,MIL @ BOS,6.0,8.0,,0.0,,,,,,0.0,128.26
2026-04-06,SEA @ TEX,2.0,1.0,,0.0,,,,,,0.0,128.26
2026-04-06,SDP @ PIT,0.0,5.0,PIT,1.28,-135.3,0.592,0.5507,0.0412,False,-1.28,126.98
2026-04-06,DET @ MIN,7.0,3.0,DET,1.83,104.8,0.5178,0.4678,0.05,False,-1.83,125.15
2026-04-06,LAD @ TOR,2.0,14.0,TOR,3.68,111.0,0.5358,0.4523,0.0835,False,-3.68,121.47
2026-04-06,PHI @ SFG,4.0,6.0,,0.0,,,,,,0.0,121.47
2026-04-06,KCR @ CLE,2.0,4.0,,0.0,,,,,,0.0,121.47
2026-04-06,CHC @ TBR,6.0,4.0,,0.0,,0.5281,0.5283,0.0002,,0.0,121.47
2026-04-06,ATL @ LAA,6.0,2.0,LAA,3.25,142.3,0.4757,0.3926,0.0831,True,4.62,126.09
2026-04-06,HOU @ COL,9.0,7.0,COL,9.84,139.7,0.5991,0.3988,0.2003,True,13.75,139.84
2026-04-06,STL @ WSN,9.0,6.0,,0.0,,0.5255,0.49,0.0156,,0.0,139.84
2026-04-06,BAL @ CHW,1.0,2.0,CHW,4.47,118.3,0.5274,0.4363,0.0911,False,-4.47,135.37
2026-04-07,ATL @ LAA,2.0,7.0,LAA,2.82,108.2,0.5237,0.4604,0.0633,False,-2.82,132.55
2026-04-07,CIN @ MIA,3.0,6.0,,0.0,,0.5649,0.553,0.0118,,0.0,132.55
2026-04-07,ATH @ NYY,,,,0.0,,,,,,0.0,132.55
2026-04-07,BAL @ CHW,2.0,4.0,CHW,4.85,124.0,0.5274,0.4273,0.1002,False,-4.85,127.7
2026-04-07,SDP @ PIT,7.0,1.0,,0.0,,0.5953,0.5725,0.0228,,0.0,127.7
2026-04-07,DET @ MIN,4.0,2.0,MIN,5.15,141.0,0.5094,0.3967,0.1127,True,7.26,134.96
2026-04-07,STL @ WSN,6.0,7.0,STL,0.73,-106.2,0.5255,0.4916,0.034,True,0.69,135.65
2026-04-07,ARI @ NYM,4.0,3.0,,0.0,,0.5695,0.5792,0.0097,,0.0,135.65
2026-04-07,PHI @ SFG,6.0,0.0,SFG,8.16,126.2,0.5763,0.4219,0.1545,True,10.3,145.95
2026-04-07,LAD @ TOR,1.0,4.0,TOR,5.77,128.0,0.5274,0.4173,0.1101,False,-5.77,140.18
2026-04-07,HOU @ COL,5.0,1.0,COL,11.25,144.2,0.5991,0.3902,0.2089,True,16.22,156.4
2026-04-07,SEA @ TEX,3.0,2.0,,0.0,,,,,,0.0,156.4
2026-04-07,CHC @ TBR,2.0,9.0,,0.0,,,,,,0.0,156.4
2026-04-07,MIL @ BOS,3.0,2.0,MIL,8.37,134.8,0.5488,0.4061,0.1427,False,-8.37,148.03
2026-04-07,KCR @ CLE,2.0,1.0,,0.0,,,,,,0.0,148.03
2026-04-08,MIL @ BOS,5.0,0.0,MIL,5.88,115.7,0.5488,0.4422,0.1065,False,-5.88,142.15
2026-04-08,SEA @ TEX,3.0,0.0,,0.0,,,,,,0.0,142.15
2026-04-08,CHC @ TBR,2.0,6.0,,0.0,,0.5201,0.5036,0.0165,,0.0,142.15
2026-04-08,BAL @ CHW,3.0,5.0,CHW,6.42,132.8,0.5327,0.4111,0.1216,False,-6.42,135.73
2026-04-08,CIN @ MIA,7.0,4.0,,0.0,,0.5649,0.5412,0.0237,,0.0,135.73
2026-04-08,PHI @ SFG,5.0,0.0,SFG,8.38,112.2,0.6018,0.452,0.1498,True,9.4,145.13
2026-04-08,HOU @ COL,9.0,1.0,COL,10.59,128.3,0.602,0.4197,0.1823,True,13.59,158.72
2026-04-08,ATL @ LAA,2.0,8.0,LAA,3.2,107.5,0.5237,0.4617,0.062,False,-3.2,155.52
2026-04-08,KCR @ CLE,10.0,2.0,CLE,3.46,109.0,0.5248,0.4582,0.0666,True,3.77,159.29
2026-04-08,LAD @ TOR,4.0,3.0,TOR,4.92,130.7,0.5034,0.4152,0.0882,True,6.43,165.72
2026-04-08,STL @ WSN,1.0,6.0,,0.0,,0.5255,0.4696,0.0048,,0.0,165.72
2026-04-08,ATH @ NYY,,,,0.0,,,,,,0.0,165.72
2026-04-08,ARI @ NYM,2.0,7.0,,0.0,,0.5695,0.5583,0.0112,,0.0,165.72
2026-04-08,DET @ MIN,8.0,6.0,MIN,5.32,128.8,0.5094,0.4188,0.0906,True,6.85,172.57
2026-04-08,SDP @ PIT,2.0,8.0,,0.0,,,,,,0.0,172.57
2026-04-09,COL @ SDP,7.0,3.0,COL,4.99,151.5,0.4673,0.3804,0.0869,False,-4.99,167.58
2026-04-09,ATH @ NYY,,,,0.0,,,,,,0.0,167.58
2026-04-09,CIN @ MIA,8.0,1.0,MIA,0.84,-125.2,0.5649,0.5324,0.0325,True,0.67,168.25
2026-04-09,ARI @ NYM,1.0,7.0,ARI,1.87,147.5,0.4305,0.3869,0.0436,True,2.76,171.01
2026-04-09,CHW @ KCR,0.0,2.0,CHW,2.31,151.3,0.4305,0.3811,0.0494,True,3.5,174.51
2026-04-09,DET @ MIN,3.0,1.0,MIN,3.69,115.5,0.5094,0.4444,0.065,True,4.26,178.77
2026-04-10,SFG @ BAL,3.0,6.0,,0.0,,,,,,0.0,178.77
2026-04-10,CHW @ KCR,2.0,0.0,CHW,3.09,154.3,0.4351,0.3766,0.0585,False,-3.09,175.68
2026-04-10,ARI @ PHI,4.0,5.0,ARI,7.93,148.2,0.5107,0.3856,0.1251,True,11.75,187.43
2026-04-10,PIT @ CHC,0.0,2.0,PIT,6.29,125.7,0.5178,0.4239,0.0939,True,7.91,195.34
2026-04-10,LAA @ CIN,2.0,10.0,LAA,4.97,146.0,0.4669,0.3888,0.0781,True,7.26,202.6
2026-04-10,BOS @ STL,3.0,2.0,STL,6.93,114.5,0.5393,0.4466,0.0927,True,7.93,210.53
2026-04-10,NYY @ TBR,5.0,3.0,,0.0,,,,,,0.0,210.53
2026-04-10,ATH @ NYM,,,,0.0,,,,,,0.0,210.53
2026-04-10,HOU @ SEA,9.0,6.0,SEA,16.84,-135.3,0.711,0.5528,0.1581,True,12.45,222.98
2026-04-10,CLE @ ATL,11.0,5.0,ATL,5.4,-137.3,0.6194,0.5544,0.065,True,3.93,226.91
2026-04-10,COL @ SDP,5.0,2.0,COL,6.63,148.8,0.4719,0.3843,0.0876,False,-6.63,220.28
2026-04-10,MIN @ TOR,10.0,4.0,MIN,4.58,123.7,0.493,0.4276,0.0654,False,-4.58,215.7
2026-04-10,WSN @ MIL,3.0,7.0,,0.0,,0.6658,0.643,0.0228,,0.0,215.7
2026-04-10,TEX @ LAD,8.0,7.0,TEX,6.09,182.0,0.4275,0.3387,0.0888,False,-6.09,209.61
2026-04-10,MIA @ DET,2.0,0.0,,0.0,,0.5659,0.5528,0.0131,,0.0,209.61
2026-04-11,ARI @ PHI,4.0,3.0,ARI,4.22,106.8,0.5251,0.4626,0.0625,False,-4.22,205.39
2026-04-11,HOU @ SEA,8.0,7.0,SEA,14.68,-154.0,0.7189,0.581,0.1379,True,9.53,214.92
2026-04-11,COL @ SDP,9.0,5.0,COL,3.84,139.2,0.4596,0.3997,0.0599,False,-3.84,211.08
2026-04-11,BOS @ STL,1.0,7.0,STL,8.12,117.0,0.5438,0.4413,0.1025,False,-8.12,202.96
2026-04-11,PIT @ CHC,3.0,4.0,PIT,6.67,124.8,0.5178,0.4262,0.0916,True,8.32,211.28
2026-04-11,MIN @ TOR,4.0,7.0,,0.0,,,,,,0.0,211.28
2026-04-11,TEX @ LAD,6.0,3.0,TEX,2.7,155.2,0.4229,0.3748,0.0481,False,-2.7,208.58
2026-04-11,WSN @ MIL,1.0,3.0,MIL,3.78,-177.5,0.6658,0.6121,0.0537,False,-3.78,204.8
2026-04-11,MIA @ DET,6.0,1.0,,0.0,,0.5669,0.5629,0.004,,0.0,204.8
2026-04-11,NYY @ TBR,5.0,4.0,TBR,10.45,148.7,0.5241,0.3847,0.1394,True,15.54,220.34
2026-04-11,CLE @ ATL,0.0,6.0,,0.0,,,,,,0.0,220.34
2026-04-11,LAA @ CIN,7.0,3.0,,0.0,,,,,,0.0,220.34
2026-04-11,ATH @ NYM,,,,0.0,,,,,,0.0,220.34
2026-04-11,SFG @ BAL,6.0,2.0,,0.0,,,,,,0.0,220.34
2026-04-11,CHW @ KCR,2.0,0.0,CHW,4.15,157.0,0.4351,0.3721,0.0631,False,-4.15,216.19
2026-04-12,ATH @ NYM,,,,0.0,,,,,,0.0,216.19
2026-04-12,NYY @ TBR,5.0,4.0,TBR,5.15,119.2,0.508,0.4368,0.0711,True,6.14,222.33
2026-04-12,COL @ SDP,7.0,2.0,COL,9.2,183.7,0.4596,0.3373,0.1223,False,-9.2,213.13
2026-04-12,BOS @ STL,3.0,9.0,,0.0,,,,,,0.0,213.13
2026-04-12,SFG @ BAL,6.0,2.0,,0.0,,,,,,0.0,213.13
2026-04-12,MIN @ TOR,2.0,8.0,,0.0,,,,,,0.0,213.13
2026-04-12,MIA @ DET,8.0,2.0,MIA,3.2,153.7,0.4305,0.3767,0.0538,False,-3.2,209.93
2026-04-12,CHW @ KCR,5.0,6.0,CHW,3.2,152.7,0.4325,0.3782,0.0543,True,4.89,214.82
2026-04-12,WSN @ MIL,6.0,8.0,,0.0,,0.6363,0.645,0.0087,,0.0,214.82
2026-04-12,LAA @ CIN,6.0,9.0,CIN,2.11,-109.2,0.5407,0.4983,0.0425,False,-2.11,212.71
2026-04-12,HOU @ SEA,6.0,1.0,SEA,11.91,-183.0,0.7258,0.6184,0.1074,True,6.51,219.22
2026-04-12,TEX @ LAD,2.0,5.0,,0.0,,0.5725,0.5452,0.0273,,0.0,219.22
2026-04-12,ARI @ PHI,3.0,4.0,ARI,5.34,116.0,0.5153,0.4425,0.0728,True,6.19,225.41
2026-04-12,CLE @ ATL,13.0,1.0,,0.0,,0.6363,0.6292,0.0071,,0.0,225.41
2026-04-12,PIT @ CHC,7.0,6.0,PIT,4.96,112.2,0.5178,0.4522,0.0656,False,-4.96,220.45
2026-04-13,CLE @ STL,3.0,9.0,,0.0,,,,,,0.0,220.45
2026-04-13,NYM @ LAD,4.0,0.0,NYM,2.09,134.7,0.4478,0.4084,0.0395,False,-2.09,218.36
2026-04-13,TEX @ OAK,1.0,8.0,OAK,6.78,106.3,0.5487,0.464,0.0847,False,-6.78,211.58
2026-04-13,WSN @ PIT,16.0,5.0,WSN,1.52,189.7,0.364,0.3306,0.0333,False,-1.52,210.06
2026-04-13,BOS @ MIN,13.0,6.0,,0.0,,,,,,0.0,210.06
2026-04-13,LAA @ NYY,11.0,10.0,LAA,2.84,151.3,0.4305,0.3815,0.049,False,-2.84,207.22
2026-04-13,CHC @ PHI,13.0,7.0,CHC,12.37,152.0,0.5408,0.38,0.1608,False,-12.37,194.85
2026-04-13,ARI @ BAL,9.0,7.0,,0.0,,0.5171,0.5426,0.0255,,0.0,194.85
2026-04-13,HOU @ SEA,6.0,2.0,SEA,12.03,-177.3,0.7285,0.6126,0.1159,True,6.79,201.64
2026-04-13,MIA @ ATL,4.0,10.0,ATL,7.36,-144.0,0.65,0.5641,0.0859,False,-7.36,194.28
2026-04-14,NYM @ LAD,2.0,1.0,NYM,5.19,164.0,0.4452,0.3634,0.0818,False,-5.19,189.09
2026-04-14,LAA @ NYY,1.0,7.0,LAA,1.56,143.3,0.4305,0.3933,0.0372,True,2.24,191.33
2026-04-14,ARI @ BAL,3.0,4.0,ARI,4.36,132.0,0.4829,0.4135,0.0693,True,5.76,197.09
2026-04-14,CHC @ PHI,4.0,10.0,CHC,7.47,118.0,0.5408,0.4419,0.0989,True,8.81,205.9
2026-04-14,SEA @ SDP,4.0,1.0,,0.0,,,,,,0.0,205.9
2026-04-14,TOR @ MIL,7.0,9.0,,0.0,,0.5505,0.5276,0.0229,,0.0,205.9
2026-04-14,BOS @ MIN,6.0,0.0,MIN,15.34,117.3,0.621,0.4408,0.1803,True,17.99,223.89
2026-04-14,WSN @ PIT,4.0,5.0,PIT,2.76,-182.7,0.6637,0.6196,0.0442,False,-2.76,221.13
2026-04-14,MIA @ ATL,6.0,5.0,ATL,6.28,-153.3,0.65,0.5812,0.0688,True,4.1,225.23
2026-04-14,TBR @ CHW,5.0,8.0,CHW,6.49,114.3,0.5281,0.4461,0.082,False,-6.49,218.74
2026-04-14,CLE @ STL,6.0,5.0,,0.0,,,,,,0.0,218.74
2026-04-14,KCR @ DET,2.0,1.0,DET,2.21,-124.7,0.573,0.5326,0.0404,True,1.77,220.51
2026-04-14,TEX @ OAK,2.0,1.0,,0.0,,,,,,0.0,220.51
2026-04-14,SFG @ CIN,2.0,1.0,,0.0,,0.5407,0.513,0.0278,,0.0,220.51
2026-04-14,COL @ HOU,7.0,6.0,COL,18.22,152.3,0.5959,0.3797,0.2162,False,-18.22,202.29
2026-04-15,TOR @ MIL,2.0,1.0,,0.0,,,,,,0.0,202.29
2026-04-15,KCR @ DET,2.0,1.0,,0.0,,,,,,0.0,202.29
2026-04-15,LAA @ NYY,5.0,4.0,LAA,3.92,161.3,0.4305,0.3666,0.064,False,-3.92,198.37
2026-04-15,WSN @ PIT,2.0,0.0,PIT,3.51,-176.3,0.6637,0.6108,0.0529,True,1.99,200.36
2026-04-15,CHC @ PHI,2.0,11.0,CHC,7.09,115.0,0.5408,0.4453,0.0955,True,8.15,208.51
2026-04-15,TBR @ CHW,3.0,8.0,,0.0,,0.5281,0.5025,0.0256,,0.0,208.51
2026-04-15,ARI @ BAL,5.0,8.0,ARI,2.89,121.0,0.4829,0.4333,0.0496,True,3.5,212.01
2026-04-15,NYM @ LAD,8.0,2.0,NYM,6.06,167.7,0.4452,0.3583,0.0869,False,-6.06,205.95
2026-04-15,TEX @ OAK,6.0,5.0,,0.0,,0.542,0.5155,0.0265,,0.0,205.95
2026-04-15,MIA @ ATL,6.0,3.0,ATL,4.04,-163.3,0.65,0.5944,0.0556,True,2.47,208.42
2026-04-15,CLE @ STL,5.0,3.0,,0.0,,0.5113,0.5046,0.0159,,0.0,208.42
2026-04-15,SFG @ CIN,8.0,3.0,CIN,2.57,-107.0,0.5407,0.4938,0.0469,True,2.4,210.82
2026-04-15,BOS @ MIN,5.0,9.0,MIN,15.45,113.7,0.6239,0.4487,0.1753,False,-15.45,195.37
2026-04-15,COL @ HOU,3.0,1.0,COL,16.69,159.0,0.5959,0.37,0.2259,False,-16.69,178.68
2026-04-15,SEA @ SDP,7.0,6.0,SEA,2.77,-109.3,0.5519,0.4985,0.0534,False,-2.77,175.91
2026-04-16,SFG @ CIN,0.0,3.0,,0.0,,0.5407,0.5291,0.0116,,0.0,175.91
2026-04-16,BAL @ CLE,4.0,2.0,,0.0,,0.5649,0.5504,0.0145,,0.0,175.91
2026-04-16,COL @ HOU,2.0,3.0,COL,14.06,146.3,0.5959,0.3887,0.2072,True,20.57,196.48
2026-04-16,TOR @ MIL,2.0,1.0,,0.0,,,,,,0.0,196.48
2026-04-16,KCR @ DET,10.0,9.0,,0.0,,,,,,0.0,196.48
2026-04-16,WSN @ PIT,7.0,8.0,PIT,5.13,-166.3,0.6637,0.5981,0.0656,False,-5.13,191.35
2026-04-16,TBR @ CHW,3.0,5.0,,0.0,,,,,,0.0,191.35
2026-04-16,LAA @ NYY,4.0,11.0,LAA,8.9,233.0,0.4305,0.2873,0.1432,True,20.74,212.09
2026-04-16,SEA @ SDP,5.0,2.0,,0.0,,,,,,0.0,212.09
2026-04-16,TEX @ OAK,6.0,9.0,OAK,2.72,-107.3,0.5424,0.4938,0.0485,False,-2.72,209.37
2026-04-17,TOR @ ARI,6.0,3.0,,0.0,,0.5304,0.5571,0.0267,,0.0,209.37
2026-04-17,TBR @ PIT,5.0,1.0,,0.0,,0.5632,0.5462,0.0171,,0.0,209.37
2026-04-17,STL @ HOU,4.0,9.0,STL,11.29,106.3,0.5959,0.4636,0.1322,True,12.0,221.37
2026-04-17,LAD @ COL,1.0,7.0,COL,13.79,250.7,0.4632,0.273,0.1902,False,-13.79,207.58
2026-04-17,BAL @ CLE,4.0,6.0,,0.0,,,,,,0.0,207.58
2026-04-17,DET @ BOS,1.0,0.0,DET,11.0,106.7,0.5932,0.4637,0.1295,False,-11.0,196.58
2026-04-17,MIL @ MIA,5.0,7.0,MIA,0.73,-115.3,0.5424,0.5111,0.0312,False,-0.73,195.85
2026-04-17,ATL @ PHI,0.0,9.0,ATL,15.14,-112.7,0.6752,0.5062,0.169,True,13.43,209.28
2026-04-17,KCR @ NYY,4.0,2.0,KCR,1.21,143.0,0.4252,0.3941,0.0311,False,-1.21,208.07
2026-04-17,TEX @ SEA,0.0,5.0,,0.0,,,,,,0.0,208.07
2026-04-17,NYM @ CHC,12.0,4.0,,0.0,,0.5548,0.5683,0.0135,,0.0,208.07
2026-04-17,CHW @ OAK,2.0,9.0,,0.0,,0.5649,0.583,0.0181,,0.0,208.07
2026-04-17,CIN @ MIN,1.0,2.0,CIN,1.36,142.0,0.4285,0.3957,0.0328,True,1.93,210.0
2026-04-17,SDP @ LAA,8.0,0.0,,0.0,,0.5407,0.5461,0.0054,,0.0,210.0
2026-04-17,SFG @ WSN,5.0,10.0,WSN,2.5,125.3,0.4704,0.425,0.0453,False,-2.5,207.5
2026-04-18,SDP @ LAA,1.0,4.0,LAA,2.38,-108.5,0.5424,0.4968,0.0456,False,-2.38,205.12
2026-04-18,TBR @ PIT,7.0,8.0,,0.0,,0.5606,0.5874,0.0268,,0.0,205.12
2026-04-18,TEX @ SEA,7.0,3.0,,0.0,,0.5614,0.556,0.0053,,0.0,205.12
2026-04-18,TOR @ ARI,6.0,2.0,,0.0,,0.5241,0.5268,0.0027,,0.0,205.12
2026-04-18,STL @ HOU,5.0,7.0,STL,13.8,123.7,0.5959,0.4275,0.1684,True,17.07,222.19
2026-04-18,DET @ BOS,1.0,4.0,,0.0,,0.5932,0.4174,0.0107,,0.0,222.19
2026-04-18,CIN @ MIN,4.0,5.0,,0.0,,0.5715,0.5433,0.0281,,0.0,222.19
2026-04-18,BAL @ CLE,4.0,2.0,,0.0,,,,,,0.0,222.19
2026-04-18,ATL @ PHI,1.0,3.0,ATL,21.62,105.2,0.6869,0.4666,0.2203,True,22.74,244.93
2026-04-18,MIL @ MIA,2.0,5.0,,0.0,,0.5404,0.5144,0.026,,0.0,244.93
2026-04-18,KCR @ NYY,13.0,4.0,,0.0,,0.579,0.59,0.011,,0.0,244.93
2026-04-18,SFG @ WSN,6.0,7.0,,0.0,,0.5312,0.494,0.0252,,0.0,244.93
2026-04-18,NYM @ CHC,4.0,2.0,CHC,2.81,-114.3,0.5548,0.5092,0.0456,True,2.46,247.39
2026-04-18,CHW @ OAK,7.0,6.0,CHW,2.11,133.2,0.4483,0.4095,0.0388,False,-2.11,245.28
2026-04-18,LAD @ COL,4.0,3.0,COL,14.19,231.5,0.4632,0.2887,0.1745,True,32.85,278.13
2026-04-19,CHW @ OAK,4.0,7.0,CHW,2.41,131.7,0.4513,0.4137,0.0376,True,3.17,281.3
2026-04-19,LAD @ COL,9.0,6.0,COL,12.58,184.3,0.4677,0.3365,0.1312,True,23.18,304.48
2026-04-19,NYM @ CHC,2.0,1.0,,0.0,,,,,,0.0,304.48
2026-04-19,TOR @ ARI,4.0,10.0,,0.0,,,,,,0.0,304.48
2026-04-19,TBR @ PIT,6.0,3.0,,0.0,,,,,,0.0,304.48
2026-04-19,STL @ HOU,5.0,7.0,STL,19.76,120.2,0.5959,0.4358,0.1601,True,23.75,328.23
2026-04-19,BAL @ CLE,8.0,4.0,,0.0,,,,,,0.0,328.23
2026-04-19,DET @ BOS,2.0,6.0,DET,20.7,119.3,0.5932,0.4368,0.1564,True,24.7,352.93
2026-04-19,SFG @ WSN,3.0,0.0,WSN,1.74,119.7,0.4659,0.4356,0.0303,True,2.08,355.01
2026-04-19,SDP @ LAA,1.0,2.0,LAA,2.73,86.2,0.5513,0.4763,0.075,False,-2.73,352.28
2026-04-19,MIL @ MIA,5.0,3.0,MIA,1.52,-110.3,0.5327,0.5006,0.032,True,1.38,353.66
2026-04-19,TEX @ SEA,5.0,2.0,,0.0,,0.5695,0.5623,0.0072,,0.0,353.66
2026-04-19,ATL @ PHI,2.0,4.0,ATL,29.58,-112.5,0.6869,0.5056,0.1812,True,26.29,379.95
2026-04-19,CIN @ MIN,4.0,7.0,,0.0,,,,,,0.0,379.95
2026-04-19,KCR @ NYY,7.0,0.0,,0.0,,0.579,0.5727,0.0063,,0.0,379.95
2026-04-20,CIN @ TBR,1.0,6.0,,0.0,,,,,,0.0,379.95
2026-04-20,DET @ BOS,8.0,6.0,DET,22.23,113.0,0.5937,0.4491,0.1446,False,-22.23,357.72
2026-04-20,ATL @ WSN,4.0,9.0,ATL,21.71,-156.2,0.7044,0.5829,0.1215,True,13.9,371.62
2026-04-20,PHI @ CHC,5.0,1.0,CHC,24.86,-112.5,0.6553,0.5054,0.1499,True,22.1,393.72
2026-04-20,STL @ MIA,5.0,3.0,,0.0,,0.5548,0.5508,0.004,,0.0,393.72
2026-04-20,ATH @ SEA,,,,0.0,,,,,,0.0,393.72
2026-04-20,BAL @ KCR,5.0,7.0,KCR,11.01,-106.3,0.5695,0.4914,0.0781,False,-11.01,382.71
2026-04-20,TOR @ LAA,2.0,5.0,LAA,7.86,-104.2,0.5505,0.4867,0.0638,False,-7.86,374.85
2026-04-20,HOU @ CLE,2.0,9.0,,0.0,,,,,,0.0,374.85
2026-04-20,LAD @ COL,3.0,12.0,COL,16.35,181.5,0.4677,0.3394,0.1283,False,-16.35,358.5
2026-04-21,ATH @ SEA,,,,0.0,,,,,,0.0,358.5
2026-04-21,NYY @ BOS,0.0,4.0,,0.0,,,,,,0.0,358.5
2026-04-21,CHW @ ARI,5.0,11.0,,0.0,,0.5649,0.5664,0.0015,,0.0,358.5
2026-04-21,CIN @ TBR,6.0,12.0,TBR,9.73,-106.5,0.5683,0.4927,0.0756,False,-9.73,348.77
2026-04-21,SDP @ COL,0.0,1.0,COL,10.74,124.3,0.5141,0.4266,0.0875,False,-10.74,338.03
2026-04-21,BAL @ KCR,6.0,5.0,,0.0,,0.5614,0.5377,0.0237,,0.0,338.03
2026-04-21,LAD @ SFG,3.0,1.0,SFG,9.06,149.7,0.4648,0.3835,0.0812,True,13.56,351.59
2026-04-21,PIT @ TEX,5.0,1.0,,0.0,,,,,,0.0,351.59
2026-04-21,ATL @ WSN,11.0,4.0,ATL,29.55,-154.8,0.7395,0.5815,0.158,False,-29.55,322.04
2026-04-21,MIL @ DET,4.0,12.0,DET,6.66,-114.8,0.573,0.5106,0.0623,False,-6.66,315.38
2026-04-21,HOU @ CLE,8.0,5.0,CLE,10.85,-150.2,0.6553,0.5751,0.0802,True,7.22,322.6
2026-04-21,MIN @ NYM,3.0,5.0,MIN,2.76,137.3,0.4412,0.4038,0.0374,True,3.79,326.39
2026-04-21,STL @ MIA,3.0,5.0,,0.0,,,,,,0.0,326.39
2026-04-21,TOR @ LAA,2.0,4.0,,0.0,,,,,,0.0,326.39
2026-04-21,PHI @ CHC,7.0,4.0,CHC,18.75,-128.3,0.6626,0.5369,0.1257,True,14.61,341.0
2026-04-22,PHI @ CHC,7.0,2.0,CHC,5.25,-185.3,0.6711,0.6232,0.0478,True,2.83,343.83
2026-04-22,CHW @ ARI,11.0,7.0,,0.0,,0.5649,0.5806,0.0157,,0.0,343.83
2026-04-22,CIN @ TBR,6.0,1.0,,0.0,,0.5683,0.5539,0.0144,,0.0,343.83
2026-04-22,MIN @ NYM,3.0,2.0,MIN,5.91,134.7,0.4656,0.4084,0.0572,False,-5.91,337.92
2026-04-22,ATH @ SEA,,,,0.0,,,,,,0.0,337.92
2026-04-22,MIL @ DET,5.0,2.0,,0.0,,0.573,0.5501,0.0229,,0.0,337.92
2026-04-22,ATL @ WSN,6.0,8.0,ATL,20.43,-156.0,0.7039,0.585,0.1189,True,13.1,351.02
2026-04-22,SDP @ COL,8.0,3.0,COL,11.31,137.3,0.496,0.4042,0.0918,True,15.53,366.55
2026-04-22,STL @ MIA,4.0,1.0,,0.0,,0.5513,0.5629,0.0116,,0.0,366.55
2026-04-22,TOR @ LAA,7.0,3.0,,0.0,,0.5505,0.5767,0.0262,,0.0,366.55
2026-04-22,HOU @ CLE,0.0,2.0,CLE,17.41,-152.0,0.6786,0.5787,0.0999,False,-17.41,349.14
2026-04-22,BAL @ KCR,6.0,8.0,,0.0,,0.5588,0.5377,0.021,,0.0,349.14
2026-04-22,PIT @ TEX,4.0,8.0,,0.0,,0.5314,0.4883,0.0197,,0.0,349.14
2026-04-22,LAD @ SFG,3.0,0.0,SFG,17.39,176.0,0.4894,0.3475,0.1418,True,30.61,379.75
2026-04-22,NYY @ BOS,1.0,4.0,BOS,11.03,116.3,0.5248,0.4434,0.0814,False,-11.03,368.72
2026-04-23,MIL @ DET,5.0,4.0,MIL,11.8,188.3,0.4305,0.3319,0.0986,False,-11.8,356.92
2026-04-23,SDP @ COL,8.0,10.0,COL,12.55,129.7,0.5148,0.4169,0.0979,False,-12.55,344.37
2026-04-23,NYY @ BOS,2.0,4.0,BOS,13.54,129.3,0.5248,0.4173,0.1075,False,-13.54,330.83
2026-04-23,LAD @ SFG,0.0,3.0,SFG,10.95,129.3,0.5107,0.4182,0.0926,False,-10.95,319.88
2026-04-23,CHW @ ARI,1.0,4.0,,0.0,,0.5649,0.5695,0.0046,,0.0,319.88
2026-04-23,MIN @ NYM,10.0,8.0,,0.0,,0.5344,0.5141,0.0204,,0.0,319.88
2026-04-23,ATL @ WSN,2.0,7.0,ATL,24.26,-136.0,0.7048,0.553,0.1518,True,17.84,337.72
2026-04-23,PIT @ TEX,6.0,1.0,PIT,14.73,131.3,0.5314,0.414,0.1173,False,-14.73,322.99
2026-04-23,PHI @ CHC,8.0,7.0,,0.0,,,,,,0.0,322.99
2026-04-24,MIA @ SFG,4.0,9.0,SFG,3.79,-105.0,0.5351,0.4889,0.0462,False,-3.79,319.2
2026-04-24,CLE @ TOR,6.0,8.0,,0.0,,,,,,0.0,319.2
2026-04-24,OAK @ TEX,1.0,8.0,,0.0,,0.5513,0.5667,0.0154,,0.0,319.2
2026-04-24,MIN @ TBR,6.0,2.0,,0.0,,,,,,0.0,319.2
2026-04-24,SEA @ STL,2.0,3.0,,0.0,,0.5519,0.4239,0.0242,,0.0,319.2
2026-04-24,COL @ NYM,3.0,4.0,COL,7.73,170.7,0.4305,0.3537,0.0768,True,13.2,332.4
2026-04-24,PIT @ MIL,0.0,6.0,,0.0,,,,,,0.0,332.4
2026-04-24,CHC @ LAD,4.0,6.0,CHC,6.39,133.7,0.4719,0.4101,0.0617,True,8.54,340.94
2026-04-24,NYY @ HOU,4.0,12.0,HOU,5.42,127.7,0.4749,0.4209,0.054,False,-5.42,335.52
2026-04-24,DET @ CIN,9.0,8.0,,0.0,,,,,,0.0,335.52
2026-04-24,WSN @ CHW,5.0,4.0,,0.0,,0.5487,0.5377,0.011,,0.0,335.52
2026-04-24,BOS @ BAL,10.0,3.0,,0.0,,,,,,0.0,335.52
2026-04-24,PHI @ ATL,5.0,3.0,,0.0,,,,,,0.0,335.52
2026-04-24,LAA @ KCR,6.0,3.0,,0.0,,,,,,0.0,335.52
2026-04-25,CHC @ LAD,12.0,4.0,,0.0,,,,,,0.0,335.52
2026-04-25,OAK @ TEX,4.0,3.0,,0.0,,0.5513,0.5494,0.0019,,0.0,335.52
2026-04-25,MIN @ TBR,6.0,1.0,,0.0,,0.5281,0.5481,0.02,,0.0,335.52
2026-04-25,CLE @ TOR,5.0,3.0,CLE,6.66,122.3,0.4935,0.4312,0.0624,False,-6.66,328.86
2026-04-25,MIA @ SFG,6.0,2.0,,0.0,,,,,,0.0,328.86
2026-04-25,PIT @ MIL,3.0,6.0,PIT,9.64,112.3,0.5331,0.4511,0.082,True,10.83,339.69
2026-04-25,SEA @ STL,9.0,11.0,,0.0,,0.5616,0.4238,0.0146,,0.0,339.69
2026-04-25,NYY @ HOU,3.0,8.0,HOU,3.01,126.0,0.4622,0.424,0.0382,False,-3.01,336.68
2026-04-25,DET @ CIN,9.0,2.0,DET,8.53,-109.3,0.5706,0.4982,0.0725,False,-8.53,328.15
2026-04-25,BOS @ BAL,1.0,17.0,,0.0,,,,,,0.0,328.15
2026-04-25,PHI @ ATL,5.0,8.0,ATL,24.2,-128.7,0.6917,0.5396,0.1521,False,-24.2,303.95
2026-04-25,SDP @ ARI,4.0,6.0,ARI,3.71,-112.0,0.5513,0.5043,0.047,False,-3.71,300.24
2026-04-25,LAA @ KCR,12.0,1.0,LAA,3.31,116.7,0.4852,0.4419,0.0433,False,-3.31,296.93
2026-04-25,WSN @ CHW,3.0,6.0,,0.0,,0.5487,0.5563,0.0076,,0.0,296.93
2026-04-26,LAA @ KCR,11.0,9.0,,0.0,,,,,,0.0,296.93
2026-04-26,MIN @ TBR,4.0,2.0,,0.0,,,,,,0.0,296.93
2026-04-26,SEA @ STL,2.0,3.0,,0.0,,0.5706,0.453,0.0236,,0.0,296.93
2026-04-26,MIA @ SFG,6.0,3.0,,0.0,,0.5351,0.5353,0.0002,,0.0,296.93
2026-04-26,COL @ NYM,1.0,3.0,COL,8.37,185.5,0.4236,0.3364,0.0871,True,15.53,312.46
2026-04-26,CHC @ LAD,6.0,0.0,,0.0,,0.5487,0.5297,0.019,,0.0,312.46
2026-04-26,BOS @ BAL,3.0,5.0,BOS,3.25,117.2,0.4829,0.4437,0.0391,True,3.81,316.27
2026-04-26,NYY @ HOU,7.0,4.0,,0.0,,0.5479,0.4503,0.0018,,0.0,316.27
2026-04-26,WSN @ CHW,1.0,2.0,,0.0,,,,,,0.0,316.27
2026-04-26,PHI @ ATL,6.0,2.0,ATL,3.83,-201.2,0.6841,0.6431,0.0409,True,1.9,318.17
2026-04-26,SDP @ ARI,12.0,7.0,,0.0,,,,,,0.0,318.17
2026-04-26,OAK @ TEX,1.0,2.0,,0.0,,,,,,0.0,318.17
2026-04-26,DET @ CIN,3.0,8.0,DET,7.63,-106.2,0.5616,0.4942,0.0674,True,7.18,325.35
2026-04-26,PIT @ MIL,5.0,0.0,,0.0,,,,,,0.0,325.35
2026-04-26,CLE @ TOR,4.0,2.0,,0.0,,0.5144,0.5305,0.0161,,0.0,325.35
