Date,home_team,away_team,game_number,year,home_sp_id,home_sp_name,away_sp_id,away_sp_name,game_pk,game_id
2026-03-18,ARI,CHC,1,2026,mlb_518876,Merrill Kelly,mlb_665795,Edward Cabrera,,20260318_ARI_CHC_1
2026-03-18,ATL,PHI,1,2026,mlb_527048,Martín Pérez,mlb_691725,Andrew Painter,,20260318_ATL_PHI_1
2026-03-18,CIN,COL,1,2026,mlb_663903,Brady Singer,mlb_500779,Jose Quintana,,20260318_CIN_COL_1
2026-03-18,LAA,CIN,1,2026,mlb_686799,Jack Kochanowicz,mlb_695505,Chase Burns,,20260318_LAA_CIN_1
2026-03-18,MIL,LAA,1,2026,mlb_690986,Kyle Harrison,mlb_696270,Ryan Johnson,,20260318_MIL_LAA_1
2026-03-18,NYY,BOS,1,2026,mlb_543037,Gerrit Cole,mlb_813349,Connelly Early,,20260318_NYY_BOS_1
2026-03-18,PIT,DET,1,2026,mlb_677952,Braxton Ashcraft,mlb_663554,Casey Mize,,20260318_PIT_DET_1
2026-03-18,SEA,MIL,1,2026,mlb_676106,Emerson Hancock,mlb_692230,Carlos Rodriguez,,20260318_SEA_MIL_1
2026-03-18,STL,HOU,1,2026,mlb_681517,Kyle Leahy,mlb_641585,J.P. France,,20260318_STL_HOU_1
2026-03-18,TEX,KCR,1,2026,mlb_677958,Kumar Rocker,mlb_608379,Michael Wacha,,20260318_TEX_KCR_1
2026-03-18,TOR,BAL,1,2026,mlb_676596,Josh Fleming,mlb_544150,Albert Suárez,,20260318_TOR_BAL_1
2026-03-19,ATH,SEA,1,2026,mlb_650644,Aaron Civale,mlb_677976,Randy Dobnak,,20260319_ATH_SEA_1
2026-03-19,BAL,PIT,1,2026,mlb_669432,Trevor Rogers,mlb_676742,Cam Sanders,,20260319_BAL_PIT_1
2026-03-19,BOS,MIN,1,2026,mlb_678394,Brayan Bello,mlb_690953,Mick Abel,,20260319_BOS_MIN_1
2026-03-19,CHW,ARI,1,2026,mlb_663436,Davis Martin,mlb_647336,Michael Soroka,,20260319_CHW_ARI_1
2026-03-19,CLE,KCR,1,2026,mlb_800048,Parker Messick,mlb_702070,Noah Cameron,,20260319_CLE_KCR_1
2026-03-19,COL,SFG,1,2026,mlb_608372,Tomoyuki Sugano,mlb_657277,Logan Webb,,20260319_COL_SFG_1
2026-03-19,HOU,NYM,1,2026,mlb_663567,Peter Lambert,mlb_673540,Kodai Senga,,20260319_HOU_NYM_1
2026-03-19,KCR,LAA,1,2026,mlb_663460,Kris Bubic,mlb_579328,Yusei Kikuchi,,20260319_KCR_LAA_1
2026-03-19,MIL,TEX,1,2026,mlb_605540,Brandon Woodruff,mlb_656641,Jacob Latz,,20260319_MIL_TEX_1
2026-03-19,NYY,BAL,1,2026,mlb_608331,Max Fried,mlb_665152,Dean Kremer,,20260319_NYY_BAL_1
2026-03-19,PHI,TBR,1,2026,mlb_641835,Tim Mayza,mlb_656876,Drew Rasmussen,,20260319_PHI_TBR_1
2026-03-19,SDP,CHW,1,2026,mlb_650633,Michael King,mlb_676249,Adisyn Coffey,,20260319_SDP_CHW_1
2026-03-19,STL,WSN,1,2026,mlb_687273,Quinn Mathews,mlb_641793,Zack Littell,,20260319_STL_WSN_1
2026-03-19,TOR,NYY,1,2026,mlb_664074,Cody Ponce,mlb_677960,Ryan Weathers,,20260319_TOR_NYY_1
2026-03-20,ARI,MIL,1,2026,mlb_668678,Zac Gallen,mlb_694819,Jacob Misiorowski,,20260320_ARI_MIL_1
2026-03-20,ATH,CHC,1,2026,mlb_622663,Luis Severino,mlb_592791,Jameson Taillon,,20260320_ATH_CHC_1
2026-03-20,ATL,PIT,1,2026,mlb_660761,José Suarez,mlb_670990,Yohan Ramírez,,20260320_ATL_PIT_1
2026-03-20,CHC,CIN,1,2026,mlb_571510,Matthew Boyd,mlb_682227,Brandon Williamson,,20260320_CHC_CIN_1
2026-03-20,CLE,SEA,1,2026,mlb_671106,Logan Allen,mlb_682077,Gabe Mosser,,20260320_CLE_SEA_1
2026-03-20,HOU,MIA,1,2026,mlb_686613,Hunter Brown,mlb_691587,Eury Pérez,,20260320_HOU_MIA_1
2026-03-20,LAA,CHW,1,2026,mlb_667755,José Soriano,mlb_681343,Shane Smith,,20260320_LAA_CHW_1
2026-03-20,LAD,SDP,1,2026,mlb_808967,Yoshinobu Yamamoto,mlb_594835,Marco Gonzales,,20260320_LAD_SDP_1
2026-03-20,MIA,WSN,1,2026,mlb_663978,Chris Paddack,mlb_656492,Foster Griffin,,20260320_MIA_WSN_1
2026-03-20,MIN,TOR,1,2026,mlb_680573,Simeon Woods Richardson,mlb_453286,Max Scherzer,,20260320_MIN_TOR_1
2026-03-20,NYM,STL,1,2026,mlb_668964,Tobias Myers,mlb_669461,Matthew Liberatore,,20260320_NYM_STL_1
2026-03-20,NYY,BAL,1,2026,mlb_661563,Luis Gil,mlb_621107,Zach Eflin,,20260320_NYY_BAL_1
2026-03-20,PHI,DET,1,2026,mlb_650911,Cristopher Sánchez,mlb_669373,Tarik Skubal,,20260320_PHI_DET_1
2026-03-20,SDP,COL,1,2026,mlb_601713,Nick Pivetta,mlb_675848,Juan Mejia,,20260320_SDP_COL_1
2026-03-20,SFG,KCR,1,2026,mlb_605288,Adrian Houser,mlb_686701,Ryan Bergert,,20260320_SFG_KCR_1
2026-03-20,TBR,BOS,1,2026,mlb_663556,Shane McClanahan,mlb_687762,Blake Wehunt,,20260320_TBR_BOS_1
2026-03-20,TEX,SFG,1,2026,mlb_543135,Nathan Eovaldi,mlb_702352,Spencer Bivens,,20260320_TEX_SFG_1
2026-03-21,ARI,TEX,1,2026,mlb_669194,Ryne Nelson,mlb_596295,Austin Gomber,,20260321_ARI_TEX_1
2026-03-21,BAL,PHI,1,2026,mlb_694370,Levi Wells,mlb_680743,Ryan Cusick,,20260321_BAL_PHI_1
2026-03-21,BOS,ATL,1,2026,mlb_676979,Garrett Crochet,mlb_519242,Chris Sale,,20260321_BOS_ATL_1
2026-03-21,CIN,CHW,1,2026,mlb_671096,Andrew Abbott,mlb_699151,Jedixson Paez,,20260321_CIN_CHW_1
2026-03-21,DET,NYY,1,2026,mlb_664285,Framber Valdez,mlb_693645,Cam Schlittler,,20260321_DET_NYY_1
2026-03-21,KCR,COL,1,2026,mlb_666142,Cole Ragans,mlb_607536,Kyle Freeland,,20260321_KCR_COL_1
2026-03-21,LAD,ATH,1,2026,mlb_686218,Emmet Sheehan,mlb_682052,Jacob Lopez,,20260321_LAD_ATH_1
2026-03-21,MIL,SDP,1,2026,mlb_688107,Robert Gasser,mlb_681190,Randy Vásquez,,20260321_MIL_SDP_1
2026-03-21,NYM,HOU,1,2026,mlb_804636,Jonah Tong,mlb_681347,Mike Burrows,,20260321_NYM_HOU_1
2026-03-21,PIT,TOR,1,2026,mlb_694973,Paul Skenes,mlb_592332,Kevin Gausman,,20260321_PIT_TOR_1
2026-03-21,SEA,CHC,1,2026,mlb_669923,George Kirby,mlb_607067,Colin Rea,,20260321_SEA_CHC_1
2026-03-21,SFG,CLE,1,2026,mlb_592662,Robbie Ray,mlb_676440,Tanner Bibee,,20260321_SFG_CLE_1
2026-03-21,STL,MIA,1,2026,mlb_695766,Mason Molina,mlb_676083,Janson Junk,,20260321_STL_MIA_1
2026-03-21,TBR,MIN,1,2026,mlb_691765,Jackson Baumeister,mlb_657746,Joe Ryan,,20260321_TBR_MIN_1
2026-03-21,WSN,NYM,1,2026,mlb_676917,Cade Cavalli,mlb_680933,Joander Suarez,,20260321_WSN_NYM_1
2026-03-22,BAL,WSN,1,2026,mlb_680694,Kyle Bradish,mlb_680730,Mitchell Parker,,20260322_BAL_WSN_1
2026-03-22,CHC,MIL,1,2026,mlb_690990,Cade Horton,mlb_694477,Chad Patrick,,20260322_CHC_MIL_1
2026-03-22,CHW,SEA,1,2026,mlb_680732,Sean Burke,mlb_693433,Bryan Woo,,20260322_CHW_SEA_1
2026-03-22,CLE,CIN,1,2026,mlb_668909,Gavin Williams,mlb_666157,Nick Lodolo,,20260322_CLE_CIN_1
2026-03-22,COL,ATH,1,2026,mlb_547179,Michael Lorenzen,mlb_605488,Jeffrey Springs,,20260322_COL_ATH_1
2026-03-22,HOU,STL,1,2026,mlb_664299,Cristian Javier,mlb_700241,Michael McGreevy,,20260322_HOU_STL_1
2026-03-22,LAA,LAD,1,2026,mlb_691946,George Klassen,mlb_607192,Tyler Glasnow,,20260322_LAA_LAD_1
2026-03-22,MIA,NYM,1,2026,mlb_645261,Sandy Alcantara,mlb_656849,David Peterson,,20260322_MIA_NYM_1
2026-03-22,MIN,ATL,1,2026,mlb_671737,Taj Bradley,mlb_625643,Reynaldo López,,20260322_MIN_ATL_1
2026-03-22,NYY,PHI,1,2026,mlb_701542,Will Warren,mlb_605400,Aaron Nola,,20260322_NYY_PHI_1
2026-03-22,PIT,BOS,1,2026,mlb_656605,Mitch Keller,mlb_543243,Sonny Gray,,20260322_PIT_BOS_1
2026-03-22,SDP,ARI,1,2026,mlb_621111,Walker Buehler,mlb_595928,John Curtiss,,20260322_SDP_ARI_1
2026-03-22,TOR,TBR,1,2026,mlb_656302,Dylan Cease,mlb_607259,Nick Martinez,,20260322_TOR_TBR_1
2026-03-22,UNK105,SFG,1,2026,mlb_802609,John Michael Bertrand,mlb_641816,Tyler Mahle,,20260322_UNK105_SFG_1
2026-03-23,ARI,CLE,1,2026,mlb_518876,Merrill Kelly,mlb_677944,Slade Cecconi,,20260323_ARI_CLE_1
2026-03-23,ATH,CHW,1,2026,mlb_806960,Luis Morales,mlb_641743,Anthony Kay,,20260323_ATH_CHW_1
2026-03-23,BOS,MIN,1,2026,mlb_670912,Johan Oviedo,mlb_641927,Bailey Ober,,20260323_BOS_MIN_1
2026-03-23,CHC,NYY,1,2026,mlb_684007,Shota Imanaga,mlb_801739,Carlos Lagrange,,20260323_CHC_NYY_1
2026-03-23,COL,DET,1,2026,mlb_663372,Ryan Feltner,mlb_656427,Jack Flaherty,,20260323_COL_DET_1
2026-03-23,LAD,LAA,1,2026,mlb_808963,Roki Sasaki,mlb_672282,Reid Detmers,,20260323_LAD_LAA_1
2026-03-23,MIL,CIN,1,2026,mlb_676879,Aaron Ashby,mlb_663903,Brady Singer,,20260323_MIL_CIN_1
2026-03-23,PHI,TBR,1,2026,mlb_666200,Jesús Luzardo,mlb_571927,Steven Matz,,20260323_PHI_TBR_1
2026-03-23,PIT,ATL,1,2026,mlb_608334,Carson Fulmer,mlb_800311,Didier Fuentes,,20260323_PIT_ATL_1
2026-03-23,SDP,SEA,1,2026,mlb_606996,Kyle Hart,mlb_622491,Luis Castillo,,20260323_SDP_SEA_1
2026-03-23,SFG,UNK562,1,2026,mlb_702352,Spencer Bivens,mlb_605501,Stephen Tarpley,,20260323_SFG_UNK562_1
2026-03-23,TEX,KCR,1,2026,mlb_669022,MacKenzie Gore,mlb_608379,Michael Wacha,,20260323_TEX_KCR_1
2026-03-23,UNK440,STL,1,2026,mlb_802408,Brycen Mautz,mlb_669160,Dustin May,,20260323_UNK440_STL_1
2026-03-23,WSN,BAL,1,2026,mlb_676571,PJ Poulin,mlb_669358,Shane Baz,,20260323_WSN_BAL_1
2026-03-24,ARI,CLE,1,2026,mlb_647336,Michael Soroka,mlb_800048,Parker Messick,,20260324_ARI_CLE_1
2026-03-24,ATL,TBR,1,2026,mlb_656550,Grant Holmes,mlb_592155,Cam Booser,,20260324_ATL_TBR_1
2026-03-24,CHC,NYY,1,2026,mlb_665795,Edward Cabrera,mlb_543037,Gerrit Cole,,20260324_CHC_NYY_1
2026-03-24,COL,DET,1,2026,mlb_608372,Tomoyuki Sugano,mlb_434378,Justin Verlander,,20260324_COL_DET_1
2026-03-24,HOU,UNK5434,1,2026,mlb_621121,Lance McCullers Jr.,mlb_699044,Miguel Ullola,,20260324_HOU_UNK5434_1
2026-03-24,LAD,LAA,1,2026,mlb_660271,Shohei Ohtani,mlb_686799,Jack Kochanowicz,,20260324_LAD_LAA_1
2026-03-24,MIL,CIN,1,2026,mlb_687075,Brandon Sproat,mlb_695505,Chase Burns,,20260324_MIL_CIN_1
2026-03-24,MIN,BOS,1,2026,mlb_687849,Zak Kent,mlb_624133,Ranger Suarez,,20260324_MIN_BOS_1
2026-03-24,SFG,UNK562,1,2026,mlb_694738,Landen Roupp,mlb_656954,Justus Sheffield,,20260324_SFG_UNK562_1
2026-03-24,TEX,KCR,1,2026,mlb_683004,Jack Leiter,mlb_607625,Seth Lugo,,20260324_TEX_KCR_1
2026-03-25,SFG,NYY,1,2026,mlb_657277,Logan Webb,mlb_608331,Max Fried,,20260325_SFG_NYY_1
2026-03-26,BAL,MIN,1,2026,mlb_669432,Trevor Rogers,mlb_657746,Joe Ryan,,20260326_BAL_MIN_1
2026-03-26,CHC,WSN,1,2026,mlb_571510,Matthew Boyd,mlb_676917,Cade Cavalli,,20260326_CHC_WSN_1
2026-03-26,CIN,BOS,1,2026,mlb_671096,Andrew Abbott,mlb_676979,Garrett Crochet,,20260326_CIN_BOS_1
2026-03-26,HOU,LAA,1,2026,mlb_686613,Hunter Brown,mlb_667755,José Soriano,,20260326_HOU_LAA_1
2026-03-26,LAD,ARI,1,2026,mlb_808967,Yoshinobu Yamamoto,mlb_668678,Zac Gallen,,20260326_LAD_ARI_1
2026-03-26,MIL,CHW,1,2026,mlb_694819,Jacob Misiorowski,mlb_681343,Shane Smith,,20260326_MIL_CHW_1
2026-03-26,NYM,PIT,1,2026,mlb_642547,Freddy Peralta,mlb_694973,Paul Skenes,,20260326_NYM_PIT_1
2026-03-26,PHI,TEX,1,2026,mlb_650911,Cristopher Sánchez,mlb_543135,Nathan Eovaldi,,20260326_PHI_TEX_1
2026-03-26,SDP,DET,1,2026,mlb_601713,Nick Pivetta,mlb_669373,Tarik Skubal,,20260326_SDP_DET_1
2026-03-26,SEA,CLE,1,2026,mlb_669302,Logan Gilbert,mlb_676440,Tanner Bibee,,20260326_SEA_CLE_1
2026-03-26,STL,TBR,1,2026,mlb_669461,Matthew Liberatore,mlb_656876,Drew Rasmussen,,20260326_STL_TBR_1
2026-03-27,ATL,KCR,1,2026,mlb_519242,Chris Sale,mlb_666142,Cole Ragans,,20260327_ATL_KCR_1
2026-03-27,HOU,LAA,1,2026,mlb_681347,Mike Burrows,mlb_579328,Yusei Kikuchi,,20260327_HOU_LAA_1
2026-03-27,LAD,ARI,1,2026,mlb_686218,Emmet Sheehan,mlb_669194,Ryne Nelson,,20260327_LAD_ARI_1
2026-03-27,MIA,COL,1,2026,mlb_645261,Sandy Alcantara,mlb_607536,Kyle Freeland,,20260327_MIA_COL_1
2026-03-27,SDP,DET,1,2026,mlb_650633,Michael King,mlb_664285,Framber Valdez,,20260327_SDP_DET_1
2026-03-27,SEA,CLE,1,2026,mlb_669923,George Kirby,mlb_668909,Gavin Williams,,20260327_SEA_CLE_1
2026-03-27,SFG,NYY,1,2026,mlb_592662,Robbie Ray,mlb_693645,Cam Schlittler,,20260327_SFG_NYY_1
2026-03-27,TOR,ATH,1,2026,mlb_592332,Kevin Gausman,mlb_622663,Luis Severino,,20260327_TOR_ATH_1
2026-03-28,ATL,KCR,1,2026,mlb_625643,Reynaldo López,mlb_608379,Michael Wacha,,20260328_ATL_KCR_1
2026-03-28,BAL,MIN,1,2026,mlb_680694,Kyle Bradish,mlb_671737,Taj Bradley,,20260328_BAL_MIN_1
2026-03-28,CHC,WSN,1,2026,mlb_690990,Cade Horton,mlb_571945,Miles Mikolas,,20260328_CHC_WSN_1
2026-03-28,CIN,BOS,1,2026,mlb_663903,Brady Singer,mlb_543243,Sonny Gray,,20260328_CIN_BOS_1
2026-03-28,HOU,LAA,1,2026,mlb_664299,Cristian Javier,mlb_672282,Reid Detmers,,20260328_HOU_LAA_1
2026-03-28,LAD,ARI,1,2026,mlb_607192,Tyler Glasnow,mlb_593958,Eduardo Rodriguez,,20260328_LAD_ARI_1
2026-03-28,MIA,COL,1,2026,mlb_691587,Eury Pérez,mlb_547179,Michael Lorenzen,,20260328_MIA_COL_1
2026-03-28,MIL,CHW,1,2026,mlb_694477,Chad Patrick,mlb_680732,Sean Burke,,20260328_MIL_CHW_1
2026-03-28,NYM,PIT,1,2026,mlb_656849,David Peterson,mlb_656605,Mitch Keller,,20260328_NYM_PIT_1
2026-03-28,PHI,TEX,1,2026,mlb_605400,Aaron Nola,mlb_656641,Jacob Latz,,20260328_PHI_TEX_1
2026-03-28,SDP,DET,1,2026,mlb_681190,Randy Vásquez,mlb_656427,Jack Flaherty,,20260328_SDP_DET_1
2026-03-28,SEA,CLE,1,2026,mlb_693433,Bryan Woo,mlb_676282,Joey Cantillo,,20260328_SEA_CLE_1
2026-03-28,SFG,NYY,1,2026,mlb_641816,Tyler Mahle,mlb_701542,Will Warren,,20260328_SFG_NYY_1
2026-03-28,STL,TBR,1,2026,mlb_700241,Michael McGreevy,mlb_671212,Joe Boyle,,20260328_STL_TBR_1
2026-03-28,TOR,ATH,1,2026,mlb_656302,Dylan Cease,mlb_605488,Jeffrey Springs,,20260328_TOR_ATH_1
2026-03-29,ATL,KCR,1,2026,mlb_656550,Grant Holmes,mlb_607625,Seth Lugo,,20260329_ATL_KCR_1
2026-03-29,BAL,MIN,1,2026,mlb_669358,Shane Baz,mlb_641927,Bailey Ober,,20260329_BAL_MIN_1
2026-03-29,CHC,WSN,1,2026,mlb_684007,Shota Imanaga,mlb_663623,Jake Irvin,,20260329_CHC_WSN_1
2026-03-29,CIN,BOS,1,2026,mlb_695076,Rhett Lowder,mlb_813349,Connelly Early,,20260329_CIN_BOS_1
2026-03-29,HOU,LAA,1,2026,mlb_837227,Tatsuya Imai,mlb_686799,Jack Kochanowicz,,20260329_HOU_LAA_1
2026-03-29,MIA,COL,1,2026,mlb_676974,Max Meyer,mlb_500779,Jose Quintana,,20260329_MIA_COL_1
2026-03-29,MIL,CHW,1,2026,mlb_687075,Brandon Sproat,mlb_641743,Anthony Kay,,20260329_MIL_CHW_1
2026-03-29,NYM,PIT,1,2026,mlb_690997,Nolan McLean,mlb_669387,Carmen Mlodzinski,,20260329_NYM_PIT_1
2026-03-29,PHI,TEX,1,2026,mlb_666200,Jesús Luzardo,mlb_669022,MacKenzie Gore,,20260329_PHI_TEX_1
2026-03-29,SEA,CLE,1,2026,mlb_676106,Emerson Hancock,mlb_677944,Slade Cecconi,,20260329_SEA_CLE_1
2026-03-29,STL,TBR,1,2026,mlb_669160,Dustin May,mlb_571927,Steven Matz,,20260329_STL_TBR_1
2026-03-29,TOR,ATH,1,2026,mlb_641778,Eric Lauer,mlb_806960,Luis Morales,,20260329_TOR_ATH_1
2026-03-30,ARI,DET,1,2026,mlb_647336,Michael Soroka,mlb_434378,Justin Verlander,,20260330_ARI_DET_1
2026-03-30,ATL,ATH,1,2026,mlb_693821,Bryce Elder,mlb_682052,Jacob Lopez,,20260330_ATL_ATH_1
2026-03-30,BAL,TEX,1,2026,mlb_605135,Chris Bassitt,mlb_683004,Jack Leiter,,20260330_BAL_TEX_1
2026-03-30,CHC,LAA,1,2026,mlb_665795,Edward Cabrera,mlb_696270,Ryan Johnson,,20260330_CHC_LAA_1
2026-03-30,CIN,PIT,1,2026,mlb_695505,Chase Burns,mlb_677952,Braxton Ashcraft,,20260330_CIN_PIT_1
2026-03-30,HOU,BOS,1,2026,mlb_621121,Lance McCullers Jr.,mlb_624133,Ranger Suarez,,20260330_HOU_BOS_1
2026-03-30,KCR,MIN,1,2026,mlb_663460,Kris Bubic,mlb_680573,Simeon Woods Richardson,,20260330_KCR_MIN_1
2026-03-30,LAD,CLE,1,2026,mlb_808963,Roki Sasaki,mlb_800048,Parker Messick,,20260330_LAD_CLE_1
2026-03-30,MIA,CHW,1,2026,mlb_663978,Chris Paddack,mlb_663436,Davis Martin,,20260330_MIA_CHW_1
2026-03-30,MIL,TBR,1,2026,mlb_690986,Kyle Harrison,mlb_607259,Nick Martinez,,20260330_MIL_TBR_1
2026-03-30,PHI,WSN,1,2026,mlb_592836,Taijuan Walker,mlb_656492,Foster Griffin,,20260330_PHI_WSN_1
2026-03-30,SDP,SFG,1,2026,mlb_621111,Walker Buehler,mlb_694738,Landen Roupp,,20260330_SDP_SFG_1
2026-03-30,SEA,NYY,1,2026,mlb_622491,Luis Castillo,mlb_677960,Ryan Weathers,,20260330_SEA_NYY_1
2026-03-30,STL,NYM,1,2026,mlb_681517,Kyle Leahy,mlb_605280,Clay Holmes,,20260330_STL_NYM_1
2026-03-30,TOR,COL,1,2026,mlb_664074,Cody Ponce,mlb_608372,Tomoyuki Sugano,,20260330_TOR_COL_1
2026-03-31,ARI,DET,1,2026,mlb_694297,Brandon Pfaadt,mlb_663554,Casey Mize,,20260331_ARI_DET_1
2026-03-31,ATL,ATH,1,2026,mlb_660761,José Suarez,mlb_650644,Aaron Civale,,20260331_ATL_ATH_1
2026-03-31,BAL,TEX,1,2026,mlb_621107,Zach Eflin,mlb_594798,Jacob deGrom,,20260331_BAL_TEX_1
2026-03-31,CHC,LAA,1,2026,mlb_592791,Jameson Taillon,mlb_667755,José Soriano,,20260331_CHC_LAA_1
2026-03-31,CIN,PIT,1,2026,mlb_682227,Brandon Williamson,mlb_696149,Bubba Chandler,,20260331_CIN_PIT_1
2026-03-31,HOU,BOS,1,2026,mlb_686613,Hunter Brown,mlb_678394,Brayan Bello,,20260331_HOU_BOS_1
2026-03-31,LAD,CLE,1,2026,mlb_660271,Shohei Ohtani,mlb_676440,Tanner Bibee,,20260331_LAD_CLE_1
2026-03-31,MIA,CHW,1,2026,mlb_676083,Janson Junk,mlb_607200,Erick Fedde,,20260331_MIA_CHW_1
2026-03-31,MIL,TBR,1,2026,mlb_605540,Brandon Woodruff,mlb_663556,Shane McClanahan,,20260331_MIL_TBR_1
2026-03-31,PHI,WSN,1,2026,mlb_691725,Andrew Painter,mlb_676571,PJ Poulin,,20260331_PHI_WSN_1
2026-03-31,SDP,SFG,1,2026,mlb_608566,Germán Márquez,mlb_657277,Logan Webb,,20260331_SDP_SFG_1
2026-03-31,SEA,NYY,1,2026,mlb_669302,Logan Gilbert,mlb_608331,Max Fried,,20260331_SEA_NYY_1
2026-03-31,STL,NYM,1,2026,mlb_669467,Andre Pallante,mlb_673540,Kodai Senga,,20260331_STL_NYM_1
2026-03-31,TOR,COL,1,2026,mlb_453286,Max Scherzer,mlb_663372,Ryan Feltner,,20260331_TOR_COL_1
2026-04-01,ARI,DET,1,2026,mlb_668678,Zac Gallen,mlb_669373,Tarik Skubal,,20260401_ARI_DET_1
2026-04-01,ATL,ATH,1,2026,mlb_519242,Chris Sale,mlb_622663,Luis Severino,,20260401_ATL_ATH_1
2026-04-01,BAL,TEX,1,2026,mlb_669432,Trevor Rogers,mlb_543135,Nathan Eovaldi,,20260401_BAL_TEX_1
2026-04-01,CHC,LAA,1,2026,mlb_571510,Matthew Boyd,mlb_579328,Yusei Kikuchi,,20260401_CHC_LAA_1
2026-04-01,CIN,PIT,1,2026,mlb_671096,Andrew Abbott,mlb_694973,Paul Skenes,,20260401_CIN_PIT_1
2026-04-01,HOU,BOS,1,2026,mlb_681347,Mike Burrows,mlb_676979,Garrett Crochet,,20260401_HOU_BOS_1
2026-04-01,KCR,MIN,1,2026,mlb_702070,Noah Cameron,mlb_657746,Joe Ryan,,20260401_KCR_MIN_1
2026-04-01,LAD,CLE,1,2026,mlb_808967,Yoshinobu Yamamoto,mlb_668909,Gavin Williams,,20260401_LAD_CLE_1
2026-04-01,MIA,CHW,1,2026,mlb_645261,Sandy Alcantara,mlb_681343,Shane Smith,,20260401_MIA_CHW_1
2026-04-01,MIL,TBR,1,2026,mlb_694819,Jacob Misiorowski,mlb_656876,Drew Rasmussen,,20260401_MIL_TBR_1
2026-04-01,PHI,WSN,1,2026,mlb_650911,Cristopher Sánchez,mlb_676917,Cade Cavalli,,20260401_PHI_WSN_1
2026-04-01,SDP,SFG,1,2026,mlb_601713,Nick Pivetta,mlb_605288,Adrian Houser,,20260401_SDP_SFG_1
2026-04-01,SEA,NYY,1,2026,mlb_669923,George Kirby,mlb_693645,Cam Schlittler,,20260401_SEA_NYY_1
2026-04-01,STL,NYM,1,2026,mlb_669461,Matthew Liberatore,mlb_642547,Freddy Peralta,,20260401_STL_NYM_1
2026-04-01,TOR,COL,1,2026,mlb_592332,Kevin Gausman,mlb_607536,Kyle Freeland,,20260401_TOR_COL_1
2026-04-02,ARI,ATL,1,2026,mlb_669194,Ryne Nelson,mlb_625643,Reynaldo López,,20260402_ARI_ATL_1
2026-04-02,KCR,MIN,1,2026,mlb_666142,Cole Ragans,mlb_671737,Taj Bradley,,20260402_KCR_MIN_1
2026-04-02,SFG,NYM,1,2026,mlb_592662,Robbie Ray,mlb_656849,David Peterson,,20260402_SFG_NYM_1
2026-04-03,ARI,ATL,1,2026,mlb_593958,Eduardo Rodriguez,mlb_656550,Grant Holmes,,20260403_ARI_ATL_1
2026-04-03,ATH,HOU,1,2026,mlb_605488,Jeffrey Springs,mlb_664299,Cristian Javier,,20260403_ATH_HOU_1
2026-04-03,BOS,SDP,1,2026,mlb_543243,Sonny Gray,mlb_650633,Michael King,,20260403_BOS_SDP_1
2026-04-03,CHW,TOR,1,2026,mlb_691799,Grant Taylor,mlb_656302,Dylan Cease,,20260403_CHW_TOR_1
2026-04-03,CLE,CHC,1,2026,mlb_676282,Joey Cantillo,mlb_690990,Cade Horton,,20260403_CLE_CHC_1
2026-04-03,COL,PHI,1,2026,mlb_547179,Michael Lorenzen,mlb_605400,Aaron Nola,,20260403_COL_PHI_1
2026-04-03,DET,STL,1,2026,mlb_664285,Framber Valdez,mlb_700241,Michael McGreevy,,20260403_DET_STL_1
2026-04-03,LAA,SEA,1,2026,mlb_672282,Reid Detmers,mlb_693433,Bryan Woo,,20260403_LAA_SEA_1
2026-04-03,MIN,TBR,1,2026,mlb_641927,Bailey Ober,mlb_671212,Joe Boyle,,20260403_MIN_TBR_1
2026-04-03,NYY,MIA,1,2026,mlb_701542,Will Warren,mlb_691587,Eury Pérez,,20260403_NYY_MIA_1
2026-04-03,PIT,BAL,1,2026,mlb_656605,Mitch Keller,mlb_680694,Kyle Bradish,,20260403_PIT_BAL_1
2026-04-03,SFG,NYM,1,2026,mlb_641816,Tyler Mahle,mlb_690997,Nolan McLean,,20260403_SFG_NYM_1
2026-04-03,TEX,CIN,1,2026,mlb_669022,MacKenzie Gore,mlb_663903,Brady Singer,,20260403_TEX_CIN_1
2026-04-03,WSN,LAD,1,2026,mlb_571945,Miles Mikolas,mlb_686218,Emmet Sheehan,,20260403_WSN_LAD_1
2026-04-04,ARI,ATL,1,2026,mlb_647336,Michael Soroka,mlb_693821,Bryce Elder,,20260404_ARI_ATL_1
2026-04-04,ATH,HOU,1,2026,mlb_806960,Luis Morales,mlb_837227,Tatsuya Imai,,20260404_ATH_HOU_1
2026-04-04,BOS,SDP,1,2026,mlb_813349,Connelly Early,mlb_681190,Randy Vásquez,,20260404_BOS_SDP_1
2026-04-04,CHW,TOR,1,2026,mlb_691799,Grant Taylor,mlb_689254,Mason Fluharty,,20260404_CHW_TOR_1
2026-04-04,COL,PHI,1,2026,mlb_657514,Brennan Bernardino,mlb_666200,Jesús Luzardo,,20260404_COL_PHI_1
2026-04-04,KCR,MIL,1,2026,mlb_679883,Luinder Avila,mlb_694477,Chad Patrick,,20260404_KCR_MIL_1
2026-04-04,LAA,SEA,1,2026,mlb_686799,Jack Kochanowicz,mlb_676106,Emerson Hancock,,20260404_LAA_SEA_1
2026-04-04,MIN,TBR,1,2026,mlb_690953,Mick Abel,mlb_571927,Steven Matz,,20260404_MIN_TBR_1
2026-04-04,NYY,MIA,1,2026,mlb_677960,Ryan Weathers,mlb_676974,Max Meyer,,20260404_NYY_MIA_1
2026-04-04,PIT,BAL,1,2026,mlb_669387,Carmen Mlodzinski,mlb_669358,Shane Baz,,20260404_PIT_BAL_1
2026-04-04,SFG,NYM,1,2026,mlb_694738,Landen Roupp,mlb_605280,Clay Holmes,,20260404_SFG_NYM_1
2026-04-04,TEX,CIN,1,2026,mlb_677958,Kumar Rocker,mlb_695076,Rhett Lowder,,20260404_TEX_CIN_1
2026-04-04,WSN,LAD,1,2026,mlb_663623,Jake Irvin,mlb_607192,Tyler Glasnow,,20260404_WSN_LAD_1
2026-04-05,ARI,ATL,1,2026,mlb_694297,Brandon Pfaadt,mlb_527048,Martín Pérez,,20260405_ARI_ATL_1
2026-04-05,ATH,HOU,1,2026,mlb_682052,Jacob Lopez,mlb_621121,Lance McCullers Jr.,,20260405_ATH_HOU_1
2026-04-05,BOS,SDP,1,2026,mlb_624133,Ranger Suarez,mlb_621111,Walker Buehler,,20260405_BOS_SDP_1
2026-04-05,CHW,TOR,1,2026,mlb_663436,Davis Martin,mlb_641778,Eric Lauer,,20260405_CHW_TOR_1
2026-04-05,CLE,CHC,1,2026,mlb_677944,Slade Cecconi,mlb_665795,Edward Cabrera,,20260405_CLE_CHC_1
2026-04-05,COL,PHI,1,2026,mlb_608372,Tomoyuki Sugano,mlb_592836,Taijuan Walker,,20260405_COL_PHI_1
2026-04-05,DET,STL,1,2026,mlb_672456,Keider Montero,mlb_681517,Kyle Leahy,,20260405_DET_STL_1
2026-04-05,KCR,MIL,1,2026,mlb_663460,Kris Bubic,mlb_690986,Kyle Harrison,,20260405_KCR_MIL_1
2026-04-05,LAA,SEA,1,2026,mlb_691946,George Klassen,mlb_622491,Luis Castillo,,20260405_LAA_SEA_1
2026-04-05,MIN,TBR,1,2026,mlb_680573,Simeon Woods Richardson,mlb_607259,Nick Martinez,,20260405_MIN_TBR_1
2026-04-05,NYY,MIA,1,2026,mlb_608331,Max Fried,mlb_664126,Pete Fairbanks,,20260405_NYY_MIA_1
2026-04-05,PIT,BAL,1,2026,mlb_677952,Braxton Ashcraft,mlb_605135,Chris Bassitt,,20260405_PIT_BAL_1
2026-04-05,SFG,NYM,1,2026,mlb_657277,Logan Webb,mlb_673540,Kodai Senga,,20260405_SFG_NYM_1
2026-04-05,TEX,CIN,1,2026,mlb_683004,Jack Leiter,mlb_695505,Chase Burns,,20260405_TEX_CIN_1
2026-04-05,WSN,LAD,1,2026,mlb_656492,Foster Griffin,mlb_808963,Roki Sasaki,,20260405_WSN_LAD_1
2026-04-06,BOS,MIL,1,2026,mlb_678394,Brayan Bello,mlb_605540,Brandon Woodruff,,20260406_BOS_MIL_1
2026-04-06,CHW,BAL,1,2026,mlb_691799,Grant Taylor,mlb_687064,Brandon Young,,20260406_CHW_BAL_1
2026-04-06,CLE,KCR,1,2026,mlb_676440,Tanner Bibee,mlb_608379,Michael Wacha,,20260406_CLE_KCR_1
2026-04-06,COL,HOU,1,2026,mlb_663372,Ryan Feltner,mlb_675989,Cody Bolton,,20260406_COL_HOU_1
2026-04-06,LAA,ATL,1,2026,mlb_667755,José Soriano,mlb_519242,Chris Sale,,20260406_LAA_ATL_1
2026-04-06,MIA,CIN,1,2026,mlb_676083,Janson Junk,mlb_682227,Brandon Williamson,,20260406_MIA_CIN_1
2026-04-06,MIN,DET,1,2026,mlb_657746,Joe Ryan,mlb_663554,Casey Mize,,20260406_MIN_DET_1
2026-04-06,PIT,SDP,1,2026,mlb_696149,Bubba Chandler,mlb_608566,Germán Márquez,,20260406_PIT_SDP_1
2026-04-06,SFG,PHI,1,2026,mlb_605288,Adrian Houser,mlb_691725,Andrew Painter,,20260406_SFG_PHI_1
2026-04-06,TBR,CHC,1,2026,mlb_663556,Shane McClanahan,mlb_592791,Jameson Taillon,,20260406_TBR_CHC_1
2026-04-06,TEX,SEA,1,2026,mlb_594798,Jacob deGrom,mlb_669302,Logan Gilbert,,20260406_TEX_SEA_1
2026-04-06,TOR,LAD,1,2026,mlb_453286,Max Scherzer,mlb_680736,Justin Wrobleski,,20260406_TOR_LAD_1
2026-04-06,WSN,STL,1,2026,mlb_641793,Zack Littell,mlb_669467,Andre Pallante,,20260406_WSN_STL_1
2026-04-07,BOS,MIL,1,2026,mlb_676979,Garrett Crochet,mlb_694819,Jacob Misiorowski,,20260407_BOS_MIL_1
2026-04-07,CHW,BAL,1,2026,mlb_681343,Shane Smith,mlb_669432,Trevor Rogers,,20260407_CHW_BAL_1
2026-04-07,CLE,KCR,1,2026,mlb_668909,Gavin Williams,mlb_702070,Noah Cameron,,20260407_CLE_KCR_1
2026-04-07,COL,HOU,1,2026,mlb_607536,Kyle Freeland,mlb_681347,Mike Burrows,,20260407_COL_HOU_1
2026-04-07,LAA,ATL,1,2026,mlb_579328,Yusei Kikuchi,mlb_625643,Reynaldo López,,20260407_LAA_ATL_1
2026-04-07,MIA,CIN,1,2026,mlb_645261,Sandy Alcantara,mlb_671096,Andrew Abbott,,20260407_MIA_CIN_1
2026-04-07,MIN,DET,1,2026,mlb_671737,Taj Bradley,mlb_669373,Tarik Skubal,,20260407_MIN_DET_1
2026-04-07,NYM,ARI,1,2026,mlb_642547,Freddy Peralta,mlb_668678,Zac Gallen,,20260407_NYM_ARI_1
2026-04-07,NYY,ATH,1,2026,mlb_693645,Cam Schlittler,mlb_650644,Aaron Civale,,20260407_NYY_ATH_1
2026-04-07,PIT,SDP,1,2026,mlb_694973,Paul Skenes,mlb_601713,Nick Pivetta,,20260407_PIT_SDP_1
2026-04-07,SFG,PHI,1,2026,mlb_592662,Robbie Ray,mlb_650911,Cristopher Sánchez,,20260407_SFG_PHI_1
2026-04-07,TBR,CHC,1,2026,mlb_669438,Mason Englert,mlb_665871,Javier Assad,,20260407_TBR_CHC_1
2026-04-07,TEX,SEA,1,2026,mlb_543135,Nathan Eovaldi,mlb_669923,George Kirby,,20260407_TEX_SEA_1
2026-04-07,TOR,LAD,1,2026,mlb_592332,Kevin Gausman,mlb_808967,Yoshinobu Yamamoto,,20260407_TOR_LAD_1
2026-04-07,WSN,STL,1,2026,mlb_676917,Cade Cavalli,mlb_669461,Matthew Liberatore,,20260407_WSN_STL_1
2026-04-08,BOS,MIL,1,2026,mlb_543243,Sonny Gray,mlb_675660,Shane Drohan,,20260408_BOS_MIL_1
2026-04-08,CHW,BAL,1,2026,mlb_680732,Sean Burke,mlb_680694,Kyle Bradish,,20260408_CHW_BAL_1
2026-04-08,CLE,KCR,1,2026,mlb_676282,Joey Cantillo,mlb_666142,Cole Ragans,,20260408_CLE_KCR_1
2026-04-08,COL,HOU,1,2026,mlb_547179,Michael Lorenzen,mlb_664299,Cristian Javier,,20260408_COL_HOU_1
2026-04-08,LAA,ATL,1,2026,mlb_672282,Reid Detmers,mlb_656550,Grant Holmes,,20260408_LAA_ATL_1
2026-04-08,MIA,CIN,1,2026,mlb_691587,Eury Pérez,mlb_663903,Brady Singer,,20260408_MIA_CIN_1
2026-04-08,MIN,DET,1,2026,mlb_641927,Bailey Ober,mlb_664285,Framber Valdez,,20260408_MIN_DET_1
2026-04-08,NYM,ARI,1,2026,mlb_656849,David Peterson,mlb_669194,Ryne Nelson,,20260408_NYM_ARI_1
2026-04-08,NYY,ATH,1,2026,mlb_701542,Will Warren,mlb_622663,Luis Severino,,20260408_NYY_ATH_1
2026-04-08,PIT,SDP,1,2026,mlb_656605,Mitch Keller,mlb_650633,Michael King,,20260408_PIT_SDP_1
2026-04-08,SFG,PHI,1,2026,mlb_641816,Tyler Mahle,mlb_605400,Aaron Nola,,20260408_SFG_PHI_1
2026-04-08,TBR,CHC,1,2026,mlb_671212,Joe Boyle,mlb_607067,Colin Rea,,20260408_TBR_CHC_1
2026-04-08,TEX,SEA,1,2026,mlb_669022,MacKenzie Gore,mlb_693433,Bryan Woo,,20260408_TEX_SEA_1
2026-04-08,TOR,LAD,1,2026,mlb_656302,Dylan Cease,mlb_660271,Shohei Ohtani,,20260408_TOR_LAD_1
2026-04-08,WSN,STL,1,2026,mlb_571945,Miles Mikolas,mlb_700241,Michael McGreevy,,20260408_WSN_STL_1
2026-04-09,KCR,CHW,1,2026,mlb_607625,Seth Lugo,mlb_641743,Anthony Kay,,20260409_KCR_CHW_1
2026-04-09,MIA,CIN,1,2026,mlb_676974,Max Meyer,mlb_695076,Rhett Lowder,,20260409_MIA_CIN_1
2026-04-09,MIN,DET,1,2026,mlb_690953,Mick Abel,mlb_656427,Jack Flaherty,,20260409_MIN_DET_1
2026-04-09,NYM,ARI,1,2026,mlb_690997,Nolan McLean,mlb_593958,Eduardo Rodriguez,,20260409_NYM_ARI_1
2026-04-09,NYY,ATH,1,2026,mlb_677960,Ryan Weathers,mlb_605488,Jeffrey Springs,,20260409_NYY_ATH_1
2026-04-09,SDP,COL,1,2026,mlb_681190,Randy Vásquez,mlb_623474,Jimmy Herget,,20260409_SDP_COL_1
2026-04-10,ATL,CLE,1,2026,mlb_693821,Bryce Elder,mlb_677944,Slade Cecconi,,20260410_ATL_CLE_1
2026-04-10,BAL,SFG,1,2026,mlb_669358,Shane Baz,mlb_694738,Landen Roupp,,20260410_BAL_SFG_1
2026-04-10,CHC,PIT,1,2026,mlb_684007,Shota Imanaga,mlb_669387,Carmen Mlodzinski,,20260410_CHC_PIT_1
2026-04-10,CIN,LAA,1,2026,mlb_695505,Chase Burns,mlb_686799,Jack Kochanowicz,,20260410_CIN_LAA_1
2026-04-10,DET,MIA,1,2026,mlb_672456,Keider Montero,mlb_663978,Chris Paddack,,20260410_DET_MIA_1
2026-04-10,KCR,CHW,1,2026,mlb_663460,Kris Bubic,mlb_663436,Davis Martin,,20260410_KCR_CHW_1
2026-04-10,LAD,TEX,1,2026,mlb_607192,Tyler Glasnow,mlb_677958,Kumar Rocker,,20260410_LAD_TEX_1
2026-04-10,MIL,WSN,1,2026,mlb_676879,Aaron Ashby,mlb_663623,Jake Irvin,,20260410_MIL_WSN_1
2026-04-10,NYM,ATH,1,2026,mlb_605280,Clay Holmes,mlb_669372,J.T. Ginn,,20260410_NYM_ATH_1
2026-04-10,PHI,ARI,1,2026,mlb_666200,Jesús Luzardo,mlb_647336,Michael Soroka,,20260410_PHI_ARI_1
2026-04-10,SDP,COL,1,2026,mlb_621111,Walker Buehler,mlb_608372,Tomoyuki Sugano,,20260410_SDP_COL_1
2026-04-10,SEA,HOU,1,2026,mlb_676106,Emerson Hancock,mlb_837227,Tatsuya Imai,,20260410_SEA_HOU_1
2026-04-10,STL,BOS,1,2026,mlb_669160,Dustin May,mlb_813349,Connelly Early,,20260410_STL_BOS_1
2026-04-10,TBR,NYY,1,2026,mlb_571927,Steven Matz,mlb_661563,Luis Gil,,20260410_TBR_NYY_1
2026-04-10,TOR,MIN,1,2026,mlb_571578,Patrick Corbin,mlb_680573,Simeon Woods Richardson,,20260410_TOR_MIN_1
2026-04-11,ATL,CLE,1,2026,mlb_527048,Martín Pérez,mlb_800048,Parker Messick,,20260411_ATL_CLE_1
2026-04-11,BAL,SFG,1,2026,mlb_605135,Chris Bassitt,mlb_657277,Logan Webb,,20260411_BAL_SFG_1
2026-04-11,CHC,PIT,1,2026,mlb_665795,Edward Cabrera,mlb_677952,Braxton Ashcraft,,20260411_CHC_PIT_1
2026-04-11,CIN,LAA,1,2026,mlb_682227,Brandon Williamson,mlb_691946,George Klassen,,20260411_CIN_LAA_1
2026-04-11,DET,MIA,1,2026,mlb_663554,Casey Mize,mlb_676083,Janson Junk,,20260411_DET_MIA_1
2026-04-11,KCR,CHW,1,2026,mlb_608379,Michael Wacha,mlb_607200,Erick Fedde,,20260411_KCR_CHW_1
2026-04-11,LAD,TEX,1,2026,mlb_686218,Emmet Sheehan,mlb_683004,Jack Leiter,,20260411_LAD_TEX_1
2026-04-11,MIL,WSN,1,2026,mlb_690986,Kyle Harrison,mlb_656492,Foster Griffin,,20260411_MIL_WSN_1
2026-04-11,NYM,ATH,1,2026,mlb_673540,Kodai Senga,mlb_682052,Jacob Lopez,,20260411_NYM_ATH_1
2026-04-11,PHI,ARI,1,2026,mlb_592836,Taijuan Walker,mlb_694297,Brandon Pfaadt,,20260411_PHI_ARI_1
2026-04-11,SDP,COL,1,2026,mlb_608566,Germán Márquez,mlb_663372,Ryan Feltner,,20260411_SDP_COL_1
2026-04-11,SEA,HOU,1,2026,mlb_622491,Luis Castillo,mlb_621121,Lance McCullers Jr.,,20260411_SEA_HOU_1
2026-04-11,STL,BOS,1,2026,mlb_681517,Kyle Leahy,mlb_624133,Ranger Suarez,,20260411_STL_BOS_1
2026-04-11,TBR,NYY,1,2026,mlb_607259,Nick Martinez,mlb_608331,Max Fried,,20260411_TBR_NYY_1
2026-04-11,TOR,MIN,1,2026,mlb_641778,Eric Lauer,mlb_657746,Joe Ryan,,20260411_TOR_MIN_1
2026-04-12,ATL,CLE,1,2026,mlb_519242,Chris Sale,mlb_676440,Tanner Bibee,,20260412_ATL_CLE_1
2026-04-12,BAL,SFG,1,2026,mlb_700249,Cade Povich,mlb_605288,Adrian Houser,,20260412_BAL_SFG_1
2026-04-12,CHC,PIT,1,2026,mlb_592791,Jameson Taillon,mlb_696149,Bubba Chandler,,20260412_CHC_PIT_1
2026-04-12,CIN,LAA,1,2026,mlb_671096,Andrew Abbott,mlb_667755,José Soriano,,20260412_CIN_LAA_1
2026-04-12,DET,MIA,1,2026,mlb_669373,Tarik Skubal,mlb_645261,Sandy Alcantara,,20260412_DET_MIA_1
2026-04-12,KCR,CHW,1,2026,mlb_702070,Noah Cameron,mlb_691799,Grant Taylor,,20260412_KCR_CHW_1
2026-04-12,LAD,TEX,1,2026,mlb_808963,Roki Sasaki,mlb_594798,Jacob deGrom,,20260412_LAD_TEX_1
2026-04-12,MIL,WSN,1,2026,mlb_605540,Brandon Woodruff,mlb_641793,Zack Littell,,20260412_MIL_WSN_1
2026-04-12,NYM,ATH,1,2026,mlb_642547,Freddy Peralta,mlb_650644,Aaron Civale,,20260412_NYM_ATH_1
2026-04-12,PHI,ARI,1,2026,mlb_647315,Zach Pop,mlb_668678,Zac Gallen,,20260412_PHI_ARI_1
2026-04-12,SDP,COL,1,2026,mlb_601713,Nick Pivetta,mlb_607536,Kyle Freeland,,20260412_SDP_COL_1
2026-04-12,SEA,HOU,1,2026,mlb_669302,Logan Gilbert,mlb_675989,Cody Bolton,,20260412_SEA_HOU_1
2026-04-12,STL,BOS,1,2026,mlb_669467,Andre Pallante,mlb_678394,Brayan Bello,,20260412_STL_BOS_1
2026-04-12,TBR,NYY,1,2026,mlb_656876,Drew Rasmussen,mlb_693645,Cam Schlittler,,20260412_TBR_NYY_1
2026-04-12,TOR,MIN,1,2026,mlb_453286,Max Scherzer,mlb_671737,Taj Bradley,,20260412_TOR_MIN_1
2026-04-13,ATH,TEX,1,2026,mlb_622663,Luis Severino,mlb_543135,Nathan Eovaldi,,20260413_ATH_TEX_1
2026-04-13,ATL,MIA,1,2026,mlb_656550,Grant Holmes,mlb_691587,Eury Pérez,,20260413_ATL_MIA_1
2026-04-13,BAL,ARI,1,2026,mlb_665152,Dean Kremer,mlb_669194,Ryne Nelson,,20260413_BAL_ARI_1
2026-04-13,LAD,NYM,1,2026,mlb_680736,Justin Wrobleski,mlb_656849,David Peterson,,20260413_LAD_NYM_1
2026-04-13,MIN,BOS,1,2026,mlb_641927,Bailey Ober,mlb_676979,Garrett Crochet,,20260413_MIN_BOS_1
2026-04-13,NYY,LAA,1,2026,mlb_701542,Will Warren,mlb_579328,Yusei Kikuchi,,20260413_NYY_LAA_1
2026-04-13,PHI,CHC,1,2026,mlb_650911,Cristopher Sánchez,mlb_665871,Javier Assad,,20260413_PHI_CHC_1
2026-04-13,PIT,WSN,1,2026,mlb_694973,Paul Skenes,mlb_676917,Cade Cavalli,,20260413_PIT_WSN_1
2026-04-13,SEA,HOU,1,2026,mlb_669923,George Kirby,mlb_681347,Mike Burrows,,20260413_SEA_HOU_1
2026-04-13,STL,CLE,1,2026,mlb_669461,Matthew Liberatore,mlb_668909,Gavin Williams,,20260413_STL_CLE_1
2026-04-14,ATH,TEX,1,2026,mlb_605488,Jeffrey Springs,mlb_669022,MacKenzie Gore,,20260414_ATH_TEX_1
2026-04-14,ATL,MIA,1,2026,mlb_625643,Reynaldo López,mlb_676974,Max Meyer,,20260414_ATL_MIA_1
2026-04-14,BAL,ARI,1,2026,mlb_669432,Trevor Rogers,mlb_518876,Merrill Kelly,,20260414_BAL_ARI_1
2026-04-14,CHW,TBR,1,2026,mlb_702273,Noah Schultz,mlb_663556,Shane McClanahan,,20260414_CHW_TBR_1
2026-04-14,CIN,SFG,1,2026,mlb_663903,Brady Singer,mlb_592662,Robbie Ray,,20260414_CIN_SFG_1
2026-04-14,DET,KCR,1,2026,mlb_664285,Framber Valdez,mlb_666142,Cole Ragans,,20260414_DET_KCR_1
2026-04-14,HOU,COL,1,2026,mlb_676467,Colton Gordon,mlb_547179,Michael Lorenzen,,20260414_HOU_COL_1
2026-04-14,LAD,NYM,1,2026,mlb_808967,Yoshinobu Yamamoto,mlb_690997,Nolan McLean,,20260414_LAD_NYM_1
2026-04-14,MIL,TOR,1,2026,mlb_694819,Jacob Misiorowski,mlb_592332,Kevin Gausman,,20260414_MIL_TOR_1
2026-04-14,MIN,BOS,1,2026,mlb_690953,Mick Abel,mlb_543243,Sonny Gray,,20260414_MIN_BOS_1
2026-04-14,NYY,LAA,1,2026,mlb_677960,Ryan Weathers,mlb_672282,Reid Detmers,,20260414_NYY_LAA_1
2026-04-14,PHI,CHC,1,2026,mlb_605400,Aaron Nola,mlb_702303,Riley Martin,,20260414_PHI_CHC_1
2026-04-14,PIT,WSN,1,2026,mlb_656605,Mitch Keller,mlb_676571,PJ Poulin,,20260414_PIT_WSN_1
2026-04-14,SDP,SEA,1,2026,mlb_650633,Michael King,mlb_693433,Bryan Woo,,20260414_SDP_SEA_1
2026-04-14,STL,CLE,1,2026,mlb_700241,Michael McGreevy,mlb_676282,Joey Cantillo,,20260414_STL_CLE_1
2026-04-15,ATH,TEX,1,2026,mlb_669372,J.T. Ginn,mlb_677958,Kumar Rocker,,20260415_ATH_TEX_1
2026-04-15,ATL,MIA,1,2026,mlb_693821,Bryce Elder,mlb_663978,Chris Paddack,,20260415_ATL_MIA_1
2026-04-15,BAL,ARI,1,2026,mlb_680694,Kyle Bradish,mlb_593958,Eduardo Rodriguez,,20260415_BAL_ARI_1
2026-04-15,CHW,TBR,1,2026,mlb_680732,Sean Burke,mlb_642121,Cole Sulser,,20260415_CHW_TBR_1
2026-04-15,CIN,SFG,1,2026,mlb_695076,Rhett Lowder,mlb_641816,Tyler Mahle,,20260415_CIN_SFG_1
2026-04-15,DET,KCR,1,2026,mlb_656427,Jack Flaherty,mlb_607625,Seth Lugo,,20260415_DET_KCR_1
2026-04-15,HOU,COL,1,2026,mlb_681293,Spencer Arrighetti,mlb_500779,Jose Quintana,,20260415_HOU_COL_1
2026-04-15,LAD,NYM,1,2026,mlb_660271,Shohei Ohtani,mlb_605280,Clay Holmes,,20260415_LAD_NYM_1
2026-04-15,MIL,TOR,1,2026,mlb_694477,Chad Patrick,mlb_656302,Dylan Cease,,20260415_MIL_TOR_1
2026-04-15,MIN,BOS,1,2026,mlb_680573,Simeon Woods Richardson,mlb_813349,Connelly Early,,20260415_MIN_BOS_1
2026-04-15,NYY,LAA,1,2026,mlb_661563,Luis Gil,mlb_686799,Jack Kochanowicz,,20260415_NYY_LAA_1
2026-04-15,PHI,CHC,1,2026,mlb_666200,Jesús Luzardo,mlb_684007,Shota Imanaga,,20260415_PHI_CHC_1
2026-04-15,PIT,WSN,1,2026,mlb_682254,Mason Montgomery,mlb_663623,Jake Irvin,,20260415_PIT_WSN_1
2026-04-15,SDP,SEA,1,2026,mlb_681190,Randy Vásquez,mlb_676106,Emerson Hancock,,20260415_SDP_SEA_1
2026-04-15,STL,CLE,1,2026,mlb_669160,Dustin May,mlb_677944,Slade Cecconi,,20260415_STL_CLE_1
2026-04-16,ATH,TEX,1,2026,mlb_682052,Jacob Lopez,mlb_683004,Jack Leiter,,20260416_ATH_TEX_1
2026-04-16,CHW,TBR,1,2026,mlb_673929,Jordan Leasure,mlb_571927,Steven Matz,,20260416_CHW_TBR_1
2026-04-16,CIN,SFG,1,2026,mlb_695505,Chase Burns,mlb_694738,Landen Roupp,,20260416_CIN_SFG_1
2026-04-16,CLE,BAL,1,2026,mlb_800048,Parker Messick,mlb_669358,Shane Baz,,20260416_CLE_BAL_1
2026-04-16,DET,KCR,1,2026,mlb_672456,Keider Montero,mlb_663460,Kris Bubic,,20260416_DET_KCR_1
2026-04-16,HOU,COL,1,2026,mlb_680802,Ryan Weiss,mlb_675848,Juan Mejia,,20260416_HOU_COL_1
2026-04-16,MIL,TOR,1,2026,mlb_687075,Brandon Sproat,mlb_571578,Patrick Corbin,,20260416_MIL_TOR_1
2026-04-16,NYY,LAA,1,2026,mlb_608331,Max Fried,mlb_608718,Brent Suter,,20260416_NYY_LAA_1
2026-04-16,PIT,WSN,1,2026,mlb_677952,Braxton Ashcraft,mlb_656492,Foster Griffin,,20260416_PIT_WSN_1
2026-04-16,SDP,SEA,1,2026,mlb_621111,Walker Buehler,mlb_622491,Luis Castillo,,20260416_SDP_SEA_1
2026-04-17,ARI,TOR,1,2026,mlb_647336,Michael Soroka,mlb_680755,Braydon Fisher,,20260417_ARI_TOR_1
2026-04-17,ATH,CHW,1,2026,mlb_650644,Aaron Civale,mlb_663436,Davis Martin,,20260417_ATH_CHW_1
2026-04-17,BOS,DET,1,2026,mlb_624133,Ranger Suarez,mlb_663554,Casey Mize,,20260417_BOS_DET_1
2026-04-17,CHC,NYM,1,2026,mlb_665795,Edward Cabrera,mlb_673540,Kodai Senga,,20260417_CHC_NYM_1
2026-04-17,CLE,BAL,1,2026,mlb_676440,Tanner Bibee,mlb_605135,Chris Bassitt,,20260417_CLE_BAL_1
2026-04-17,COL,LAD,1,2026,mlb_608372,Tomoyuki Sugano,mlb_607192,Tyler Glasnow,,20260417_COL_LAD_1
2026-04-17,HOU,STL,1,2026,mlb_663567,Peter Lambert,mlb_681517,Kyle Leahy,,20260417_HOU_STL_1
2026-04-17,LAA,SDP,1,2026,mlb_667755,José Soriano,mlb_663362,Matt Waldron,,20260417_LAA_SDP_1
2026-04-17,MIA,MIL,1,2026,mlb_676083,Janson Junk,mlb_689441,Coleman Crow,,20260417_MIA_MIL_1
2026-04-17,MIN,CIN,1,2026,mlb_657746,Joe Ryan,mlb_682227,Brandon Williamson,,20260417_MIN_CIN_1
2026-04-17,NYY,KCR,1,2026,mlb_693645,Cam Schlittler,mlb_608379,Michael Wacha,,20260417_NYY_KCR_1
2026-04-17,PHI,ATL,1,2026,mlb_592836,Taijuan Walker,mlb_527048,Martín Pérez,,20260417_PHI_ATL_1
2026-04-17,PIT,TBR,1,2026,mlb_696149,Bubba Chandler,mlb_607259,Nick Martinez,,20260417_PIT_TBR_1
2026-04-17,SEA,TEX,1,2026,mlb_669302,Logan Gilbert,mlb_594798,Jacob deGrom,,20260417_SEA_TEX_1
2026-04-17,WSN,SFG,1,2026,mlb_641793,Zack Littell,mlb_657277,Logan Webb,,20260417_WSN_SFG_1
2026-04-18,ARI,TOR,1,2026,mlb_668678,Zac Gallen,mlb_453286,Max Scherzer,,20260418_ARI_TOR_1
2026-04-18,ATH,CHW,1,2026,mlb_622663,Luis Severino,mlb_607200,Erick Fedde,,20260418_ATH_CHW_1
2026-04-18,BOS,DET,1,2026,mlb_678394,Brayan Bello,mlb_669373,Tarik Skubal,,20260418_BOS_DET_1
2026-04-18,CHC,NYM,1,2026,mlb_592791,Jameson Taillon,mlb_642547,Freddy Peralta,,20260418_CHC_NYM_1
2026-04-18,CLE,BAL,1,2026,mlb_668909,Gavin Williams,mlb_665152,Dean Kremer,,20260418_CLE_BAL_1
2026-04-18,COL,LAD,1,2026,mlb_663372,Ryan Feltner,mlb_686218,Emmet Sheehan,,20260418_COL_LAD_1
2026-04-18,HOU,STL,1,2026,mlb_621121,Lance McCullers Jr.,mlb_669467,Andre Pallante,,20260418_HOU_STL_1
2026-04-18,LAA,SDP,1,2026,mlb_579328,Yusei Kikuchi,mlb_608566,Germán Márquez,,20260418_LAA_SDP_1
2026-04-18,MIA,MIL,1,2026,mlb_645261,Sandy Alcantara,mlb_605540,Brandon Woodruff,,20260418_MIA_MIL_1
2026-04-18,MIN,CIN,1,2026,mlb_671737,Taj Bradley,mlb_671096,Andrew Abbott,,20260418_MIN_CIN_1
2026-04-18,NYY,KCR,1,2026,mlb_701542,Will Warren,mlb_702070,Noah Cameron,,20260418_NYY_KCR_1
2026-04-18,PHI,ATL,1,2026,mlb_650911,Cristopher Sánchez,mlb_519242,Chris Sale,,20260418_PHI_ATL_1
2026-04-18,PIT,TBR,1,2026,mlb_694973,Paul Skenes,mlb_656876,Drew Rasmussen,,20260418_PIT_TBR_1
2026-04-18,SEA,TEX,1,2026,mlb_669923,George Kirby,mlb_543135,Nathan Eovaldi,,20260418_SEA_TEX_1
2026-04-18,WSN,SFG,1,2026,mlb_676917,Cade Cavalli,mlb_605288,Adrian Houser,,20260418_WSN_SFG_1
2026-04-19,ARI,TOR,1,2026,mlb_669194,Ryne Nelson,mlb_592332,Kevin Gausman,,20260419_ARI_TOR_1
2026-04-19,ATH,CHW,1,2026,mlb_605488,Jeffrey Springs,mlb_702273,Noah Schultz,,20260419_ATH_CHW_1
2026-04-19,BOS,DET,1,2026,mlb_676979,Garrett Crochet,mlb_664285,Framber Valdez,,20260419_BOS_DET_1
2026-04-19,CHC,NYM,1,2026,mlb_665871,Javier Assad,mlb_668964,Tobias Myers,,20260419_CHC_NYM_1
2026-04-19,CLE,BAL,1,2026,mlb_676282,Joey Cantillo,mlb_669432,Trevor Rogers,,20260419_CLE_BAL_1
2026-04-19,COL,LAD,1,2026,mlb_547179,Michael Lorenzen,mlb_808963,Roki Sasaki,,20260419_COL_LAD_1
2026-04-19,HOU,STL,1,2026,mlb_681347,Mike Burrows,mlb_669461,Matthew Liberatore,,20260419_HOU_STL_1
2026-04-19,LAA,SDP,1,2026,mlb_700712,Walbert Ureña,mlb_650633,Michael King,,20260419_LAA_SDP_1
2026-04-19,MIA,MIL,1,2026,mlb_691587,Eury Pérez,mlb_694819,Jacob Misiorowski,,20260419_MIA_MIL_1
2026-04-19,MIN,CIN,1,2026,mlb_641927,Bailey Ober,mlb_663903,Brady Singer,,20260419_MIN_CIN_1
2026-04-19,NYY,KCR,1,2026,mlb_677960,Ryan Weathers,mlb_666142,Cole Ragans,,20260419_NYY_KCR_1
2026-04-19,PHI,ATL,1,2026,mlb_691725,Andrew Painter,mlb_656550,Grant Holmes,,20260419_PHI_ATL_1
2026-04-19,PIT,TBR,1,2026,mlb_656605,Mitch Keller,mlb_663556,Shane McClanahan,,20260419_PIT_TBR_1
2026-04-19,SEA,TEX,1,2026,mlb_693433,Bryan Woo,mlb_669022,MacKenzie Gore,,20260419_SEA_TEX_1
2026-04-19,WSN,SFG,1,2026,mlb_676571,PJ Poulin,mlb_592662,Robbie Ray,,20260419_WSN_SFG_1
2026-04-20,BOS,DET,1,2026,mlb_543243,Sonny Gray,mlb_656427,Jack Flaherty,,20260420_BOS_DET_1
2026-04-20,CHC,PHI,1,2026,mlb_607067,Colin Rea,mlb_605400,Aaron Nola,,20260420_CHC_PHI_1
2026-04-20,CLE,HOU,1,2026,mlb_677944,Slade Cecconi,mlb_681293,Spencer Arrighetti,,20260420_CLE_HOU_1
2026-04-20,COL,LAD,1,2026,mlb_500779,Jose Quintana,mlb_680736,Justin Wrobleski,,20260420_COL_LAD_1
2026-04-20,KCR,BAL,1,2026,mlb_607625,Seth Lugo,mlb_680694,Kyle Bradish,,20260420_KCR_BAL_1
2026-04-20,LAA,TOR,1,2026,mlb_672282,Reid Detmers,mlb_656302,Dylan Cease,,20260420_LAA_TOR_1
2026-04-20,MIA,STL,1,2026,mlb_676974,Max Meyer,mlb_700241,Michael McGreevy,,20260420_MIA_STL_1
2026-04-20,SEA,ATH,1,2026,mlb_676106,Emerson Hancock,mlb_669372,J.T. Ginn,,20260420_SEA_ATH_1
2026-04-20,TBR,CIN,1,2026,mlb_669947,Jesse Scholtens,mlb_695076,Rhett Lowder,,20260420_TBR_CIN_1
2026-04-20,WSN,ATL,1,2026,mlb_663623,Jake Irvin,mlb_693821,Bryce Elder,,20260420_WSN_ATL_1
2026-04-21,ARI,CHW,1,2026,mlb_518876,Merrill Kelly,mlb_680732,Sean Burke,,20260421_ARI_CHW_1
2026-04-21,BOS,NYY,1,2026,mlb_813349,Connelly Early,mlb_661563,Luis Gil,,20260421_BOS_NYY_1
2026-04-21,CHC,PHI,1,2026,mlb_684007,Shota Imanaga,mlb_666200,Jesús Luzardo,,20260421_CHC_PHI_1
2026-04-21,CLE,HOU,1,2026,mlb_800048,Parker Messick,mlb_680802,Ryan Weiss,,20260421_CLE_HOU_1
2026-04-21,COL,SDP,1,2026,mlb_623474,Jimmy Herget,mlb_681190,Randy Vásquez,,20260421_COL_SDP_1
2026-04-21,DET,MIL,1,2026,mlb_672456,Keider Montero,mlb_690986,Kyle Harrison,,20260421_DET_MIL_1
2026-04-21,KCR,BAL,1,2026,mlb_663460,Kris Bubic,mlb_669358,Shane Baz,,20260421_KCR_BAL_1
2026-04-21,LAA,TOR,1,2026,mlb_686799,Jack Kochanowicz,mlb_571578,Patrick Corbin,,20260421_LAA_TOR_1
2026-04-21,MIA,STL,1,2026,mlb_663978,Chris Paddack,mlb_669160,Dustin May,,20260421_MIA_STL_1
2026-04-21,NYM,MIN,1,2026,mlb_690997,Nolan McLean,mlb_680573,Simeon Woods Richardson,,20260421_NYM_MIN_1
2026-04-21,SEA,ATH,1,2026,mlb_622491,Luis Castillo,mlb_682052,Jacob Lopez,,20260421_SEA_ATH_1
2026-04-21,SFG,LAD,1,2026,mlb_694738,Landen Roupp,mlb_808967,Yoshinobu Yamamoto,,20260421_SFG_LAD_1
2026-04-21,TBR,CIN,1,2026,mlb_571927,Steven Matz,mlb_695505,Chase Burns,,20260421_TBR_CIN_1
2026-04-21,TEX,PIT,1,2026,mlb_677958,Kumar Rocker,mlb_669387,Carmen Mlodzinski,,20260421_TEX_PIT_1
2026-04-21,WSN,ATL,1,2026,mlb_656492,Foster Griffin,mlb_625643,Reynaldo López,,20260421_WSN_ATL_1
2026-04-22,ARI,CHW,1,2026,mlb_593958,Eduardo Rodriguez,mlb_641743,Anthony Kay,,20260422_ARI_CHW_1
2026-04-22,BOS,NYY,1,2026,mlb_624133,Ranger Suarez,mlb_608331,Max Fried,,20260422_BOS_NYY_1
2026-04-22,CHC,PHI,1,2026,mlb_571510,Matthew Boyd,mlb_679775,Kyle Backhus,,20260422_CHC_PHI_1
2026-04-22,CLE,HOU,1,2026,mlb_676440,Tanner Bibee,mlb_663567,Peter Lambert,,20260422_CLE_HOU_1
2026-04-22,COL,SDP,1,2026,mlb_608372,Tomoyuki Sugano,mlb_621111,Walker Buehler,,20260422_COL_SDP_1
2026-04-22,DET,MIL,1,2026,mlb_663554,Casey Mize,mlb_669084,DL Hall,,20260422_DET_MIL_1
2026-04-22,KCR,BAL,1,2026,mlb_608379,Michael Wacha,mlb_605135,Chris Bassitt,,20260422_KCR_BAL_1
2026-04-22,LAA,TOR,1,2026,mlb_667755,José Soriano,mlb_641778,Eric Lauer,,20260422_LAA_TOR_1
2026-04-22,MIA,STL,1,2026,mlb_676083,Janson Junk,mlb_681517,Kyle Leahy,,20260422_MIA_STL_1
2026-04-22,NYM,MIN,1,2026,mlb_605280,Clay Holmes,mlb_687570,Connor Prielipp,,20260422_NYM_MIN_1
2026-04-22,SEA,ATH,1,2026,mlb_669302,Logan Gilbert,mlb_650644,Aaron Civale,,20260422_SEA_ATH_1
2026-04-22,SFG,LAD,1,2026,mlb_641816,Tyler Mahle,mlb_660271,Shohei Ohtani,,20260422_SFG_LAD_1
2026-04-22,TBR,CIN,1,2026,mlb_607259,Nick Martinez,mlb_682227,Brandon Williamson,,20260422_TBR_CIN_1
2026-04-22,TEX,PIT,1,2026,mlb_683004,Jack Leiter,mlb_677952,Braxton Ashcraft,,20260422_TEX_PIT_1
2026-04-22,WSN,ATL,1,2026,mlb_641793,Zack Littell,mlb_800311,Didier Fuentes,,20260422_WSN_ATL_1
2026-04-23,ARI,CHW,1,2026,mlb_647336,Michael Soroka,mlb_663436,Davis Martin,,20260423_ARI_CHW_1
2026-04-23,BOS,NYY,1,2026,mlb_801139,Payton Tolle,mlb_693645,Cam Schlittler,,20260423_BOS_NYY_1
2026-04-23,CHC,PHI,1,2026,mlb_665795,Edward Cabrera,mlb_650911,Cristopher Sánchez,,20260423_CHC_PHI_1
2026-04-23,COL,SDP,1,2026,mlb_663372,Ryan Feltner,mlb_663362,Matt Waldron,,20260423_COL_SDP_1
2026-04-23,DET,MIL,1,2026,mlb_669373,Tarik Skubal,mlb_687075,Brandon Sproat,,20260423_DET_MIL_1
2026-04-23,NYM,MIN,1,2026,mlb_681035,Christian Scott,mlb_657746,Joe Ryan,,20260423_NYM_MIN_1
2026-04-23,SFG,LAD,1,2026,mlb_657277,Logan Webb,mlb_607192,Tyler Glasnow,,20260423_SFG_LAD_1
2026-04-23,TEX,PIT,1,2026,mlb_594798,Jacob deGrom,mlb_696149,Bubba Chandler,,20260423_TEX_PIT_1
2026-04-23,WSN,ATL,1,2026,mlb_676917,Cade Cavalli,mlb_702275,JR Ritchie,,20260423_WSN_ATL_1
2026-04-24,ATL,PHI,1,2026,mlb_656550,Grant Holmes,mlb_691725,Andrew Painter,,20260424_ATL_PHI_1
2026-04-24,BAL,BOS,1,2026,mlb_687064,Brandon Young,mlb_678394,Brayan Bello,,20260424_BAL_BOS_1
2026-04-24,CHW,WSN,1,2026,mlb_663542,Bryan Hudson,mlb_676571,PJ Poulin,,20260424_CHW_WSN_1
2026-04-24,CIN,DET,1,2026,mlb_671096,Andrew Abbott,mlb_664285,Framber Valdez,,20260424_CIN_DET_1
2026-04-24,HOU,NYY,1,2026,mlb_621121,Lance McCullers Jr.,mlb_701542,Will Warren,,20260424_HOU_NYY_1
2026-04-24,KCR,LAA,1,2026,mlb_702070,Noah Cameron,mlb_579328,Yusei Kikuchi,,20260424_KCR_LAA_1
2026-04-24,LAD,CHC,1,2026,mlb_686218,Emmet Sheehan,mlb_592791,Jameson Taillon,,20260424_LAD_CHC_1
2026-04-24,MIL,PIT,1,2026,mlb_605540,Brandon Woodruff,mlb_694973,Paul Skenes,,20260424_MIL_PIT_1
2026-04-24,NYM,COL,1,2026,mlb_642547,Freddy Peralta,mlb_547179,Michael Lorenzen,,20260424_NYM_COL_1
2026-04-24,SFG,MIA,1,2026,mlb_605288,Adrian Houser,mlb_645261,Sandy Alcantara,,20260424_SFG_MIA_1
2026-04-24,STL,SEA,1,2026,mlb_669467,Andre Pallante,mlb_669923,George Kirby,,20260424_STL_SEA_1
2026-04-24,TBR,MIN,1,2026,mlb_656876,Drew Rasmussen,mlb_671737,Taj Bradley,,20260424_TBR_MIN_1
2026-04-24,TEX,ATH,1,2026,mlb_543135,Nathan Eovaldi,mlb_622663,Luis Severino,,20260424_TEX_ATH_1
2026-04-24,TOR,CLE,1,2026,mlb_453286,Max Scherzer,mlb_668909,Gavin Williams,,20260424_TOR_CLE_1
2026-04-25,ARI,SDP,1,2026,mlb_668678,Zac Gallen,mlb_608566,Germán Márquez,,20260425_ARI_SDP_1
2026-04-25,ATL,PHI,1,2026,mlb_693821,Bryce Elder,mlb_554430,Zack Wheeler,,20260425_ATL_PHI_1
2026-04-25,BAL,BOS,1,2026,mlb_669432,Trevor Rogers,mlb_676979,Garrett Crochet,,20260425_BAL_BOS_1
2026-04-25,CHW,WSN,1,2026,mlb_702273,Noah Schultz,mlb_663623,Jake Irvin,,20260425_CHW_WSN_1
2026-04-25,CIN,DET,1,2026,mlb_663903,Brady Singer,mlb_656427,Jack Flaherty,,20260425_CIN_DET_1
2026-04-25,HOU,NYY,1,2026,mlb_681347,Mike Burrows,mlb_677960,Ryan Weathers,,20260425_HOU_NYY_1
2026-04-25,KCR,LAA,1,2026,mlb_666142,Cole Ragans,mlb_700712,Walbert Ureña,,20260425_KCR_LAA_1
2026-04-25,LAD,CHC,1,2026,mlb_808963,Roki Sasaki,mlb_607067,Colin Rea,,20260425_LAD_CHC_1
2026-04-25,MIL,PIT,1,2026,mlb_694819,Jacob Misiorowski,mlb_656605,Mitch Keller,,20260425_MIL_PIT_1
2026-04-25,SFG,MIA,1,2026,mlb_592662,Robbie Ray,mlb_691587,Eury Pérez,,20260425_SFG_MIA_1
2026-04-25,STL,SEA,1,2026,mlb_669461,Matthew Liberatore,mlb_693433,Bryan Woo,,20260425_STL_SEA_1
2026-04-25,TBR,MIN,1,2026,mlb_663556,Shane McClanahan,mlb_641927,Bailey Ober,,20260425_TBR_MIN_1
2026-04-25,TEX,ATH,1,2026,mlb_669022,MacKenzie Gore,mlb_605488,Jeffrey Springs,,20260425_TEX_ATH_1
2026-04-25,TOR,CLE,1,2026,mlb_592332,Kevin Gausman,mlb_676282,Joey Cantillo,,20260425_TOR_CLE_1
2026-04-26,ARI,SDP,1,2026,mlb_669194,Ryne Nelson,mlb_650633,Michael King,,20260426_ARI_SDP_1
2026-04-26,ATL,PHI,1,2026,mlb_519242,Chris Sale,mlb_605400,Aaron Nola,,20260426_ATL_PHI_1
2026-04-26,BAL,BOS,1,2026,mlb_680694,Kyle Bradish,mlb_813349,Connelly Early,,20260426_BAL_BOS_1
2026-04-26,CHW,WSN,1,2026,mlb_663542,Bryan Hudson,mlb_656492,Foster Griffin,,20260426_CHW_WSN_1
2026-04-26,CIN,DET,1,2026,mlb_695076,Rhett Lowder,mlb_672456,Keider Montero,,20260426_CIN_DET_1
2026-04-26,HOU,NYY,1,2026,mlb_681293,Spencer Arrighetti,mlb_661563,Luis Gil,,20260426_HOU_NYY_1
2026-04-26,KCR,LAA,1,2026,mlb_607625,Seth Lugo,mlb_672282,Reid Detmers,,20260426_KCR_LAA_1
2026-04-26,LAD,CHC,1,2026,mlb_680736,Justin Wrobleski,mlb_684007,Shota Imanaga,,20260426_LAD_CHC_1
2026-04-26,MIL,PIT,1,2026,mlb_690986,Kyle Harrison,mlb_669387,Carmen Mlodzinski,,20260426_MIL_PIT_1
2026-04-26,NYM,COL,1,2026,mlb_690997,Nolan McLean,mlb_500779,Jose Quintana,,20260426_NYM_COL_1
2026-04-26,SFG,MIA,1,2026,mlb_694738,Landen Roupp,mlb_676974,Max Meyer,,20260426_SFG_MIA_1
2026-04-26,STL,SEA,1,2026,mlb_700241,Michael McGreevy,mlb_676106,Emerson Hancock,,20260426_STL_SEA_1
2026-04-26,TBR,MIN,1,2026,mlb_643377,Griffin Jax,mlb_680573,Simeon Woods Richardson,,20260426_TBR_MIN_1
2026-04-26,TEX,ATH,1,2026,mlb_677958,Kumar Rocker,mlb_669372,J.T. Ginn,,20260426_TEX_ATH_1
2026-04-26,TOR,CLE,1,2026,mlb_571578,Patrick Corbin,mlb_677944,Slade Cecconi,,20260426_TOR_CLE_1
2026-04-27,CHW,LAA,1,2026,mlb_641743,Anthony Kay,mlb_686799,Jack Kochanowicz,,20260427_CHW_LAA_1
2026-04-27,CLE,TBR,1,2026,mlb_800048,Parker Messick,mlb_571927,Steven Matz,,20260427_CLE_TBR_1
2026-04-27,LAD,MIA,1,2026,mlb_808967,Yoshinobu Yamamoto,mlb_663978,Chris Paddack,,20260427_LAD_MIA_1
2026-04-27,MIN,SEA,1,2026,mlb_687570,Connor Prielipp,mlb_622491,Luis Castillo,,20260427_MIN_SEA_1
2026-04-27,PIT,STL,1,2026,mlb_682254,Mason Montgomery,mlb_669160,Dustin May,,20260427_PIT_STL_1
2026-04-27,SDP,CHC,1,2026,mlb_681190,Randy Vásquez,mlb_571510,Matthew Boyd,,20260427_SDP_CHC_1
2026-04-27,TEX,NYY,1,2026,mlb_683004,Jack Leiter,mlb_608331,Max Fried,,20260427_TEX_NYY_1
2026-04-27,TOR,BOS,1,2026,mlb_656302,Dylan Cease,mlb_624133,Ranger Suarez,,20260427_TOR_BOS_1
2026-04-28,ATH,KCR,1,2026,mlb_650644,Aaron Civale,mlb_663460,Kris Bubic,,20260428_ATH_KCR_1
2026-04-28,ATL,DET,1,2026,mlb_527048,Martín Pérez,mlb_663554,Casey Mize,,20260428_ATL_DET_1
2026-04-28,BAL,HOU,1,2026,mlb_669358,Shane Baz,mlb_678906,Kai-Wei Teng,,20260428_BAL_HOU_1
2026-04-28,CHW,LAA,1,2026,mlb_663436,Davis Martin,mlb_667755,José Soriano,,20260428_CHW_LAA_1
2026-04-28,CIN,COL,1,2026,mlb_695505,Chase Burns,mlb_607536,Kyle Freeland,,20260428_CIN_COL_1
2026-04-28,CLE,TBR,1,2026,mlb_676440,Tanner Bibee,mlb_607259,Nick Martinez,,20260428_CLE_TBR_1
2026-04-28,LAD,MIA,1,2026,mlb_660271,Shohei Ohtani,mlb_676083,Janson Junk,,20260428_LAD_MIA_1
2026-04-28,MIL,ARI,1,2026,mlb_694477,Chad Patrick,mlb_518876,Merrill Kelly,,20260428_MIL_ARI_1
2026-04-28,MIN,SEA,1,2026,mlb_657746,Joe Ryan,mlb_669302,Logan Gilbert,,20260428_MIN_SEA_1
2026-04-28,NYM,WSN,1,2026,mlb_605280,Clay Holmes,mlb_641793,Zack Littell,,20260428_NYM_WSN_1
2026-04-28,PHI,SFG,1,2026,mlb_666200,Jesús Luzardo,mlb_641816,Tyler Mahle,,20260428_PHI_SFG_1
2026-04-28,PIT,STL,1,2026,mlb_677952,Braxton Ashcraft,mlb_681517,Kyle Leahy,,20260428_PIT_STL_1
2026-04-28,SDP,CHC,1,2026,mlb_621111,Walker Buehler,mlb_665795,Edward Cabrera,,20260428_SDP_CHC_1
2026-04-28,TEX,NYY,1,2026,mlb_594798,Jacob deGrom,mlb_693645,Cam Schlittler,,20260428_TEX_NYY_1
2026-04-28,TOR,BOS,1,2026,mlb_702056,Trey Yesavage,mlb_801139,Payton Tolle,,20260428_TOR_BOS_1
2026-04-29,ATH,KCR,1,2026,mlb_622663,Luis Severino,mlb_608379,Michael Wacha,,20260429_ATH_KCR_1
2026-04-29,ATL,DET,1,2026,mlb_702275,JR Ritchie,mlb_669373,Tarik Skubal,,20260429_ATL_DET_1
2026-04-29,CHW,LAA,1,2026,mlb_607200,Erick Fedde,mlb_579328,Yusei Kikuchi,,20260429_CHW_LAA_1
2026-04-29,CIN,COL,1,2026,mlb_682227,Brandon Williamson,mlb_608372,Tomoyuki Sugano,,20260429_CIN_COL_1
2026-04-29,CLE,TBR,1,2026,mlb_668909,Gavin Williams,mlb_656876,Drew Rasmussen,,20260429_CLE_TBR_1
2026-04-29,LAD,MIA,1,2026,mlb_607192,Tyler Glasnow,mlb_645261,Sandy Alcantara,,20260429_LAD_MIA_1
2026-04-29,MIL,ARI,1,2026,mlb_687075,Brandon Sproat,mlb_593958,Eduardo Rodriguez,,20260429_MIL_ARI_1
2026-04-29,MIN,SEA,1,2026,mlb_671737,Taj Bradley,mlb_669923,George Kirby,,20260429_MIN_SEA_1
2026-04-29,NYM,WSN,1,2026,mlb_656849,David Peterson,mlb_676917,Cade Cavalli,,20260429_NYM_WSN_1
2026-04-29,PIT,STL,1,2026,mlb_696149,Bubba Chandler,mlb_669467,Andre Pallante,,20260429_PIT_STL_1
2026-04-29,SDP,CHC,1,2026,mlb_663362,Matt Waldron,mlb_592791,Jameson Taillon,,20260429_SDP_CHC_1
2026-04-29,TEX,NYY,1,2026,mlb_543135,Nathan Eovaldi,mlb_695684,Elmer Rodríguez,,20260429_TEX_NYY_1
2026-04-29,TOR,BOS,1,2026,mlb_641778,Eric Lauer,mlb_678394,Brayan Bello,,20260429_TOR_BOS_1
2026-04-30,ATH,KCR,1,2026,mlb_605488,Jeffrey Springs,mlb_702070,Noah Cameron,,20260430_ATH_KCR_1
2026-04-30,ATL,DET,1,2026,mlb_693821,Bryce Elder,mlb_664285,Framber Valdez,,20260430_ATL_DET_1
2026-04-30,BAL,HOU,1,2026,mlb_605135,Chris Bassitt,mlb_663567,Peter Lambert,,20260430_BAL_HOU_1
2026-04-30,CIN,COL,1,2026,mlb_671096,Andrew Abbott,mlb_547179,Michael Lorenzen,,20260430_CIN_COL_1
2026-04-30,MIL,ARI,1,2026,mlb_605540,Brandon Woodruff,mlb_647336,Michael Soroka,,20260430_MIL_ARI_1
2026-04-30,MIN,TOR,1,2026,mlb_641927,Bailey Ober,mlb_592332,Kevin Gausman,,20260430_MIN_TOR_1
2026-04-30,NYM,WSN,1,2026,mlb_642547,Freddy Peralta,mlb_571945,Miles Mikolas,,20260430_NYM_WSN_1
2026-04-30,PHI,SFG,1,2026,mlb_650911,Cristopher Sánchez,mlb_657277,Logan Webb,,20260430_PHI_SFG_1
2026-04-30,PIT,STL,1,2026,mlb_694973,Paul Skenes,mlb_690928,Hunter Dobbins,,20260430_PIT_STL_1
2026-05-01,ATH,CLE,1,2026,mlb_669372,J.T. Ginn,mlb_676282,Joey Cantillo,,20260501_ATH_CLE_1
2026-05-01,BOS,HOU,1,2026,mlb_687562,Jake Bennett,mlb_681347,Mike Burrows,,20260501_BOS_HOU_1
2026-05-01,CHC,ARI,1,2026,mlb_607067,Colin Rea,mlb_668678,Zac Gallen,,20260501_CHC_ARI_1
2026-05-01,COL,ATL,1,2026,mlb_500779,Jose Quintana,mlb_656550,Grant Holmes,,20260501_COL_ATL_1
2026-05-01,DET,TEX,1,2026,mlb_656427,Jack Flaherty,mlb_669022,MacKenzie Gore,,20260501_DET_TEX_1
2026-05-01,LAA,NYM,1,2026,mlb_700712,Walbert Ureña,mlb_681035,Christian Scott,,20260501_LAA_NYM_1
2026-05-01,MIA,PHI,1,2026,mlb_691587,Eury Pérez,mlb_554430,Zack Wheeler,,20260501_MIA_PHI_1
2026-05-01,MIN,TOR,1,2026,mlb_680573,Simeon Woods Richardson,mlb_571578,Patrick Corbin,,20260501_MIN_TOR_1
2026-05-01,NYY,BAL,1,2026,mlb_701542,Will Warren,mlb_700249,Cade Povich,,20260501_NYY_BAL_1
2026-05-01,PIT,CIN,1,2026,mlb_656605,Mitch Keller,mlb_663903,Brady Singer,,20260501_PIT_CIN_1
2026-05-01,SDP,CHW,1,2026,mlb_608566,Germán Márquez,mlb_702273,Noah Schultz,,20260501_SDP_CHW_1
2026-05-01,SEA,KCR,1,2026,mlb_693433,Bryan Woo,mlb_666142,Cole Ragans,,20260501_SEA_KCR_1
2026-05-01,STL,LAD,1,2026,mlb_669461,Matthew Liberatore,mlb_686218,Emmet Sheehan,,20260501_STL_LAD_1
2026-05-01,TBR,SFG,1,2026,mlb_663556,Shane McClanahan,mlb_592662,Robbie Ray,,20260501_TBR_SFG_1
2026-05-01,WSN,MIL,1,2026,mlb_663623,Jake Irvin,mlb_694819,Jacob Misiorowski,,20260501_WSN_MIL_1
2026-05-02,ATH,CLE,1,2026,mlb_682052,Jacob Lopez,mlb_677944,Slade Cecconi,,20260502_ATH_CLE_1
2026-05-02,BOS,HOU,1,2026,mlb_813349,Connelly Early,mlb_681293,Spencer Arrighetti,,20260502_BOS_HOU_1
2026-05-02,CHC,ARI,1,2026,mlb_684007,Shota Imanaga,mlb_669194,Ryne Nelson,,20260502_CHC_ARI_1
2026-05-02,COL,ATL,1,2026,mlb_657514,Brennan Bernardino,mlb_519242,Chris Sale,,20260502_COL_ATL_1
2026-05-02,DET,TEX,1,2026,mlb_672456,Keider Montero,mlb_677958,Kumar Rocker,,20260502_DET_TEX_1
2026-05-02,LAA,NYM,1,2026,mlb_672282,Reid Detmers,mlb_690997,Nolan McLean,,20260502_LAA_NYM_1
2026-05-02,MIA,PHI,1,2026,mlb_676974,Max Meyer,mlb_691725,Andrew Painter,,20260502_MIA_PHI_1
2026-05-02,MIN,TOR,1,2026,mlb_687570,Connor Prielipp,mlb_656302,Dylan Cease,,20260502_MIN_TOR_1
2026-05-02,NYY,BAL,1,2026,mlb_677960,Ryan Weathers,mlb_680694,Kyle Bradish,,20260502_NYY_BAL_1
2026-05-02,PIT,CIN,1,2026,mlb_669387,Carmen Mlodzinski,mlb_695076,Rhett Lowder,,20260502_PIT_CIN_1
2026-05-02,SDP,CHW,1,2026,mlb_650633,Michael King,mlb_680732,Sean Burke,,20260502_SDP_CHW_1
2026-05-02,SEA,KCR,1,2026,mlb_676106,Emerson Hancock,mlb_607625,Seth Lugo,,20260502_SEA_KCR_1
2026-05-02,STL,LAD,1,2026,mlb_700241,Michael McGreevy,mlb_808963,Roki Sasaki,,20260502_STL_LAD_1
2026-05-02,TBR,SFG,1,2026,mlb_643377,Griffin Jax,mlb_694738,Landen Roupp,,20260502_TBR_SFG_1
2026-05-02,WSN,MIL,1,2026,mlb_656492,Foster Griffin,mlb_690986,Kyle Harrison,,20260502_WSN_MIL_1
2026-05-03,ATH,CLE,1,2026,mlb_650644,Aaron Civale,mlb_800048,Parker Messick,,20260503_ATH_CLE_1
2026-05-03,BOS,HOU,1,2026,mlb_624133,Ranger Suarez,mlb_675989,Cody Bolton,,20260503_BOS_HOU_1
2026-05-03,CHC,ARI,1,2026,mlb_571510,Matthew Boyd,mlb_518876,Merrill Kelly,,20260503_CHC_ARI_1
2026-05-03,COL,ATL,1,2026,mlb_607536,Kyle Freeland,mlb_675911,Spencer Strider,,20260503_COL_ATL_1
2026-05-03,DET,TEX,1,2026,mlb_663947,Tyler Holton,mlb_683004,Jack Leiter,,20260503_DET_TEX_1
2026-05-03,LAA,NYM,1,2026,mlb_686799,Jack Kochanowicz,mlb_605280,Clay Holmes,,20260503_LAA_NYM_1
2026-05-03,MIA,PHI,1,2026,mlb_663978,Chris Paddack,mlb_666200,Jesús Luzardo,,20260503_MIA_PHI_1
2026-05-03,MIN,TOR,1,2026,mlb_657746,Joe Ryan,mlb_702056,Trey Yesavage,,20260503_MIN_TOR_1
2026-05-03,NYY,BAL,1,2026,mlb_608331,Max Fried,mlb_694346,Trey Gibson,,20260503_NYY_BAL_1
2026-05-03,PIT,CIN,1,2026,mlb_677952,Braxton Ashcraft,mlb_695505,Chase Burns,,20260503_PIT_CIN_1
2026-05-03,SDP,CHW,1,2026,mlb_656288,Griffin Canning,mlb_641743,Anthony Kay,,20260503_SDP_CHW_1
2026-05-03,SEA,KCR,1,2026,mlb_622491,Luis Castillo,mlb_663460,Kris Bubic,,20260503_SEA_KCR_1
2026-05-03,STL,LAD,1,2026,mlb_669160,Dustin May,mlb_680736,Justin Wrobleski,,20260503_STL_LAD_1
2026-05-03,TBR,SFG,1,2026,mlb_571927,Steven Matz,mlb_641816,Tyler Mahle,,20260503_TBR_SFG_1
2026-05-03,WSN,MIL,1,2026,mlb_676571,PJ Poulin,mlb_701656,Logan Henderson,,20260503_WSN_MIL_1
2026-05-04,CHC,CIN,1,2026,mlb_665795,Edward Cabrera,mlb_695534,Chase Petty,,20260504_CHC_CIN_1
2026-05-04,COL,NYM,1,2026,mlb_608372,Tomoyuki Sugano,mlb_623211,Huascar Brazobán,,20260504_COL_NYM_1
2026-05-04,DET,BOS,1,2026,mlb_663947,Tyler Holton,mlb_801139,Payton Tolle,,20260504_DET_BOS_1
2026-05-04,HOU,LAD,1,2026,mlb_595345,Steven Okert,mlb_808967,Yoshinobu Yamamoto,,20260504_HOU_LAD_1
2026-05-04,KCR,CLE,1,2026,mlb_608379,Michael Wacha,mlb_676440,Tanner Bibee,,20260504_KCR_CLE_1
2026-05-04,LAA,CHW,1,2026,mlb_667755,José Soriano,mlb_663436,Davis Martin,,20260504_LAA_CHW_1
2026-05-04,MIA,PHI,1,2026,mlb_676083,Janson Junk,mlb_605400,Aaron Nola,,20260504_MIA_PHI_1
2026-05-04,NYY,BAL,1,2026,mlb_693645,Cam Schlittler,mlb_669358,Shane Baz,,20260504_NYY_BAL_1
2026-05-04,SEA,ATL,1,2026,mlb_669302,Logan Gilbert,mlb_702275,JR Ritchie,,20260504_SEA_ATL_1
2026-05-04,SFG,SDP,1,2026,mlb_686790,Trevor McDonald,mlb_681190,Randy Vásquez,,20260504_SFG_SDP_1
2026-05-04,STL,MIL,1,2026,mlb_681517,Kyle Leahy,mlb_694477,Chad Patrick,,20260504_STL_MIL_1
2026-05-04,TBR,TOR,1,2026,mlb_607259,Nick Martinez,mlb_641778,Eric Lauer,,20260504_TBR_TOR_1
2026-05-05,ARI,PIT,1,2026,mlb_593958,Eduardo Rodriguez,mlb_696149,Bubba Chandler,,20260505_ARI_PIT_1
2026-05-05,CHC,CIN,1,2026,mlb_592791,Jameson Taillon,mlb_671096,Andrew Abbott,,20260505_CHC_CIN_1
2026-05-05,DET,BOS,1,2026,mlb_664285,Framber Valdez,mlb_663558,Jovani Morán,,20260505_DET_BOS_1
2026-05-05,HOU,LAD,1,2026,mlb_663567,Peter Lambert,mlb_660271,Shohei Ohtani,,20260505_HOU_LAD_1
2026-05-05,KCR,CLE,1,2026,mlb_663568,Stephen Kolek,mlb_668909,Gavin Williams,,20260505_KCR_CLE_1
2026-05-05,LAA,CHW,1,2026,mlb_691951,Sam Aldegheri,mlb_607200,Erick Fedde,,20260505_LAA_CHW_1
2026-05-05,MIA,BAL,1,2026,mlb_645261,Sandy Alcantara,mlb_605135,Chris Bassitt,,20260505_MIA_BAL_1
2026-05-05,NYY,TEX,1,2026,mlb_695684,Elmer Rodríguez,mlb_594798,Jacob deGrom,,20260505_NYY_TEX_1
2026-05-05,PHI,ATH,1,2026,mlb_650911,Cristopher Sánchez,mlb_622663,Luis Severino,,20260505_PHI_ATH_1
2026-05-05,SEA,ATL,1,2026,mlb_669923,George Kirby,mlb_693821,Bryce Elder,,20260505_SEA_ATL_1
2026-05-05,SFG,SDP,1,2026,mlb_657277,Logan Webb,mlb_621111,Walker Buehler,,20260505_SFG_SDP_1
2026-05-05,TBR,TOR,1,2026,mlb_656876,Drew Rasmussen,mlb_592332,Kevin Gausman,,20260505_TBR_TOR_1
2026-05-05,WSN,MIN,1,2026,mlb_676917,Cade Cavalli,mlb_671737,Taj Bradley,,20260505_WSN_MIN_1
2026-05-06,ARI,PIT,1,2026,mlb_647336,Michael Soroka,mlb_694973,Paul Skenes,,20260506_ARI_PIT_1
2026-05-06,CHC,CIN,1,2026,mlb_607067,Colin Rea,mlb_663903,Brady Singer,,20260506_CHC_CIN_1
2026-05-06,COL,NYM,1,2026,mlb_547179,Michael Lorenzen,mlb_642547,Freddy Peralta,,20260506_COL_NYM_1
2026-05-06,DET,BOS,1,2026,mlb_656427,Jack Flaherty,mlb_543243,Sonny Gray,,20260506_DET_BOS_1
2026-05-06,HOU,LAD,1,2026,mlb_621121,Lance McCullers Jr.,mlb_607192,Tyler Glasnow,,20260506_HOU_LAD_1
2026-05-06,KCR,CLE,1,2026,mlb_666142,Cole Ragans,mlb_676282,Joey Cantillo,,20260506_KCR_CLE_1
2026-05-06,LAA,CHW,1,2026,mlb_700712,Walbert Ureña,mlb_702273,Noah Schultz,,20260506_LAA_CHW_1
2026-05-06,MIA,BAL,1,2026,mlb_691587,Eury Pérez,mlb_687064,Brandon Young,,20260506_MIA_BAL_1
2026-05-06,NYY,TEX,1,2026,mlb_701542,Will Warren,mlb_543135,Nathan Eovaldi,,20260506_NYY_TEX_1
2026-05-06,PHI,ATH,1,2026,mlb_554430,Zack Wheeler,mlb_605488,Jeffrey Springs,,20260506_PHI_ATH_1
2026-05-06,SEA,ATL,1,2026,mlb_693433,Bryan Woo,mlb_527048,Martín Pérez,,20260506_SEA_ATL_1
2026-05-06,SFG,SDP,1,2026,mlb_605288,Adrian Houser,mlb_699134,Bradgley Rodriguez,,20260506_SFG_SDP_1
2026-05-06,STL,MIL,1,2026,mlb_669467,Andre Pallante,mlb_687075,Brandon Sproat,,20260506_STL_MIL_1
2026-05-06,TBR,TOR,1,2026,mlb_663556,Shane McClanahan,mlb_571578,Patrick Corbin,,20260506_TBR_TOR_1
2026-05-06,WSN,MIN,1,2026,mlb_571945,Miles Mikolas,mlb_641927,Bailey Ober,,20260506_WSN_MIN_1
2026-05-07,ARI,PIT,1,2026,mlb_668678,Zac Gallen,mlb_656605,Mitch Keller,,20260507_ARI_PIT_1
2026-05-07,BOS,TBR,1,2026,mlb_687562,Jake Bennett,mlb_643377,Griffin Jax,,20260507_BOS_TBR_1
2026-05-07,CHC,CIN,1,2026,mlb_684007,Shota Imanaga,mlb_695076,Rhett Lowder,,20260507_CHC_CIN_1
2026-05-07,COL,NYM,1,2026,mlb_500779,Jose Quintana,mlb_681035,Christian Scott,,20260507_COL_NYM_1
2026-05-07,KCR,CLE,1,2026,mlb_607625,Seth Lugo,mlb_677944,Slade Cecconi,,20260507_KCR_CLE_1
2026-05-07,MIA,BAL,1,2026,mlb_676974,Max Meyer,mlb_700249,Cade Povich,,20260507_MIA_BAL_1
2026-05-07,NYY,TEX,1,2026,mlb_621112,Paul Blackburn,mlb_669022,MacKenzie Gore,,20260507_NYY_TEX_1
2026-05-07,PHI,ATH,1,2026,mlb_691725,Andrew Painter,mlb_669372,J.T. Ginn,,20260507_PHI_ATH_1
2026-05-07,SDP,STL,1,2026,mlb_650633,Michael King,mlb_669461,Matthew Liberatore,,20260507_SDP_STL_1
2026-05-07,WSN,MIN,1,2026,mlb_663623,Jake Irvin,mlb_680573,Simeon Woods Richardson,,20260507_WSN_MIN_1
2026-05-08,ARI,NYM,1,2026,mlb_669194,Ryne Nelson,mlb_690997,Nolan McLean,,20260508_ARI_NYM_1
2026-05-08,BAL,ATH,1,2026,mlb_680694,Kyle Bradish,mlb_682052,Jacob Lopez,,20260508_BAL_ATH_1
2026-05-08,BOS,TBR,1,2026,mlb_813349,Connelly Early,mlb_669947,Jesse Scholtens,,20260508_BOS_TBR_1
2026-05-08,CHW,SEA,1,2026,mlb_680732,Sean Burke,mlb_676106,Emerson Hancock,,20260508_CHW_SEA_1
2026-05-08,CIN,HOU,1,2026,mlb_666157,Nick Lodolo,mlb_681347,Mike Burrows,,20260508_CIN_HOU_1
2026-05-08,CLE,MIN,1,2026,mlb_800048,Parker Messick,mlb_687570,Connor Prielipp,,20260508_CLE_MIN_1
2026-05-08,KCR,DET,1,2026,mlb_663460,Kris Bubic,mlb_672456,Keider Montero,,20260508_KCR_DET_1
2026-05-08,LAD,ATL,1,2026,mlb_686218,Emmet Sheehan,mlb_519242,Chris Sale,,20260508_LAD_ATL_1
2026-05-08,MIA,WSN,1,2026,mlb_702281,Robby Snelling,mlb_656492,Foster Griffin,,20260508_MIA_WSN_1
2026-05-08,MIL,NYY,1,2026,mlb_694819,Jacob Misiorowski,mlb_608331,Max Fried,,20260508_MIL_NYY_1
2026-05-08,PHI,COL,1,2026,mlb_666200,Jesús Luzardo,mlb_801403,Chase Dollander,,20260508_PHI_COL_1
2026-05-08,SDP,STL,1,2026,mlb_656288,Griffin Canning,mlb_700241,Michael McGreevy,,20260508_SDP_STL_1
2026-05-08,SFG,PIT,1,2026,mlb_592662,Robbie Ray,mlb_669387,Carmen Mlodzinski,,20260508_SFG_PIT_1
2026-05-08,TEX,CHC,1,2026,mlb_677958,Kumar Rocker,mlb_676962,Ben Brown,,20260508_TEX_CHC_1
2026-05-08,TOR,LAA,1,2026,mlb_656302,Dylan Cease,mlb_672282,Reid Detmers,,20260508_TOR_LAA_1
2026-05-09,ARI,NYM,1,2026,mlb_518876,Merrill Kelly,mlb_605280,Clay Holmes,,20260509_ARI_NYM_1
2026-05-09,BAL,ATH,1,2026,mlb_669358,Shane Baz,mlb_650644,Aaron Civale,,20260509_BAL_ATH_1
2026-05-09,CHW,SEA,1,2026,mlb_641743,Anthony Kay,mlb_622491,Luis Castillo,,20260509_CHW_SEA_1
2026-05-09,CIN,HOU,1,2026,mlb_695505,Chase Burns,mlb_681293,Spencer Arrighetti,,20260509_CIN_HOU_1
2026-05-09,CLE,MIN,1,2026,mlb_676440,Tanner Bibee,mlb_657746,Joe Ryan,,20260509_CLE_MIN_1
2026-05-09,KCR,DET,1,2026,mlb_608379,Michael Wacha,mlb_572143,Burch Smith,,20260509_KCR_DET_1
2026-05-09,LAD,ATL,1,2026,mlb_605483,Blake Snell,mlb_675911,Spencer Strider,,20260509_LAD_ATL_1
2026-05-09,MIA,WSN,1,2026,mlb_676083,Janson Junk,mlb_663992,Richard Lovelady,,20260509_MIA_WSN_1
2026-05-09,MIL,NYY,1,2026,mlb_690986,Kyle Harrison,mlb_693645,Cam Schlittler,,20260509_MIL_NYY_1
2026-05-09,PHI,COL,1,2026,mlb_605400,Aaron Nola,mlb_607536,Kyle Freeland,,20260509_PHI_COL_1
2026-05-09,SDP,STL,1,2026,mlb_681190,Randy Vásquez,mlb_669160,Dustin May,,20260509_SDP_STL_1
2026-05-09,SFG,PIT,1,2026,mlb_694738,Landen Roupp,mlb_677952,Braxton Ashcraft,,20260509_SFG_PIT_1
2026-05-09,TEX,CHC,1,2026,mlb_683004,Jack Leiter,mlb_665795,Edward Cabrera,,20260509_TEX_CHC_1
2026-05-09,TOR,LAA,1,2026,mlb_702056,Trey Yesavage,mlb_686799,Jack Kochanowicz,,20260509_TOR_LAA_1
2026-05-10,ARI,NYM,1,2026,mlb_593958,Eduardo Rodriguez,mlb_623211,Huascar Brazobán,825085.0,20260510_ARI_NYM_1
2026-05-10,BAL,ATH,1,2026,mlb_669211,Keegan Akin,mlb_622663,Luis Severino,824845.0,20260510_BAL_ATH_1
2026-05-10,BOS,TBR,1,2026,mlb_801139,Payton Tolle,mlb_607259,Nick Martinez,824765.0,20260510_BOS_TBR_1
2026-05-10,CHW,SEA,1,2026,mlb_663436,Davis Martin,mlb_669302,Logan Gilbert,824605.0,20260510_CHW_SEA_1
2026-05-10,CIN,HOU,1,2026,mlb_671096,Andrew Abbott,mlb_678906,Kai-Wei Teng,824520.0,20260510_CIN_HOU_1
2026-05-10,CLE,MIN,1,2026,mlb_668909,Gavin Williams,mlb_702193,Andrew Morris,824440.0,20260510_CLE_MIN_1
2026-05-10,KCR,DET,1,2026,mlb_702070,Noah Cameron,mlb_669724,Brenan Hanifee,824113.0,20260510_KCR_DET_1
2026-05-10,LAD,ATL,1,2026,mlb_680736,Justin Wrobleski,mlb_693821,Bryce Elder,823954.0,20260510_LAD_ATL_1
2026-05-10,MIA,WSN,1,2026,mlb_645261,Sandy Alcantara,mlb_676917,Cade Cavalli,823868.0,20260510_MIA_WSN_1
2026-05-10,MIL,NYY,1,2026,mlb_701656,Logan Henderson,mlb_607074,Carlos Rodón,823793.0,20260510_MIL_NYY_1
2026-05-10,PHI,COL,1,2026,mlb_650911,Cristopher Sánchez,mlb_608372,Tomoyuki Sugano,823463.0,20260510_PHI_COL_1
2026-05-10,SDP,STL,1,2026,mlb_621111,Walker Buehler,mlb_681517,Kyle Leahy,823305.0,20260510_SDP_STL_1
2026-05-10,SFG,PIT,1,2026,mlb_641816,Tyler Mahle,mlb_696149,Bubba Chandler,823221.0,20260510_SFG_PIT_1
2026-05-10,TEX,CHC,1,2026,mlb_594798,Jacob deGrom,mlb_592791,Jameson Taillon,822902.0,20260510_TEX_CHC_1
2026-05-10,TOR,LAA,1,2026,mlb_693686,Spencer Miles,mlb_667755,José Soriano,822819.0,20260510_TOR_LAA_1
2026-05-11,BAL,NYY,1,2026,mlb_687064,Brandon Young,mlb_677960,Ryan Weathers,824844.0,20260511_BAL_NYY_1
2026-05-11,CLE,LAA,1,2026,mlb_676282,Joey Cantillo,mlb_608718,Brent Suter,824441.0,20260511_CLE_LAA_1
2026-05-11,HOU,SEA,1,2026,mlb_663567,Peter Lambert,mlb_669923,George Kirby,824199.0,20260511_HOU_SEA_1
2026-05-11,LAD,SFG,1,2026,mlb_808963,Roki Sasaki,mlb_686790,Trevor McDonald,823953.0,20260511_LAD_SFG_1
2026-05-11,TEX,ARI,1,2026,mlb_596001,Jakob Junis,mlb_647336,Michael Soroka,822901.0,20260511_TEX_ARI_1
2026-05-11,TOR,TBR,1,2026,mlb_592332,Kevin Gausman,mlb_656876,Drew Rasmussen,822818.0,20260511_TOR_TBR_1
