Date,year,home_team,away_team,home_win,home_runs,away_runs
2026-03-18,2026,ARI,CHC,1,16,8
2026-03-18,2026,ATL,PHI,1,3,2
2026-03-18,2026,CIN,COL,0,6,8
2026-03-18,2026,LAA,CIN,1,7,4
2026-03-18,2026,MIL,LAA,0,3,4
2026-03-18,2026,NYY,BOS,1,1,0
2026-03-18,2026,PIT,DET,1,3,1
2026-03-18,2026,SEA,MIL,1,7,3
2026-03-18,2026,STL,HOU,1,4,1
2026-03-18,2026,TEX,KCR,1,12,3
2026-03-18,2026,TOR,BAL,0,2,3
2026-03-19,2026,BAL,PIT,1,5,2
2026-03-19,2026,BOS,MIN,1,4,2
2026-03-19,2026,CHW,ARI,1,4,2
2026-03-19,2026,CLE,KCR,1,6,5
2026-03-19,2026,COL,SFG,0,11,14
2026-03-19,2026,HOU,NYM,0,2,6
2026-03-19,2026,KCR,LAA,0,3,4
2026-03-19,2026,MIL,TEX,1,11,4
2026-03-19,2026,NYY,BAL,1,5,4
2026-03-19,2026,OAK,SEA,0,4,6
2026-03-19,2026,PHI,TBR,1,8,2
2026-03-19,2026,SDP,CHW,1,13,6
2026-03-19,2026,STL,WSN,1,5,1
2026-03-19,2026,TOR,NYY,1,11,0
2026-03-20,2026,ARI,MIL,1,8,7
2026-03-20,2026,ATL,PIT,1,8,1
2026-03-20,2026,CHC,CIN,0,6,8
2026-03-20,2026,CLE,SEA,0,8,20
2026-03-20,2026,HOU,MIA,0,4,7
2026-03-20,2026,LAA,CHW,1,4,3
2026-03-20,2026,LAD,SDP,1,4,3
2026-03-20,2026,MIA,WSN,1,3,2
2026-03-20,2026,MIN,TOR,0,1,2
2026-03-20,2026,NYM,STL,0,3,4
2026-03-20,2026,NYY,BAL,1,3,1
2026-03-20,2026,OAK,CHC,1,6,2
2026-03-20,2026,PHI,DET,0,4,4
2026-03-20,2026,SDP,COL,0,3,9
2026-03-20,2026,SFG,KCR,1,5,2
2026-03-20,2026,TBR,BOS,1,2,0
2026-03-20,2026,TEX,SFG,1,6,5
2026-03-21,2026,ARI,TEX,1,5,2
2026-03-21,2026,BAL,PHI,1,10,8
2026-03-21,2026,BOS,ATL,0,1,6
2026-03-21,2026,CIN,CHW,1,11,7
2026-03-21,2026,DET,NYY,1,3,1
2026-03-21,2026,KCR,COL,1,6,5
2026-03-21,2026,LAD,OAK,0,5,5
2026-03-21,2026,MIL,SDP,1,6,1
2026-03-21,2026,NYM,HOU,0,5,7
2026-03-21,2026,PIT,TOR,1,8,3
2026-03-21,2026,SEA,CHC,0,1,7
2026-03-21,2026,SFG,CLE,1,10,7
2026-03-21,2026,STL,MIA,1,7,4
2026-03-21,2026,TBR,MIN,1,3,2
2026-03-21,2026,WSN,NYM,1,3,1
2026-03-22,2026,BAL,WSN,1,8,1
2026-03-22,2026,CHC,MIL,1,12,0
2026-03-22,2026,CHW,SEA,0,2,4
2026-03-22,2026,CLE,CIN,1,8,2
2026-03-22,2026,COL,OAK,1,6,5
2026-03-22,2026,HOU,STL,0,2,3
2026-03-22,2026,LAA,LAD,0,5,13
2026-03-22,2026,MIA,NYM,1,4,3
2026-03-22,2026,MIN,ATL,1,7,3
2026-03-22,2026,NYY,PHI,1,6,2
2026-03-22,2026,PIT,BOS,0,3,6
2026-03-22,2026,SAC,SFG,1,2,1
2026-03-22,2026,SDP,ARI,0,1,11
2026-03-22,2026,TOR,TBR,1,14,1
2026-03-23,2026,ARI,CLE,0,0,7
2026-03-23,2026,BOS,MIN,0,6,9
2026-03-23,2026,CHC,NYY,1,15,6
2026-03-23,2026,COL,DET,1,6,5
2026-03-23,2026,LAD,LAA,0,7,7
2026-03-23,2026,MIL,CIN,1,9,1
2026-03-23,2026,OAK,CHW,1,10,9
2026-03-23,2026,PHI,TBR,0,0,7
2026-03-23,2026,PIT,ATL,0,2,5
2026-03-23,2026,SDP,SEA,1,10,3
2026-03-23,2026,SFG,MTY,1,10,2
2026-03-23,2026,SPR,STL,0,2,3
2026-03-23,2026,TEX,KCR,1,3,2
2026-03-23,2026,WSN,BAL,0,0,2
2026-03-24,2026,ARI,CLE,0,5,10
2026-03-24,2026,ATL,TBR,1,3,2
2026-03-24,2026,CHC,NYY,0,3,8
2026-03-24,2026,COL,DET,0,8,11
2026-03-24,2026,HOU,SUG,1,6,5
2026-03-24,2026,LAD,LAA,0,0,3
2026-03-24,2026,MIL,CIN,1,4,1
2026-03-24,2026,MIN,BOS,1,15,6
2026-03-24,2026,SFG,MTY,1,8,2
2026-03-24,2026,TEX,KCR,1,4,1
2026-03-25,2026,SFG,NYY,0,0,7
2026-03-26,2026,BAL,MIN,1,2,1
2026-03-26,2026,CHC,WSN,0,4,10
2026-03-26,2026,CIN,BOS,0,0,3
2026-03-26,2026,HOU,LAA,0,0,3
2026-03-26,2026,LAD,ARI,1,8,2
2026-03-26,2026,MIL,CHW,1,14,2
2026-03-26,2026,NYM,PIT,1,11,7
2026-03-26,2026,PHI,TEX,1,5,3
2026-03-26,2026,SDP,DET,0,2,8
2026-03-26,2026,SEA,CLE,0,4,6
2026-03-26,2026,STL,TBR,1,9,7
2026-03-27,2026,ATL,KCR,1,6,0
2026-03-27,2026,HOU,LAA,0,2,6
2026-03-27,2026,LAD,ARI,1,5,4
2026-03-27,2026,MIA,COL,1,2,1
2026-03-27,2026,SDP,DET,0,2,5
2026-03-27,2026,SEA,CLE,1,5,1
2026-03-27,2026,SFG,NYY,0,0,3
2026-03-27,2026,TOR,OAK,1,3,2
2026-03-28,2026,ATL,KCR,1,6,2
2026-03-28,2026,BAL,MIN,0,1,4
2026-03-28,2026,CHC,WSN,1,10,2
2026-03-28,2026,CIN,BOS,1,6,5
2026-03-28,2026,HOU,LAA,1,11,9
2026-03-28,2026,LAD,ARI,1,3,2
2026-03-28,2026,MIA,COL,1,4,3
2026-03-28,2026,MIL,CHW,1,6,1
2026-03-28,2026,NYM,PIT,1,4,2
2026-03-28,2026,PHI,TEX,0,4,5
2026-03-28,2026,SDP,DET,1,3,0
2026-03-28,2026,SEA,CLE,0,5,6
2026-03-28,2026,SFG,NYY,0,1,3
2026-03-28,2026,STL,TBR,1,6,5
2026-03-28,2026,TOR,OAK,1,8,7
2026-03-29,2026,ATL,KCR,0,1,4
2026-03-29,2026,BAL,MIN,1,8,6
2026-03-29,2026,CHC,WSN,0,3,6
2026-03-29,2026,CIN,BOS,1,3,2
2026-03-29,2026,HOU,LAA,1,9,7
2026-03-29,2026,MIA,COL,1,4,3
2026-03-29,2026,MIL,CHW,1,9,7
2026-03-29,2026,NYM,PIT,0,3,4
2026-03-29,2026,PHI,TEX,0,3,8
2026-03-29,2026,SEA,CLE,1,8,0
2026-03-29,2026,STL,TBR,0,7,11
2026-03-29,2026,TOR,OAK,1,5,2
2026-03-30,2026,ARI,DET,1,9,6
2026-03-30,2026,ATL,OAK,1,4,0
2026-03-30,2026,BAL,TEX,0,2,5
2026-03-30,2026,CHC,LAA,1,7,2
2026-03-30,2026,CIN,PIT,1,2,0
2026-03-30,2026,HOU,BOS,1,8,1
2026-03-30,2026,KCR,MIN,1,3,1
2026-03-30,2026,LAD,CLE,0,2,4
2026-03-30,2026,MIA,CHW,0,4,9
2026-03-30,2026,MIL,TBR,0,2,3
2026-03-30,2026,PHI,WSN,0,2,13
2026-03-30,2026,SDP,SFG,0,2,3
2026-03-30,2026,SEA,NYY,1,2,1
2026-03-30,2026,STL,NYM,0,2,4
2026-03-30,2026,TOR,COL,0,5,14
2026-03-31,2026,ARI,DET,1,7,5
2026-03-31,2026,ATL,OAK,0,2,5
2026-03-31,2026,BAL,TEX,0,5,8
2026-03-31,2026,CHC,LAA,0,0,2
2026-03-31,2026,CIN,PIT,0,3,8
2026-03-31,2026,HOU,BOS,1,9,2
2026-03-31,2026,LAD,CLE,1,4,1
2026-03-31,2026,MIA,CHW,1,9,2
2026-03-31,2026,MIL,TBR,1,6,2
2026-03-31,2026,PHI,WSN,1,3,2
2026-03-31,2026,SDP,SFG,0,3,9
2026-03-31,2026,SEA,NYY,0,0,5
2026-03-31,2026,STL,NYM,1,3,0
2026-03-31,2026,TOR,COL,1,5,1
2026-04-01,2026,ARI,DET,1,1,0
2026-04-01,2026,ATL,OAK,1,5,1
2026-04-01,2026,BAL,TEX,1,8,3
2026-04-01,2026,CHC,LAA,1,6,2
2026-04-01,2026,CIN,PIT,0,3,8
2026-04-01,2026,HOU,BOS,1,6,4
2026-04-01,2026,KCR,MIN,1,13,9
2026-04-01,2026,LAD,CLE,0,1,4
2026-04-01,2026,MIA,CHW,1,10,0
2026-04-01,2026,MIL,TBR,1,8,2
2026-04-01,2026,PHI,WSN,1,6,5
2026-04-01,2026,SDP,SFG,1,7,1
2026-04-01,2026,SEA,NYY,0,3,5
2026-04-01,2026,STL,NYM,1,2,1
2026-04-01,2026,TOR,COL,0,1,2
2026-04-02,2026,ARI,ATL,0,2,17
2026-04-02,2026,KCR,MIN,0,1,5
2026-04-02,2026,SFG,NYM,1,7,2
2026-04-03,2026,ARI,ATL,0,0,2
2026-04-03,2026,BOS,SDP,1,5,2
2026-04-03,2026,CHW,TOR,1,5,4
2026-04-03,2026,CLE,CHC,1,4,1
2026-04-03,2026,COL,PHI,0,1,10
2026-04-03,2026,DET,STL,1,4,0
2026-04-03,2026,LAA,SEA,0,1,3
2026-04-03,2026,MIN,TBR,1,10,4
2026-04-03,2026,NYY,MIA,1,8,2
2026-04-03,2026,OAK,HOU,1,11,4
2026-04-03,2026,PIT,BAL,1,5,4
2026-04-03,2026,SFG,NYM,0,3,10
2026-04-03,2026,TEX,CIN,0,3,5
2026-04-03,2026,WSN,LAD,0,6,13
2026-04-04,2026,ARI,ATL,1,2,1
2026-04-04,2026,BOS,SDP,0,2,3
2026-04-04,2026,CHW,TOR,1,6,3
2026-04-04,2026,COL,PHI,0,1,2
2026-04-04,2026,KCR,MIL,0,2,5
2026-04-04,2026,LAA,SEA,1,1,0
2026-04-04,2026,MIN,TBR,0,1,7
2026-04-04,2026,NYY,MIA,1,9,7
2026-04-04,2026,OAK,HOU,0,0,11
2026-04-04,2026,PIT,BAL,1,3,2
2026-04-04,2026,SFG,NYM,0,0,9
2026-04-04,2026,TEX,CIN,0,0,2
2026-04-04,2026,WSN,LAD,0,5,10
2026-04-05,2026,ARI,ATL,1,6,5
2026-04-05,2026,BOS,SDP,0,6,8
2026-04-05,2026,CHW,TOR,1,3,0
2026-04-05,2026,CLE,CHC,0,0,1
2026-04-05,2026,COL,PHI,1,4,1
2026-04-05,2026,DET,STL,0,3,5
2026-04-05,2026,KCR,MIL,0,5,8
2026-04-05,2026,LAA,SEA,1,8,7
2026-04-05,2026,MIN,TBR,0,1,4
2026-04-05,2026,NYY,MIA,0,6,7
2026-04-05,2026,OAK,HOU,1,12,10
2026-04-05,2026,PIT,BAL,1,8,2
2026-04-05,2026,SFG,NYM,0,2,5
2026-04-05,2026,TEX,CIN,0,1,2
2026-04-05,2026,WSN,LAD,0,6,8
2026-04-06,2026,BOS,MIL,0,6,8
2026-04-06,2026,CHW,BAL,0,1,2
2026-04-06,2026,CLE,KCR,0,2,4
2026-04-06,2026,COL,HOU,1,9,7
2026-04-06,2026,LAA,ATL,1,6,2
2026-04-06,2026,MIA,CIN,0,0,2
2026-04-06,2026,MIN,DET,1,7,3
2026-04-06,2026,PIT,SDP,0,0,5
2026-04-06,2026,SFG,PHI,0,4,6
2026-04-06,2026,TBR,CHC,1,6,4
2026-04-06,2026,TEX,SEA,1,2,1
2026-04-06,2026,TOR,LAD,0,2,14
2026-04-06,2026,WSN,STL,1,9,6
2026-04-07,2026,BOS,MIL,1,3,2
2026-04-07,2026,CHW,BAL,0,2,4
2026-04-07,2026,CLE,KCR,1,2,1
2026-04-07,2026,COL,HOU,1,5,1
2026-04-07,2026,LAA,ATL,0,2,7
2026-04-07,2026,MIA,CIN,0,3,6
2026-04-07,2026,MIN,DET,1,4,2
2026-04-07,2026,NYM,ARI,1,4,3
2026-04-07,2026,NYY,OAK,1,5,3
2026-04-07,2026,PIT,SDP,1,7,1
2026-04-07,2026,SFG,PHI,1,6,0
2026-04-07,2026,TBR,CHC,0,2,9
2026-04-07,2026,TEX,SEA,1,3,2
2026-04-07,2026,TOR,LAD,0,1,4
2026-04-07,2026,WSN,STL,0,6,7
2026-04-08,2026,BOS,MIL,1,5,0
2026-04-08,2026,CHW,BAL,0,3,5
2026-04-08,2026,CLE,KCR,1,10,2
2026-04-08,2026,COL,HOU,1,9,1
2026-04-08,2026,LAA,ATL,0,2,8
2026-04-08,2026,MIA,CIN,1,7,4
2026-04-08,2026,MIN,DET,1,8,6
2026-04-08,2026,NYM,ARI,0,2,7
2026-04-08,2026,NYY,OAK,0,2,3
2026-04-08,2026,PIT,SDP,0,2,8
2026-04-08,2026,SFG,PHI,1,5,0
2026-04-08,2026,TBR,CHC,0,2,6
2026-04-08,2026,TEX,SEA,1,3,0
2026-04-08,2026,TOR,LAD,1,4,3
2026-04-08,2026,WSN,STL,0,1,6
2026-04-09,2026,KCR,CHW,0,0,2
2026-04-09,2026,MIA,CIN,1,8,1
2026-04-09,2026,MIN,DET,1,3,1
2026-04-09,2026,NYM,ARI,0,1,7
2026-04-09,2026,NYY,OAK,0,0,1
2026-04-09,2026,SDP,COL,1,7,3
2026-04-10,2026,ATL,CLE,1,11,5
2026-04-10,2026,BAL,SFG,0,3,6
2026-04-10,2026,CHC,PIT,0,0,2
2026-04-10,2026,CIN,LAA,0,2,10
2026-04-10,2026,DET,MIA,1,2,0
2026-04-10,2026,KCR,CHW,1,2,0
2026-04-10,2026,LAD,TEX,1,8,7
2026-04-10,2026,MIL,WSN,0,3,7
2026-04-10,2026,NYM,OAK,0,0,4
2026-04-10,2026,PHI,ARI,0,4,5
2026-04-10,2026,SDP,COL,1,5,2
2026-04-10,2026,SEA,HOU,1,9,6
2026-04-10,2026,STL,BOS,1,3,2
2026-04-10,2026,TBR,NYY,1,5,3
2026-04-10,2026,TOR,MIN,1,10,4
2026-04-11,2026,ATL,CLE,0,0,6
2026-04-11,2026,BAL,SFG,1,6,2
2026-04-11,2026,CHC,PIT,0,3,4
2026-04-11,2026,CIN,LAA,1,7,3
2026-04-11,2026,DET,MIA,1,6,1
2026-04-11,2026,KCR,CHW,1,2,0
2026-04-11,2026,LAD,TEX,1,6,3
2026-04-11,2026,MIL,WSN,0,1,3
2026-04-11,2026,NYM,OAK,0,6,11
2026-04-11,2026,PHI,ARI,1,4,3
2026-04-11,2026,SDP,COL,1,9,5
2026-04-11,2026,SEA,HOU,1,8,7
2026-04-11,2026,STL,BOS,0,1,7
2026-04-11,2026,TBR,NYY,1,5,4
2026-04-11,2026,TOR,MIN,0,4,7
2026-04-12,2026,ATL,CLE,1,13,1
2026-04-12,2026,BAL,SFG,1,6,2
2026-04-12,2026,CHC,PIT,1,7,6
2026-04-12,2026,CIN,LAA,0,6,9
2026-04-12,2026,DET,MIA,1,8,2
2026-04-12,2026,KCR,CHW,0,5,6
2026-04-12,2026,LAD,TEX,0,2,5
2026-04-12,2026,MIL,WSN,0,6,8
2026-04-12,2026,NYM,OAK,0,0,1
2026-04-12,2026,PHI,ARI,0,3,4
2026-04-12,2026,SDP,COL,1,7,2
2026-04-12,2026,SEA,HOU,1,6,1
2026-04-12,2026,STL,BOS,0,3,9
2026-04-12,2026,TBR,NYY,1,5,4
2026-04-12,2026,TOR,MIN,0,2,8
2026-04-13,2026,ATL,MIA,0,4,10
2026-04-13,2026,BAL,ARI,1,9,7
2026-04-13,2026,LAD,NYM,1,4,0
2026-04-13,2026,MIN,BOS,1,13,6
2026-04-13,2026,NYY,LAA,1,11,10
2026-04-13,2026,OAK,TEX,0,1,8
2026-04-13,2026,PHI,CHC,1,13,7
2026-04-13,2026,PIT,WSN,1,16,5
2026-04-13,2026,SEA,HOU,1,6,2
2026-04-13,2026,STL,CLE,0,3,9
2026-04-14,2026,ATL,MIA,1,6,5
2026-04-14,2026,BAL,ARI,0,3,4
2026-04-14,2026,CHW,TBR,0,5,8
2026-04-14,2026,CIN,SFG,1,2,1
2026-04-14,2026,DET,KCR,1,2,1
2026-04-14,2026,HOU,COL,1,7,6
2026-04-14,2026,LAD,NYM,1,2,1
2026-04-14,2026,MIL,TOR,0,7,9
2026-04-14,2026,MIN,BOS,1,6,0
2026-04-14,2026,NYY,LAA,0,1,7
2026-04-14,2026,OAK,TEX,1,2,1
2026-04-14,2026,PHI,CHC,0,4,10
2026-04-14,2026,PIT,WSN,0,4,5
2026-04-14,2026,SDP,SEA,1,4,1
2026-04-14,2026,STL,CLE,1,6,5
2026-04-15,2026,ATL,MIA,1,6,3
2026-04-15,2026,BAL,ARI,0,5,8
2026-04-15,2026,CHW,TBR,0,3,8
2026-04-15,2026,CIN,SFG,1,8,3
2026-04-15,2026,DET,KCR,1,2,1
2026-04-15,2026,HOU,COL,1,3,1
2026-04-15,2026,LAD,NYM,1,8,2
2026-04-15,2026,MIL,TOR,1,2,1
2026-04-15,2026,MIN,BOS,0,5,9
2026-04-15,2026,NYY,LAA,1,5,4
2026-04-15,2026,OAK,TEX,1,6,5
2026-04-15,2026,PHI,CHC,0,2,11
2026-04-15,2026,PIT,WSN,1,2,0
2026-04-15,2026,SDP,SEA,1,7,6
2026-04-15,2026,STL,CLE,1,5,3
2026-04-16,2026,CHW,TBR,0,3,5
2026-04-16,2026,CIN,SFG,0,0,3
2026-04-16,2026,CLE,BAL,1,4,2
2026-04-16,2026,DET,KCR,1,10,9
2026-04-16,2026,HOU,COL,0,2,3
2026-04-16,2026,MIL,TOR,1,2,1
2026-04-16,2026,NYY,LAA,0,4,11
2026-04-16,2026,OAK,TEX,0,6,9
2026-04-16,2026,PIT,WSN,0,7,8
2026-04-16,2026,SDP,SEA,1,5,2
2026-04-17,2026,ARI,TOR,1,6,3
2026-04-17,2026,BOS,DET,1,1,0
2026-04-17,2026,CHC,NYM,1,12,4
2026-04-17,2026,CLE,BAL,0,4,6
2026-04-17,2026,COL,LAD,0,1,7
2026-04-17,2026,HOU,STL,0,4,9
2026-04-17,2026,LAA,SDP,1,8,0
2026-04-17,2026,MIA,MIL,0,5,7
2026-04-17,2026,MIN,CIN,0,1,2
2026-04-17,2026,NYY,KCR,1,4,2
2026-04-17,2026,OAK,CHW,0,2,9
2026-04-17,2026,PHI,ATL,0,0,9
2026-04-17,2026,PIT,TBR,1,5,1
2026-04-17,2026,SEA,TEX,0,0,5
2026-04-17,2026,WSN,SFG,0,5,10
2026-04-18,2026,ARI,TOR,1,6,2
2026-04-18,2026,BOS,DET,0,1,4
2026-04-18,2026,CHC,NYM,1,4,2
2026-04-18,2026,CLE,BAL,1,4,2
2026-04-18,2026,COL,LAD,1,4,3
2026-04-18,2026,HOU,STL,0,5,7
2026-04-18,2026,LAA,SDP,0,1,4
2026-04-18,2026,MIA,MIL,0,2,5
2026-04-18,2026,MIN,CIN,0,4,5
2026-04-18,2026,NYY,KCR,1,13,4
2026-04-18,2026,OAK,CHW,1,7,6
2026-04-18,2026,PHI,ATL,0,1,3
2026-04-18,2026,PIT,TBR,0,7,8
2026-04-18,2026,SEA,TEX,1,7,3
2026-04-18,2026,WSN,SFG,0,6,7
2026-04-19,2026,ARI,TOR,0,4,10
2026-04-19,2026,BOS,DET,0,2,6
2026-04-19,2026,CHC,NYM,1,2,1
2026-04-19,2026,CLE,BAL,1,8,4
2026-04-19,2026,COL,LAD,1,9,6
2026-04-19,2026,HOU,STL,0,5,7
2026-04-19,2026,LAA,SDP,0,1,2
2026-04-19,2026,MIA,MIL,1,5,3
2026-04-19,2026,MIN,CIN,0,4,7
2026-04-19,2026,NYY,KCR,1,7,0
2026-04-19,2026,OAK,CHW,0,4,7
2026-04-19,2026,PHI,ATL,0,2,4
2026-04-19,2026,PIT,TBR,1,6,3
2026-04-19,2026,SEA,TEX,1,5,2
2026-04-19,2026,WSN,SFG,1,3,0
2026-04-20,2026,BOS,DET,1,8,6
2026-04-20,2026,CHC,PHI,1,5,1
2026-04-20,2026,CLE,HOU,0,2,9
2026-04-20,2026,COL,LAD,0,3,12
2026-04-20,2026,KCR,BAL,0,5,7
2026-04-20,2026,LAA,TOR,0,2,5
2026-04-20,2026,MIA,STL,1,5,3
2026-04-20,2026,SEA,OAK,0,4,6
2026-04-20,2026,TBR,CIN,0,1,6
2026-04-20,2026,WSN,ATL,0,4,9
2026-04-21,2026,ARI,CHW,0,5,11
2026-04-21,2026,BOS,NYY,0,0,4
2026-04-21,2026,CHC,PHI,1,7,4
2026-04-21,2026,CLE,HOU,1,8,5
2026-04-21,2026,COL,SDP,0,0,1
2026-04-21,2026,DET,MIL,0,4,12
2026-04-21,2026,KCR,BAL,1,6,5
2026-04-21,2026,LAA,TOR,0,2,4
2026-04-21,2026,MIA,STL,0,3,5
2026-04-21,2026,NYM,MIN,0,3,5
2026-04-21,2026,SEA,OAK,0,2,5
2026-04-21,2026,SFG,LAD,1,3,1
2026-04-21,2026,TBR,CIN,0,6,12
2026-04-21,2026,TEX,PIT,1,5,1
2026-04-21,2026,WSN,ATL,1,11,4
2026-04-22,2026,ARI,CHW,1,11,7
2026-04-22,2026,BOS,NYY,0,1,4
2026-04-22,2026,CHC,PHI,1,7,2
2026-04-22,2026,CLE,HOU,0,0,2
2026-04-22,2026,COL,SDP,1,8,3
2026-04-22,2026,DET,MIL,1,5,2
2026-04-22,2026,KCR,BAL,0,6,8
2026-04-22,2026,LAA,TOR,1,7,3
2026-04-22,2026,MIA,STL,1,4,1
2026-04-22,2026,NYM,MIN,1,3,2
2026-04-22,2026,SEA,OAK,1,5,4
2026-04-22,2026,SFG,LAD,1,3,0
2026-04-22,2026,TBR,CIN,1,6,1
2026-04-22,2026,TEX,PIT,0,4,8
2026-04-22,2026,WSN,ATL,0,6,8
2026-04-23,2026,ARI,CHW,0,1,4
2026-04-23,2026,BOS,NYY,0,2,4
2026-04-23,2026,CHC,PHI,1,8,7
2026-04-23,2026,COL,SDP,0,8,10
2026-04-23,2026,DET,MIL,1,5,4
2026-04-23,2026,NYM,MIN,1,10,8
2026-04-23,2026,SFG,LAD,0,0,3
2026-04-23,2026,TEX,PIT,1,6,1
2026-04-23,2026,WSN,ATL,0,2,7
2026-04-24,2026,ATL,PHI,1,5,3
2026-04-24,2026,BAL,BOS,1,10,3
2026-04-24,2026,CHW,WSN,1,5,4
2026-04-24,2026,CIN,DET,1,9,8
2026-04-24,2026,HOU,NYY,0,4,12
2026-04-24,2026,KCR,LAA,1,6,3
2026-04-24,2026,LAD,CHC,0,4,6
2026-04-24,2026,MIL,PIT,0,0,6
2026-04-24,2026,NYM,COL,0,3,4
2026-04-24,2026,SFG,MIA,0,4,9
2026-04-24,2026,STL,SEA,0,2,3
2026-04-24,2026,TBR,MIN,1,6,2
2026-04-24,2026,TEX,OAK,0,1,8
2026-04-24,2026,TOR,CLE,0,6,8
2026-04-25,2026,ARI,SDP,0,4,6
2026-04-25,2026,ATL,PHI,0,5,8
2026-04-25,2026,BAL,BOS,0,1,17
2026-04-25,2026,CHW,WSN,0,3,6
2026-04-25,2026,CIN,DET,1,9,2
2026-04-25,2026,HOU,NYY,0,3,8
2026-04-25,2026,KCR,LAA,1,12,1
2026-04-25,2026,LAD,CHC,1,12,4
2026-04-25,2026,MIL,PIT,0,3,6
2026-04-25,2026,SFG,MIA,1,6,2
2026-04-25,2026,STL,SEA,0,9,11
2026-04-25,2026,TBR,MIN,1,6,1
2026-04-25,2026,TEX,OAK,1,4,3
2026-04-25,2026,TOR,CLE,1,5,3
2026-04-26,2026,ARI,SDP,1,12,7
2026-04-26,2026,ATL,PHI,1,6,2
2026-04-26,2026,BAL,BOS,0,3,5
2026-04-26,2026,CHW,WSN,0,1,2
2026-04-26,2026,CIN,DET,0,3,8
2026-04-26,2026,HOU,NYY,1,7,4
2026-04-26,2026,KCR,LAA,1,11,9
2026-04-26,2026,LAD,CHC,1,6,0
2026-04-26,2026,MIL,PIT,1,5,0
2026-04-26,2026,NYM,COL,0,1,3
2026-04-26,2026,SFG,MIA,1,6,3
2026-04-26,2026,STL,SEA,0,2,3
2026-04-26,2026,TBR,MIN,1,4,2
2026-04-26,2026,TEX,OAK,0,1,2
2026-04-26,2026,TOR,CLE,1,4,2
2026-04-27,2026,CHW,LAA,1,8,7
2026-04-27,2026,CLE,TBR,0,2,3
2026-04-27,2026,LAD,MIA,1,5,4
2026-04-27,2026,MIN,SEA,1,11,4
2026-04-27,2026,PIT,STL,0,2,4
2026-04-27,2026,SDP,CHC,1,9,7
2026-04-27,2026,TEX,NYY,0,2,4
2026-04-27,2026,TOR,BOS,0,0,5
2026-04-28,2026,ATL,DET,1,5,2
2026-04-28,2026,BAL,HOU,1,5,3
2026-04-28,2026,CHW,LAA,1,5,2
2026-04-28,2026,CIN,COL,1,7,2
2026-04-28,2026,CLE,TBR,0,0,1
2026-04-28,2026,LAD,MIA,0,1,2
2026-04-28,2026,MIL,ARI,1,13,2
2026-04-28,2026,MIN,SEA,0,1,7
2026-04-28,2026,NYM,WSN,1,8,0
2026-04-28,2026,OAK,KCR,0,1,4
2026-04-28,2026,PHI,SFG,1,7,0
2026-04-28,2026,PIT,STL,0,7,11
2026-04-28,2026,SDP,CHC,0,3,8
2026-04-28,2026,TEX,NYY,0,2,3
2026-04-28,2026,TOR,BOS,1,3,0
2026-04-29,2026,ATL,DET,1,4,3
2026-04-29,2026,CHW,LAA,1,3,2
2026-04-29,2026,CIN,COL,0,2,13
2026-04-29,2026,CLE,TBR,1,3,1
2026-04-29,2026,LAD,MIA,0,2,3
2026-04-29,2026,MIL,ARI,0,2,6
2026-04-29,2026,MIN,SEA,0,3,5
2026-04-29,2026,NYM,WSN,0,2,14
2026-04-29,2026,OAK,KCR,1,5,2
2026-04-29,2026,PIT,STL,0,4,5
2026-04-29,2026,SDP,CHC,0,4,5
2026-04-29,2026,TEX,NYY,1,3,0
2026-04-29,2026,TOR,BOS,1,8,1
