date,team,il_war_score
2015-04-01,ARI,-0.69
2015-05-01,ARI,-0.03
2015-06-01,ARI,0.29
2015-07-01,ARI,3.91
2015-08-01,ARI,0.56
2015-09-01,ARI,0.4
2015-10-01,ARI,1.18
2016-04-01,ARI,0.72
2016-05-01,ARI,7.47
2016-06-01,ARI,13.71
2016-07-01,ARI,19.4
2016-08-01,ARI,18.8
2016-09-01,ARI,5.55
2016-10-01,ARI,4.59
2017-04-01,ARI,0.91
2017-05-01,ARI,0.41
2017-06-01,ARI,-0.04
2017-07-01,ARI,-2.15
2017-08-01,ARI,0.41
2017-09-01,ARI,1.05
2017-10-01,ARI,0.64
2018-04-01,ARI,4.81
2018-05-01,ARI,15.18
2018-06-01,ARI,15.92
2018-07-01,ARI,13.05
2018-08-01,ARI,8.63
2018-09-01,ARI,8.25
2018-10-01,ARI,7.56
2019-04-01,ARI,1.51
2019-05-01,ARI,0.47
2019-06-01,ARI,3.95
2019-07-01,ARI,0.06
2019-08-01,ARI,-1.78
2019-09-01,ARI,4.05
2019-10-01,ARI,3.35
2020-04-01,ARI,0.0
2020-05-01,ARI,0.0
2020-06-01,ARI,0.0
2020-07-01,ARI,0.37
2020-08-01,ARI,0.15
2020-09-01,ARI,3.93
2020-10-01,ARI,0.37
2021-04-01,ARI,5.93
2021-05-01,ARI,5.45
2021-06-01,ARI,3.9
2021-07-01,ARI,2.72
2021-08-01,ARI,0.14
2021-09-01,ARI,2.22
2021-10-01,ARI,1.15
2022-04-01,ARI,-0.86
2022-05-01,ARI,2.25
2022-06-01,ARI,2.55
2022-07-01,ARI,-1.57
2022-08-01,ARI,2.3
2022-09-01,ARI,1.58
2022-10-01,ARI,4.78
2023-04-01,ARI,1.11
2023-05-01,ARI,-0.32
2023-06-01,ARI,-0.16
2023-07-01,ARI,1.92
2023-08-01,ARI,1.94
2023-09-01,ARI,-0.24
2023-10-01,ARI,-0.24
2024-04-01,ARI,7.53
2024-05-01,ARI,12.9
2024-06-01,ARI,16.11
2024-07-01,ARI,17.63
2024-08-01,ARI,12.08
2024-09-01,ARI,14.09
2024-10-01,ARI,1.2
2025-04-01,ARI,0.81
2025-05-01,ARI,9.84
2025-06-01,ARI,-0.06
2025-07-01,ARI,12.15
2025-08-01,ARI,9.69
2025-09-01,ARI,7.57
2025-10-01,ARI,7.47
2026-04-01,ARI,6.71
2026-05-01,ARI,5.77
2015-04-01,ATL,0.65
2015-05-01,ATL,0.84
2015-06-01,ATL,2.3
2015-07-01,ATL,5.24
2015-08-01,ATL,1.29
2015-09-01,ATL,0.56
2015-10-01,ATL,0.69
2016-04-01,ATL,-0.02
2016-05-01,ATL,5.68
2016-06-01,ATL,0.8
2016-07-01,ATL,-0.33
2016-08-01,ATL,3.68
2016-09-01,ATL,-0.48
2016-10-01,ATL,0.8
2017-04-01,ATL,2.65
2017-05-01,ATL,3.06
2017-06-01,ATL,7.69
2017-07-01,ATL,7.69
2017-08-01,ATL,0.51
2017-09-01,ATL,-1.22
2017-10-01,ATL,-1.58
2018-04-01,ATL,3.26
2018-05-01,ATL,7.33
2018-06-01,ATL,7.84
2018-07-01,ATL,10.24
2018-08-01,ATL,13.99
2018-09-01,ATL,12.43
2018-10-01,ATL,10.87
2019-04-01,ATL,7.96
2019-05-01,ATL,2.91
2019-06-01,ATL,3.46
2019-07-01,ATL,6.03
2019-08-01,ATL,5.07
2019-09-01,ATL,5.97
2019-10-01,ATL,1.5
2020-04-01,ATL,0.0
2020-05-01,ATL,0.0
2020-06-01,ATL,0.0
2020-07-01,ATL,0.22
2020-08-01,ATL,7.81
2020-09-01,ATL,14.3
2020-10-01,ATL,8.77
2021-04-01,ATL,-0.57
2021-05-01,ATL,3.08
2021-06-01,ATL,2.99
2021-07-01,ATL,3.49
2021-08-01,ATL,9.16
2021-09-01,ATL,6.28
2021-10-01,ATL,3.47
2022-04-01,ATL,0.15
2022-05-01,ATL,3.46
2022-06-01,ATL,6.78
2022-07-01,ATL,13.05
2022-08-01,ATL,10.63
2022-09-01,ATL,10.54
2022-10-01,ATL,11.83
2023-04-01,ATL,4.69
2023-05-01,ATL,2.5
2023-06-01,ATL,10.02
2023-07-01,ATL,10.48
2023-08-01,ATL,12.1
2023-09-01,ATL,5.22
2023-10-01,ATL,11.57
2024-04-01,ATL,4.5
2024-05-01,ATL,7.83
2024-06-01,ATL,12.72
2024-07-01,ATL,16.12
2024-08-01,ATL,22.43
2024-09-01,ATL,23.41
2024-10-01,ATL,12.41
2025-04-01,ATL,6.93
2025-05-01,ATL,5.68
2025-06-01,ATL,7.04
2025-07-01,ATL,15.87
2025-08-01,ATL,16.61
2025-09-01,ATL,13.83
2025-10-01,ATL,17.43
2026-04-01,ATL,9.43
2026-05-01,ATL,10.71
2015-04-01,BAL,5.66
2015-05-01,BAL,6.73
2015-06-01,BAL,6.06
2015-07-01,BAL,1.91
2015-08-01,BAL,5.82
2015-09-01,BAL,5.1
2015-10-01,BAL,0.0
2016-04-01,BAL,2.27
2016-05-01,BAL,4.6
2016-06-01,BAL,6.24
2016-07-01,BAL,2.53
2016-08-01,BAL,-0.12
2016-09-01,BAL,3.29
2016-10-01,BAL,-0.04
2017-04-01,BAL,3.53
2017-05-01,BAL,9.87
2017-06-01,BAL,6.78
2017-07-01,BAL,9.88
2017-08-01,BAL,5.26
2017-09-01,BAL,2.79
2017-10-01,BAL,0.0
2018-04-01,BAL,1.01
2018-05-01,BAL,11.12
2018-06-01,BAL,3.86
2018-07-01,BAL,3.19
2018-08-01,BAL,2.08
2018-09-01,BAL,1.36
2018-10-01,BAL,0.9
2019-04-01,BAL,1.74
2019-05-01,BAL,3.87
2019-06-01,BAL,-0.92
2019-07-01,BAL,2.4
2019-08-01,BAL,0.93
2019-09-01,BAL,1.01
2019-10-01,BAL,0.48
2020-04-01,BAL,0.0
2020-05-01,BAL,0.0
2020-06-01,BAL,0.0
2020-07-01,BAL,3.68
2020-08-01,BAL,3.59
2020-09-01,BAL,3.19
2020-10-01,BAL,3.65
2021-04-01,BAL,-0.39
2021-05-01,BAL,0.66
2021-06-01,BAL,-1.34
2021-07-01,BAL,-0.02
2021-08-01,BAL,0.31
2021-09-01,BAL,2.47
2021-10-01,BAL,2.55
2022-04-01,BAL,0.0
2022-05-01,BAL,2.49
2022-06-01,BAL,2.82
2022-07-01,BAL,6.58
2022-08-01,BAL,5.49
2022-09-01,BAL,5.44
2022-10-01,BAL,7.73
2023-04-01,BAL,2.16
2023-05-01,BAL,2.29
2023-06-01,BAL,6.32
2023-07-01,BAL,5.3
2023-08-01,BAL,15.11
2023-09-01,BAL,11.66
2023-10-01,BAL,10.22
2024-04-01,BAL,8.09
2024-05-01,BAL,12.81
2024-06-01,BAL,6.68
2024-07-01,BAL,12.41
2024-08-01,BAL,13.08
2024-09-01,BAL,18.69
2024-10-01,BAL,10.67
2025-04-01,BAL,18.49
2025-05-01,BAL,20.0
2025-06-01,BAL,19.85
2025-07-01,BAL,18.76
2025-08-01,BAL,15.62
2025-09-01,BAL,17.59
2025-10-01,BAL,7.77
2026-04-01,BAL,3.65
2026-05-01,BAL,10.1
2015-04-01,BOS,3.02
2015-05-01,BOS,4.44
2015-06-01,BOS,7.87
2015-07-01,BOS,13.14
2015-08-01,BOS,9.97
2015-09-01,BOS,11.89
2015-10-01,BOS,8.01
2016-04-01,BOS,2.79
2016-05-01,BOS,4.04
2016-06-01,BOS,0.66
2016-07-01,BOS,5.11
2016-08-01,BOS,5.14
2016-09-01,BOS,2.5
2016-10-01,BOS,0.66
2017-04-01,BOS,9.11
2017-05-01,BOS,8.17
2017-06-01,BOS,10.76
2017-07-01,BOS,5.4
2017-08-01,BOS,12.19
2017-09-01,BOS,13.06
2017-10-01,BOS,4.6
2018-04-01,BOS,10.57
2018-05-01,BOS,5.8
2018-06-01,BOS,12.71
2018-07-01,BOS,9.19
2018-08-01,BOS,11.98
2018-09-01,BOS,10.37
2018-10-01,BOS,3.74
2019-04-01,BOS,1.64
2019-05-01,BOS,2.69
2019-06-01,BOS,6.84
2019-07-01,BOS,5.78
2019-08-01,BOS,3.98
2019-09-01,BOS,9.53
2019-10-01,BOS,9.25
2020-04-01,BOS,-0.56
2020-05-01,BOS,-0.56
2020-06-01,BOS,-0.56
2020-07-01,BOS,1.56
2020-08-01,BOS,8.41
2020-09-01,BOS,8.79
2020-10-01,BOS,8.89
2021-04-01,BOS,8.12
2021-05-01,BOS,2.66
2021-06-01,BOS,2.63
2021-07-01,BOS,3.47
2021-08-01,BOS,3.91
2021-09-01,BOS,3.93
2021-10-01,BOS,0.07
2022-04-01,BOS,-0.02
2022-05-01,BOS,2.16
2022-06-01,BOS,3.05
2022-07-01,BOS,15.33
2022-08-01,BOS,15.23
2022-09-01,BOS,8.87
2022-10-01,BOS,11.03
2023-04-01,BOS,4.41
2023-05-01,BOS,4.29
2023-06-01,BOS,6.43
2023-07-01,BOS,8.21
2023-08-01,BOS,6.32
2023-09-01,BOS,-0.66
2023-10-01,BOS,3.54
2024-04-01,BOS,1.49
2024-05-01,BOS,11.55
2024-06-01,BOS,6.83
2024-07-01,BOS,4.28
2024-08-01,BOS,7.59
2024-09-01,BOS,5.65
2024-10-01,BOS,3.63
2025-04-01,BOS,5.7
2025-05-01,BOS,4.2
2025-06-01,BOS,9.31
2025-07-01,BOS,9.96
2025-08-01,BOS,7.56
2025-09-01,BOS,10.15
2025-10-01,BOS,5.85
2026-04-01,BOS,2.31
2026-05-01,BOS,9.88
2015-04-01,CHC,0.26
2015-05-01,CHC,1.27
2015-06-01,CHC,-0.71
2015-07-01,CHC,-0.35
2015-08-01,CHC,1.84
2015-09-01,CHC,0.66
2015-10-01,CHC,-1.59
2016-04-01,CHC,-1.03
2016-05-01,CHC,1.4
2016-06-01,CHC,-0.33
2016-07-01,CHC,3.07
2016-08-01,CHC,-0.51
2016-09-01,CHC,8.45
2016-10-01,CHC,-0.34
2017-04-01,CHC,0.16
2017-05-01,CHC,0.0
2017-06-01,CHC,-0.76
2017-07-01,CHC,5.45
2017-08-01,CHC,0.0
2017-09-01,CHC,10.96
2017-10-01,CHC,0.0
2018-04-01,CHC,0.08
2018-05-01,CHC,0.83
2018-06-01,CHC,6.34
2018-07-01,CHC,13.06
2018-08-01,CHC,10.61
2018-09-01,CHC,10.34
2018-10-01,CHC,5.18
2019-04-01,CHC,1.81
2019-05-01,CHC,2.44
2019-06-01,CHC,3.4
2019-07-01,CHC,8.25
2019-08-01,CHC,7.3
2019-09-01,CHC,6.3
2019-10-01,CHC,1.32
2020-04-01,CHC,0.0
2020-05-01,CHC,0.0
2020-06-01,CHC,0.0
2020-07-01,CHC,0.0
2020-08-01,CHC,-0.9
2020-09-01,CHC,0.47
2020-10-01,CHC,-1.32
2021-04-01,CHC,0.18
2021-05-01,CHC,-1.04
2021-06-01,CHC,2.08
2021-07-01,CHC,0.24
2021-08-01,CHC,0.57
2021-09-01,CHC,1.6
2021-10-01,CHC,1.09
2022-04-01,CHC,1.5
2022-05-01,CHC,6.16
2022-06-01,CHC,10.18
2022-07-01,CHC,13.54
2022-08-01,CHC,9.67
2022-09-01,CHC,10.89
2022-10-01,CHC,5.4
2023-04-01,CHC,2.41
2023-05-01,CHC,3.8
2023-06-01,CHC,5.94
2023-07-01,CHC,5.84
2023-08-01,CHC,5.63
2023-09-01,CHC,6.5
2023-10-01,CHC,8.53
2024-04-01,CHC,2.72
2024-05-01,CHC,12.5
2024-06-01,CHC,1.9
2024-07-01,CHC,7.42
2024-08-01,CHC,1.12
2024-09-01,CHC,6.79
2024-10-01,CHC,3.57
2025-04-01,CHC,3.7
2025-05-01,CHC,6.31
2025-06-01,CHC,10.41
2025-07-01,CHC,6.99
2025-08-01,CHC,8.86
2025-09-01,CHC,8.03
2025-10-01,CHC,1.91
2026-04-01,CHC,2.9
2026-05-01,CHC,4.58
2015-04-01,CHW,7.9
2015-05-01,CHW,1.6
2015-06-01,CHW,0.5
2015-07-01,CHW,0.5
2015-08-01,CHW,0.82
2015-09-01,CHW,1.82
2015-10-01,CHW,0.0
2016-04-01,CHW,0.0
2016-05-01,CHW,-0.88
2016-06-01,CHW,-0.14
2016-07-01,CHW,1.85
2016-08-01,CHW,3.02
2016-09-01,CHW,3.3
2016-10-01,CHW,3.97
2017-04-01,CHW,1.7
2017-05-01,CHW,3.53
2017-06-01,CHW,5.88
2017-07-01,CHW,7.35
2017-08-01,CHW,4.33
2017-09-01,CHW,3.08
2017-10-01,CHW,4.92
2018-04-01,CHW,1.07
2018-05-01,CHW,7.72
2018-06-01,CHW,9.35
2018-07-01,CHW,3.79
2018-08-01,CHW,2.36
2018-09-01,CHW,10.51
2018-10-01,CHW,1.93
2019-04-01,CHW,0.52
2019-05-01,CHW,-0.63
2019-06-01,CHW,2.7
2019-07-01,CHW,6.3
2019-08-01,CHW,4.88
2019-09-01,CHW,2.4
2019-10-01,CHW,2.4
2020-04-01,CHW,0.0
2020-05-01,CHW,0.0
2020-06-01,CHW,0.0
2020-07-01,CHW,0.0
2020-08-01,CHW,5.45
2020-09-01,CHW,5.81
2020-10-01,CHW,0.0
2021-04-01,CHW,1.38
2021-05-01,CHW,1.65
2021-06-01,CHW,3.27
2021-07-01,CHW,3.71
2021-08-01,CHW,2.24
2021-09-01,CHW,6.54
2021-10-01,CHW,0.06
2022-04-01,CHW,0.0
2022-05-01,CHW,12.68
2022-06-01,CHW,12.19
2022-07-01,CHW,10.02
2022-08-01,CHW,6.84
2022-09-01,CHW,12.21
2022-10-01,CHW,11.28
2023-04-01,CHW,5.13
2023-05-01,CHW,5.22
2023-06-01,CHW,4.75
2023-07-01,CHW,6.97
2023-08-01,CHW,5.01
2023-09-01,CHW,3.95
2023-10-01,CHW,7.08
2024-04-01,CHW,-0.15
2024-05-01,CHW,5.74
2024-06-01,CHW,10.18
2024-07-01,CHW,4.57
2024-08-01,CHW,3.36
2024-09-01,CHW,3.59
2024-10-01,CHW,3.0
2025-04-01,CHW,3.44
2025-05-01,CHW,4.16
2025-06-01,CHW,1.97
2025-07-01,CHW,5.72
2025-08-01,CHW,2.54
2025-09-01,CHW,0.92
2025-10-01,CHW,0.53
2026-04-01,CHW,4.49
2026-05-01,CHW,4.26
2015-04-01,CIN,1.2
2015-05-01,CIN,0.66
2015-06-01,CIN,6.06
2015-07-01,CIN,8.59
2015-08-01,CIN,8.15
2015-09-01,CIN,10.16
2015-10-01,CIN,12.28
2016-04-01,CIN,0.39
2016-05-01,CIN,0.71
2016-06-01,CIN,1.1
2016-07-01,CIN,-1.12
2016-08-01,CIN,-1.01
2016-09-01,CIN,-0.56
2016-10-01,CIN,1.79
2017-04-01,CIN,-0.86
2017-05-01,CIN,4.5
2017-06-01,CIN,4.5
2017-07-01,CIN,4.04
2017-08-01,CIN,6.58
2017-09-01,CIN,2.92
2017-10-01,CIN,3.62
2018-04-01,CIN,3.23
2018-05-01,CIN,2.13
2018-06-01,CIN,1.17
2018-07-01,CIN,-1.45
2018-08-01,CIN,1.04
2018-09-01,CIN,-2.03
2018-10-01,CIN,0.31
2019-04-01,CIN,2.84
2019-05-01,CIN,4.06
2019-06-01,CIN,3.28
2019-07-01,CIN,0.71
2019-08-01,CIN,0.67
2019-09-01,CIN,-0.2
2019-10-01,CIN,0.0
2020-04-01,CIN,0.0
2020-05-01,CIN,0.0
2020-06-01,CIN,0.0
2020-07-01,CIN,0.0
2020-08-01,CIN,5.68
2020-09-01,CIN,0.94
2020-10-01,CIN,0.14
2021-04-01,CIN,1.92
2021-05-01,CIN,1.05
2021-06-01,CIN,-0.87
2021-07-01,CIN,1.61
2021-08-01,CIN,1.32
2021-09-01,CIN,2.15
2021-10-01,CIN,2.2
2022-04-01,CIN,2.01
2022-05-01,CIN,14.57
2022-06-01,CIN,11.38
2022-07-01,CIN,9.89
2022-08-01,CIN,10.39
2022-09-01,CIN,8.45
2022-10-01,CIN,11.82
2023-04-01,CIN,-0.16
2023-05-01,CIN,3.05
2023-06-01,CIN,4.66
2023-07-01,CIN,5.82
2023-08-01,CIN,7.3
2023-09-01,CIN,7.56
2023-10-01,CIN,7.53
2024-04-01,CIN,12.75
2024-05-01,CIN,11.29
2024-06-01,CIN,9.09
2024-07-01,CIN,12.51
2024-08-01,CIN,13.12
2024-09-01,CIN,16.24
2024-10-01,CIN,8.66
2025-04-01,CIN,8.35
2025-05-01,CIN,3.61
2025-06-01,CIN,-1.4
2025-07-01,CIN,7.71
2025-08-01,CIN,8.01
2025-09-01,CIN,4.89
2025-10-01,CIN,2.21
2026-04-01,CIN,9.85
2026-05-01,CIN,13.7
2015-04-01,CLE,-0.19
2015-05-01,CLE,4.87
2015-06-01,CLE,4.43
2015-07-01,CLE,0.76
2015-08-01,CLE,1.84
2015-09-01,CLE,6.85
2015-10-01,CLE,2.82
2016-04-01,CLE,5.88
2016-05-01,CLE,5.68
2016-06-01,CLE,8.83
2016-07-01,CLE,5.28
2016-08-01,CLE,6.53
2016-09-01,CLE,4.58
2016-10-01,CLE,7.94
2017-04-01,CLE,1.61
2017-05-01,CLE,-0.84
2017-06-01,CLE,3.42
2017-07-01,CLE,2.11
2017-08-01,CLE,6.37
2017-09-01,CLE,9.67
2017-10-01,CLE,-0.25
2018-04-01,CLE,2.8
2018-05-01,CLE,4.88
2018-06-01,CLE,6.27
2018-07-01,CLE,11.17
2018-08-01,CLE,6.2
2018-09-01,CLE,12.2
2018-10-01,CLE,2.95
2019-04-01,CLE,9.8
2019-05-01,CLE,6.67
2019-06-01,CLE,12.82
2019-07-01,CLE,10.69
2019-08-01,CLE,9.59
2019-09-01,CLE,13.59
2019-10-01,CLE,7.09
2020-04-01,CLE,0.0
2020-05-01,CLE,0.0
2020-06-01,CLE,0.0
2020-07-01,CLE,0.0
2020-08-01,CLE,2.85
2020-09-01,CLE,0.0
2020-10-01,CLE,0.19
2021-04-01,CLE,-0.15
2021-05-01,CLE,-0.15
2021-06-01,CLE,2.49
2021-07-01,CLE,5.93
2021-08-01,CLE,3.44
2021-09-01,CLE,3.98
2021-10-01,CLE,0.29
2022-04-01,CLE,0.0
2022-05-01,CLE,1.1
2022-06-01,CLE,4.67
2022-07-01,CLE,0.9
2022-08-01,CLE,2.31
2022-09-01,CLE,3.41
2022-10-01,CLE,0.22
2023-04-01,CLE,5.6
2023-05-01,CLE,4.74
2023-06-01,CLE,5.27
2023-07-01,CLE,3.92
2023-08-01,CLE,10.98
2023-09-01,CLE,9.27
2023-10-01,CLE,-0.07
2024-04-01,CLE,4.41
2024-05-01,CLE,5.06
2024-06-01,CLE,2.9
2024-07-01,CLE,3.02
2024-08-01,CLE,5.52
2024-09-01,CLE,1.83
2024-10-01,CLE,3.22
2025-04-01,CLE,3.01
2025-05-01,CLE,3.43
2025-06-01,CLE,4.41
2025-07-01,CLE,3.18
2025-08-01,CLE,2.57
2025-09-01,CLE,2.57
2025-10-01,CLE,2.69
2026-04-01,CLE,1.44
2026-05-01,CLE,2.96
2015-04-01,COL,1.58
2015-05-01,COL,0.76
2015-06-01,COL,8.82
2015-07-01,COL,9.45
2015-08-01,COL,9.47
2015-09-01,COL,10.96
2015-10-01,COL,4.63
2016-04-01,COL,1.75
2016-05-01,COL,4.32
2016-06-01,COL,4.92
2016-07-01,COL,4.52
2016-08-01,COL,2.32
2016-09-01,COL,1.52
2016-10-01,COL,0.6
2017-04-01,COL,7.47
2017-05-01,COL,5.48
2017-06-01,COL,9.05
2017-07-01,COL,5.46
2017-08-01,COL,7.01
2017-09-01,COL,2.38
2017-10-01,COL,0.65
2018-04-01,COL,0.22
2018-05-01,COL,5.58
2018-06-01,COL,1.31
2018-07-01,COL,1.52
2018-08-01,COL,6.82
2018-09-01,COL,0.72
2018-10-01,COL,0.72
2019-04-01,COL,0.28
2019-05-01,COL,-3.71
2019-06-01,COL,4.6
2019-07-01,COL,11.3
2019-08-01,COL,2.37
2019-09-01,COL,18.94
2019-10-01,COL,5.71
2020-04-01,COL,0.0
2020-05-01,COL,0.0
2020-06-01,COL,0.0
2020-07-01,COL,0.0
2020-08-01,COL,1.8
2020-09-01,COL,-0.83
2020-10-01,COL,2.52
2021-04-01,COL,3.23
2021-05-01,COL,5.64
2021-06-01,COL,4.28
2021-07-01,COL,2.12
2021-08-01,COL,4.6
2021-09-01,COL,0.84
2021-10-01,COL,2.86
2022-04-01,COL,0.8
2022-05-01,COL,4.31
2022-06-01,COL,3.87
2022-07-01,COL,0.64
2022-08-01,COL,4.86
2022-09-01,COL,7.03
2022-10-01,COL,9.72
2023-04-01,COL,11.31
2023-05-01,COL,8.58
2023-06-01,COL,11.6
2023-07-01,COL,9.22
2023-08-01,COL,5.33
2023-09-01,COL,4.1
2023-10-01,COL,9.56
2024-04-01,COL,0.83
2024-05-01,COL,5.53
2024-06-01,COL,8.6
2024-07-01,COL,0.78
2024-08-01,COL,5.1
2024-09-01,COL,0.17
2024-10-01,COL,0.74
2025-04-01,COL,2.49
2025-05-01,COL,8.58
2025-06-01,COL,2.51
2025-07-01,COL,4.73
2025-08-01,COL,-0.24
2025-09-01,COL,-0.08
2025-10-01,COL,-0.73
2026-04-01,COL,-0.07
2026-05-01,COL,0.12
2015-04-01,DET,1.01
2015-05-01,DET,0.7
2015-06-01,DET,8.72
2015-07-01,DET,2.2
2015-08-01,DET,5.19
2015-09-01,DET,3.07
2015-10-01,DET,2.7
2016-04-01,DET,3.3
2016-05-01,DET,-1.14
2016-06-01,DET,-0.87
2016-07-01,DET,9.51
2016-08-01,DET,11.59
2016-09-01,DET,6.6
2016-10-01,DET,0.9
2017-04-01,DET,1.79
2017-05-01,DET,6.59
2017-06-01,DET,6.54
2017-07-01,DET,0.0
2017-08-01,DET,6.2
2017-09-01,DET,1.44
2017-10-01,DET,1.44
2018-04-01,DET,-0.26
2018-05-01,DET,0.79
2018-06-01,DET,2.44
2018-07-01,DET,1.19
2018-08-01,DET,3.82
2018-09-01,DET,-0.19
2018-10-01,DET,3.71
2019-04-01,DET,3.46
2019-05-01,DET,3.23
2019-06-01,DET,3.12
2019-07-01,DET,1.76
2019-08-01,DET,2.72
2019-09-01,DET,6.2
2019-10-01,DET,5.28
2020-04-01,DET,1.18
2020-05-01,DET,1.18
2020-06-01,DET,1.18
2020-07-01,DET,1.18
2020-08-01,DET,5.11
2020-09-01,DET,2.95
2020-10-01,DET,5.19
2021-04-01,DET,0.57
2021-05-01,DET,-1.28
2021-06-01,DET,0.01
2021-07-01,DET,-2.06
2021-08-01,DET,-2.11
2021-09-01,DET,-1.11
2021-10-01,DET,-1.26
2022-04-01,DET,0.0
2022-05-01,DET,8.78
2022-06-01,DET,16.71
2022-07-01,DET,8.89
2022-08-01,DET,12.06
2022-09-01,DET,12.51
2022-10-01,DET,9.06
2023-04-01,DET,2.61
2023-05-01,DET,3.97
2023-06-01,DET,5.67
2023-07-01,DET,5.71
2023-08-01,DET,1.8
2023-09-01,DET,0.63
2023-10-01,DET,2.48
2024-04-01,DET,0.39
2024-05-01,DET,1.1
2024-06-01,DET,3.89
2024-07-01,DET,3.23
2024-08-01,DET,6.59
2024-09-01,DET,2.96
2024-10-01,DET,1.61
2025-04-01,DET,7.35
2025-05-01,DET,6.92
2025-06-01,DET,9.47
2025-07-01,DET,6.01
2025-08-01,DET,6.94
2025-09-01,DET,11.59
2025-10-01,DET,6.19
2026-04-01,DET,2.05
2026-05-01,DET,9.92
2015-04-01,HOU,2.05
2015-05-01,HOU,3.3
2015-06-01,HOU,4.01
2015-07-01,HOU,5.66
2015-08-01,HOU,3.53
2015-09-01,HOU,4.76
2015-10-01,HOU,3.01
2016-04-01,HOU,3.18
2016-05-01,HOU,2.37
2016-06-01,HOU,0.0
2016-07-01,HOU,0.0
2016-08-01,HOU,3.04
2016-09-01,HOU,5.0
2016-10-01,HOU,5.0
2017-04-01,HOU,0.78
2017-05-01,HOU,1.21
2017-06-01,HOU,1.74
2017-07-01,HOU,1.49
2017-08-01,HOU,14.62
2017-09-01,HOU,10.6
2017-10-01,HOU,-0.45
2018-04-01,HOU,-0.57
2018-05-01,HOU,-0.74
2018-06-01,HOU,5.09
2018-07-01,HOU,7.88
2018-08-01,HOU,17.38
2018-09-01,HOU,2.74
2018-10-01,HOU,-0.13
2019-04-01,HOU,1.75
2019-05-01,HOU,1.75
2019-06-01,HOU,17.77
2019-07-01,HOU,7.45
2019-08-01,HOU,4.82
2019-09-01,HOU,9.03
2019-10-01,HOU,1.39
2020-04-01,HOU,0.0
2020-05-01,HOU,0.0
2020-06-01,HOU,0.0
2020-07-01,HOU,0.0
2020-08-01,HOU,14.28
2020-09-01,HOU,23.79
2020-10-01,HOU,6.24
2021-04-01,HOU,2.3
2021-05-01,HOU,2.31
2021-06-01,HOU,1.91
2021-07-01,HOU,3.08
2021-08-01,HOU,3.38
2021-09-01,HOU,1.9
2021-10-01,HOU,1.37
2022-04-01,HOU,0.0
2022-05-01,HOU,10.76
2022-06-01,HOU,5.0
2022-07-01,HOU,7.35
2022-08-01,HOU,6.75
2022-09-01,HOU,7.1
2022-10-01,HOU,3.15
2023-04-01,HOU,7.93
2023-05-01,HOU,10.74
2023-06-01,HOU,5.32
2023-07-01,HOU,12.16
2023-08-01,HOU,5.32
2023-09-01,HOU,2.94
2023-10-01,HOU,2.94
2024-04-01,HOU,7.46
2024-05-01,HOU,13.91
2024-06-01,HOU,10.48
2024-07-01,HOU,20.21
2024-08-01,HOU,19.53
2024-09-01,HOU,17.61
2024-10-01,HOU,11.77
2025-04-01,HOU,7.62
2025-05-01,HOU,7.49
2025-06-01,HOU,16.24
2025-07-01,HOU,21.36
2025-08-01,HOU,22.19
2025-09-01,HOU,18.24
2025-10-01,HOU,12.88
2026-04-01,HOU,8.54
2026-05-01,HOU,22.4
2015-04-01,KCR,0.0
2015-05-01,KCR,3.02
2015-06-01,KCR,3.94
2015-07-01,KCR,5.97
2015-08-01,KCR,8.6
2015-09-01,KCR,2.55
2015-10-01,KCR,2.55
2016-04-01,KCR,3.07
2016-05-01,KCR,1.04
2016-06-01,KCR,7.84
2016-07-01,KCR,15.73
2016-08-01,KCR,9.16
2016-09-01,KCR,9.16
2016-10-01,KCR,5.17
2017-04-01,KCR,1.36
2017-05-01,KCR,1.33
2017-06-01,KCR,7.56
2017-07-01,KCR,7.22
2017-08-01,KCR,2.06
2017-09-01,KCR,5.68
2017-10-01,KCR,1.12
2018-04-01,KCR,2.73
2018-05-01,KCR,0.49
2018-06-01,KCR,1.08
2018-07-01,KCR,-1.05
2018-08-01,KCR,-0.24
2018-09-01,KCR,-0.74
2018-10-01,KCR,-0.9
2019-04-01,KCR,4.08
2019-05-01,KCR,3.29
2019-06-01,KCR,0.45
2019-07-01,KCR,4.09
2019-08-01,KCR,4.06
2019-09-01,KCR,1.85
2019-10-01,KCR,1.98
2020-04-01,KCR,0.0
2020-05-01,KCR,0.0
2020-06-01,KCR,0.0
2020-07-01,KCR,0.0
2020-08-01,KCR,7.06
2020-09-01,KCR,4.63
2020-10-01,KCR,-1.03
2021-04-01,KCR,1.25
2021-05-01,KCR,2.89
2021-06-01,KCR,1.38
2021-07-01,KCR,1.0
2021-08-01,KCR,2.29
2021-09-01,KCR,2.34
2021-10-01,KCR,2.15
2022-04-01,KCR,-0.33
2022-05-01,KCR,0.92
2022-06-01,KCR,5.31
2022-07-01,KCR,8.4
2022-08-01,KCR,1.03
2022-09-01,KCR,3.69
2022-10-01,KCR,2.13
2023-04-01,KCR,0.33
2023-05-01,KCR,-0.32
2023-06-01,KCR,1.01
2023-07-01,KCR,2.03
2023-08-01,KCR,0.69
2023-09-01,KCR,0.69
2023-10-01,KCR,5.28
2024-04-01,KCR,-1.59
2024-05-01,KCR,-1.73
2024-06-01,KCR,2.61
2024-07-01,KCR,1.02
2024-08-01,KCR,-0.32
2024-09-01,KCR,2.01
2024-10-01,KCR,-1.12
2025-04-01,KCR,-0.47
2025-05-01,KCR,0.13
2025-06-01,KCR,5.95
2025-07-01,KCR,6.38
2025-08-01,KCR,10.85
2025-09-01,KCR,13.91
2025-10-01,KCR,0.76
2026-04-01,KCR,4.8
2026-05-01,KCR,6.05
2015-04-01,LAA,6.91
2015-05-01,LAA,1.26
2015-06-01,LAA,3.56
2015-07-01,LAA,5.75
2015-08-01,LAA,6.13
2015-09-01,LAA,-0.03
2015-10-01,LAA,-0.05
2016-04-01,LAA,1.5
2016-05-01,LAA,3.6
2016-06-01,LAA,9.14
2016-07-01,LAA,5.24
2016-08-01,LAA,7.17
2016-09-01,LAA,7.2
2016-10-01,LAA,7.62
2017-04-01,LAA,3.07
2017-05-01,LAA,6.77
2017-06-01,LAA,14.88
2017-07-01,LAA,14.5
2017-08-01,LAA,4.98
2017-09-01,LAA,4.46
2017-10-01,LAA,4.71
2018-04-01,LAA,3.1
2018-05-01,LAA,2.97
2018-06-01,LAA,5.36
2018-07-01,LAA,8.24
2018-08-01,LAA,7.9
2018-09-01,LAA,6.9
2018-10-01,LAA,5.89
2019-04-01,LAA,7.56
2019-05-01,LAA,10.04
2019-06-01,LAA,10.78
2019-07-01,LAA,1.73
2019-08-01,LAA,3.04
2019-09-01,LAA,1.94
2019-10-01,LAA,0.84
2020-04-01,LAA,0.0
2020-05-01,LAA,0.0
2020-06-01,LAA,0.0
2020-07-01,LAA,0.0
2020-08-01,LAA,3.05
2020-09-01,LAA,1.31
2020-10-01,LAA,-0.25
2021-04-01,LAA,0.01
2021-05-01,LAA,0.2
2021-06-01,LAA,2.58
2021-07-01,LAA,0.77
2021-08-01,LAA,5.29
2021-09-01,LAA,6.16
2021-10-01,LAA,4.56
2022-04-01,LAA,0.53
2022-05-01,LAA,2.83
2022-06-01,LAA,2.82
2022-07-01,LAA,5.03
2022-08-01,LAA,4.71
2022-09-01,LAA,3.47
2022-10-01,LAA,3.82
2023-04-01,LAA,-0.89
2023-05-01,LAA,-0.64
2023-06-01,LAA,5.1
2023-07-01,LAA,9.74
2023-08-01,LAA,16.89
2023-09-01,LAA,16.96
2023-10-01,LAA,35.07
2024-04-01,LAA,1.37
2024-05-01,LAA,4.0
2024-06-01,LAA,5.59
2024-07-01,LAA,4.13
2024-08-01,LAA,4.62
2024-09-01,LAA,9.03
2024-10-01,LAA,9.04
2025-04-01,LAA,7.39
2025-05-01,LAA,5.25
2025-06-01,LAA,2.83
2025-07-01,LAA,3.42
2025-08-01,LAA,5.25
2025-09-01,LAA,8.75
2025-10-01,LAA,3.53
2026-04-01,LAA,1.14
2026-05-01,LAA,0.33
2015-04-01,LAD,4.22
2015-05-01,LAD,12.47
2015-06-01,LAD,14.2
2015-07-01,LAD,6.3
2015-08-01,LAD,8.1
2015-09-01,LAD,15.64
2015-10-01,LAD,8.74
2016-04-01,LAD,7.87
2016-05-01,LAD,7.68
2016-06-01,LAD,9.76
2016-07-01,LAD,20.15
2016-08-01,LAD,18.6
2016-09-01,LAD,21.57
2016-10-01,LAD,4.84
2017-04-01,LAD,1.42
2017-05-01,LAD,11.16
2017-06-01,LAD,7.79
2017-07-01,LAD,3.5
2017-08-01,LAD,10.28
2017-09-01,LAD,3.73
2017-10-01,LAD,3.78
2018-04-01,LAD,4.37
2018-05-01,LAD,16.24
2018-06-01,LAD,13.54
2018-07-01,LAD,6.27
2018-08-01,LAD,12.15
2018-09-01,LAD,3.83
2018-10-01,LAD,3.87
2019-04-01,LAD,5.09
2019-05-01,LAD,2.27
2019-06-01,LAD,2.57
2019-07-01,LAD,7.27
2019-08-01,LAD,16.54
2019-09-01,LAD,7.47
2019-10-01,LAD,1.49
2020-04-01,LAD,0.0
2020-05-01,LAD,0.0
2020-06-01,LAD,0.0
2020-07-01,LAD,0.0
2020-08-01,LAD,2.79
2020-09-01,LAD,5.51
2020-10-01,LAD,-0.47
2021-04-01,LAD,2.3
2021-05-01,LAD,5.29
2021-06-01,LAD,6.55
2021-07-01,LAD,3.83
2021-08-01,LAD,8.32
2021-09-01,LAD,4.25
2021-10-01,LAD,1.28
2022-04-01,LAD,3.14
2022-05-01,LAD,7.59
2022-06-01,LAD,14.14
2022-07-01,LAD,18.1
2022-08-01,LAD,17.65
2022-09-01,LAD,14.62
2022-10-01,LAD,17.31
2023-04-01,LAD,11.49
2023-05-01,LAD,7.74
2023-06-01,LAD,11.35
2023-07-01,LAD,14.7
2023-08-01,LAD,10.82
2023-09-01,LAD,12.95
2023-10-01,LAD,12.94
2024-04-01,LAD,8.11
2024-05-01,LAD,13.61
2024-06-01,LAD,14.02
2024-07-01,LAD,20.13
2024-08-01,LAD,21.42
2024-09-01,LAD,9.92
2024-10-01,LAD,5.15
2025-04-01,LAD,7.77
2025-05-01,LAD,10.45
2025-06-01,LAD,9.89
2025-07-01,LAD,6.54
2025-08-01,LAD,14.16
2025-09-01,LAD,7.35
2025-10-01,LAD,1.73
2026-04-01,LAD,6.34
2026-05-01,LAD,13.93
2015-04-01,MIA,0.66
2015-05-01,MIA,4.02
2015-06-01,MIA,3.52
2015-07-01,MIA,9.84
2015-08-01,MIA,5.67
2015-09-01,MIA,6.68
2015-10-01,MIA,5.68
2016-04-01,MIA,-0.19
2016-05-01,MIA,1.39
2016-06-01,MIA,1.46
2016-07-01,MIA,1.61
2016-08-01,MIA,3.95
2016-09-01,MIA,8.46
2016-10-01,MIA,0.0
2017-04-01,MIA,2.86
2017-05-01,MIA,-0.44
2017-06-01,MIA,4.29
2017-07-01,MIA,1.28
2017-08-01,MIA,5.93
2017-09-01,MIA,4.45
2017-10-01,MIA,3.81
2018-04-01,MIA,6.78
2018-05-01,MIA,1.03
2018-06-01,MIA,0.73
2018-07-01,MIA,2.12
2018-08-01,MIA,-0.49
2018-09-01,MIA,-0.22
2018-10-01,MIA,0.43
2019-04-01,MIA,0.23
2019-05-01,MIA,-0.22
2019-06-01,MIA,0.81
2019-07-01,MIA,2.5
2019-08-01,MIA,5.47
2019-09-01,MIA,4.93
2019-10-01,MIA,5.24
2020-04-01,MIA,0.0
2020-05-01,MIA,0.0
2020-06-01,MIA,0.0
2020-07-01,MIA,0.0
2020-08-01,MIA,1.32
2020-09-01,MIA,0.35
2020-10-01,MIA,-0.89
2021-04-01,MIA,-0.74
2021-05-01,MIA,3.53
2021-06-01,MIA,4.19
2021-07-01,MIA,3.28
2021-08-01,MIA,2.82
2021-09-01,MIA,1.56
2021-10-01,MIA,3.83
2022-04-01,MIA,0.0
2022-05-01,MIA,-1.88
2022-06-01,MIA,-1.75
2022-07-01,MIA,1.73
2022-08-01,MIA,9.77
2022-09-01,MIA,5.24
2022-10-01,MIA,7.26
2023-04-01,MIA,-0.37
2023-05-01,MIA,4.35
2023-06-01,MIA,4.9
2023-07-01,MIA,3.72
2023-08-01,MIA,-0.72
2023-09-01,MIA,2.03
2023-10-01,MIA,6.18
2024-04-01,MIA,13.87
2024-05-01,MIA,19.21
2024-06-01,MIA,9.2
2024-07-01,MIA,17.35
2024-08-01,MIA,14.43
2024-09-01,MIA,16.93
2024-10-01,MIA,17.9
2025-04-01,MIA,7.42
2025-05-01,MIA,5.9
2025-06-01,MIA,3.68
2025-07-01,MIA,3.57
2025-08-01,MIA,3.98
2025-09-01,MIA,4.31
2025-10-01,MIA,1.69
2026-04-01,MIA,5.12
2026-05-01,MIA,3.27
2015-04-01,MIL,-0.58
2015-05-01,MIL,11.64
2015-06-01,MIL,4.88
2015-07-01,MIL,4.88
2015-08-01,MIL,0.77
2015-09-01,MIL,0.0
2015-10-01,MIL,-0.41
2016-04-01,MIL,1.31
2016-05-01,MIL,-0.38
2016-06-01,MIL,-1.39
2016-07-01,MIL,-1.45
2016-08-01,MIL,-2.08
2016-09-01,MIL,-0.51
2016-10-01,MIL,-1.64
2017-04-01,MIL,-0.6
2017-05-01,MIL,3.9
2017-06-01,MIL,4.35
2017-07-01,MIL,0.9
2017-08-01,MIL,1.94
2017-09-01,MIL,0.95
2017-10-01,MIL,-0.11
2018-04-01,MIL,2.77
2018-05-01,MIL,11.08
2018-06-01,MIL,6.67
2018-07-01,MIL,13.46
2018-08-01,MIL,8.07
2018-09-01,MIL,4.67
2018-10-01,MIL,4.56
2019-04-01,MIL,6.91
2019-05-01,MIL,4.2
2019-06-01,MIL,8.07
2019-07-01,MIL,4.81
2019-08-01,MIL,6.04
2019-09-01,MIL,0.48
2019-10-01,MIL,0.0
2020-04-01,MIL,0.0
2020-05-01,MIL,0.0
2020-06-01,MIL,0.0
2020-07-01,MIL,0.0
2020-08-01,MIL,5.15
2020-09-01,MIL,1.15
2020-10-01,MIL,0.0
2021-04-01,MIL,-0.11
2021-05-01,MIL,3.86
2021-06-01,MIL,-0.32
2021-07-01,MIL,1.14
2021-08-01,MIL,1.08
2021-09-01,MIL,1.18
2021-10-01,MIL,2.19
2022-04-01,MIL,0.0
2022-05-01,MIL,3.34
2022-06-01,MIL,15.45
2022-07-01,MIL,9.71
2022-08-01,MIL,8.62
2022-09-01,MIL,3.01
2022-10-01,MIL,5.02
2023-04-01,MIL,3.37
2023-05-01,MIL,7.37
2023-06-01,MIL,6.73
2023-07-01,MIL,2.89
2023-08-01,MIL,2.52
2023-09-01,MIL,-1.74
2023-10-01,MIL,-3.42
2024-04-01,MIL,7.65
2024-05-01,MIL,12.16
2024-06-01,MIL,9.48
2024-07-01,MIL,10.21
2024-08-01,MIL,8.7
2024-09-01,MIL,10.3
2024-10-01,MIL,8.2
2025-04-01,MIL,8.09
2025-05-01,MIL,10.31
2025-06-01,MIL,9.21
2025-07-01,MIL,9.28
2025-08-01,MIL,4.77
2025-09-01,MIL,0.51
2025-10-01,MIL,0.78
2026-04-01,MIL,4.98
2026-05-01,MIL,9.82
2015-04-01,MIN,0.0
2015-05-01,MIN,2.48
2015-06-01,MIN,0.53
2015-07-01,MIN,0.64
2015-08-01,MIN,1.11
2015-09-01,MIN,5.79
2015-10-01,MIN,0.24
2016-04-01,MIN,0.0
2016-05-01,MIN,8.94
2016-06-01,MIN,4.46
2016-07-01,MIN,3.94
2016-08-01,MIN,5.92
2016-09-01,MIN,4.12
2016-10-01,MIN,7.97
2017-04-01,MIN,0.04
2017-05-01,MIN,-0.04
2017-06-01,MIN,-0.07
2017-07-01,MIN,-0.22
2017-08-01,MIN,1.08
2017-09-01,MIN,1.69
2017-10-01,MIN,1.36
2018-04-01,MIN,5.14
2018-05-01,MIN,13.6
2018-06-01,MIN,17.12
2018-07-01,MIN,13.08
2018-08-01,MIN,2.84
2018-09-01,MIN,11.75
2018-10-01,MIN,11.97
2019-04-01,MIN,0.4
2019-05-01,MIN,1.27
2019-06-01,MIN,5.59
2019-07-01,MIN,5.98
2019-08-01,MIN,2.86
2019-09-01,MIN,3.59
2019-10-01,MIN,-0.23
2020-04-01,MIN,0.0
2020-05-01,MIN,0.0
2020-06-01,MIN,0.0
2020-07-01,MIN,0.0
2020-08-01,MIN,8.22
2020-09-01,MIN,16.82
2020-10-01,MIN,0.0
2021-04-01,MIN,-0.15
2021-05-01,MIN,-0.03
2021-06-01,MIN,5.69
2021-07-01,MIN,2.48
2021-08-01,MIN,0.42
2021-09-01,MIN,-0.2
2021-10-01,MIN,-0.04
2022-04-01,MIN,-0.94
2022-05-01,MIN,4.95
2022-06-01,MIN,9.37
2022-07-01,MIN,0.13
2022-08-01,MIN,4.7
2022-09-01,MIN,16.41
2022-10-01,MIN,19.93
2023-04-01,MIN,3.53
2023-05-01,MIN,4.7
2023-06-01,MIN,6.06
2023-07-01,MIN,6.04
2023-08-01,MIN,3.85
2023-09-01,MIN,8.28
2023-10-01,MIN,11.98
2024-04-01,MIN,7.54
2024-05-01,MIN,5.39
2024-06-01,MIN,6.71
2024-07-01,MIN,4.71
2024-08-01,MIN,8.09
2024-09-01,MIN,9.34
2024-10-01,MIN,7.13
2025-04-01,MIN,0.23
2025-05-01,MIN,4.28
2025-06-01,MIN,0.82
2025-07-01,MIN,5.08
2025-08-01,MIN,11.82
2025-09-01,MIN,3.03
2025-10-01,MIN,0.11
2026-04-01,MIN,1.5
2026-05-01,MIN,2.53
2015-04-01,NYM,1.75
2015-05-01,NYM,3.87
2015-06-01,NYM,5.28
2015-07-01,NYM,4.54
2015-08-01,NYM,6.99
2015-09-01,NYM,5.61
2015-10-01,NYM,1.85
2016-04-01,NYM,1.52
2016-05-01,NYM,3.0
2016-06-01,NYM,5.23
2016-07-01,NYM,3.53
2016-08-01,NYM,10.25
2016-09-01,NYM,12.76
2016-10-01,NYM,9.67
2017-04-01,NYM,5.53
2017-05-01,NYM,13.77
2017-06-01,NYM,14.34
2017-07-01,NYM,11.77
2017-08-01,NYM,10.0
2017-09-01,NYM,12.89
2017-10-01,NYM,7.25
2018-04-01,NYM,10.49
2018-05-01,NYM,5.57
2018-06-01,NYM,13.15
2018-07-01,NYM,14.07
2018-08-01,NYM,11.95
2018-09-01,NYM,9.56
2018-10-01,NYM,6.58
2019-04-01,NYM,7.69
2019-05-01,NYM,7.11
2019-06-01,NYM,16.98
2019-07-01,NYM,12.12
2019-08-01,NYM,9.2
2019-09-01,NYM,7.28
2019-10-01,NYM,3.82
2020-04-01,NYM,0.0
2020-05-01,NYM,0.0
2020-06-01,NYM,0.0
2020-07-01,NYM,2.05
2020-08-01,NYM,5.2
2020-09-01,NYM,1.22
2020-10-01,NYM,-0.63
2021-04-01,NYM,3.71
2021-05-01,NYM,4.34
2021-06-01,NYM,8.61
2021-07-01,NYM,5.76
2021-08-01,NYM,5.96
2021-09-01,NYM,5.27
2021-10-01,NYM,3.28
2022-04-01,NYM,0.09
2022-05-01,NYM,4.94
2022-06-01,NYM,11.81
2022-07-01,NYM,16.07
2022-08-01,NYM,6.06
2022-09-01,NYM,1.1
2022-10-01,NYM,9.39
2023-04-01,NYM,10.84
2023-05-01,NYM,12.81
2023-06-01,NYM,4.98
2023-07-01,NYM,4.62
2023-08-01,NYM,6.43
2023-09-01,NYM,7.37
2023-10-01,NYM,17.9
2024-04-01,NYM,6.31
2024-05-01,NYM,7.98
2024-06-01,NYM,8.1
2024-07-01,NYM,3.51
2024-08-01,NYM,5.33
2024-09-01,NYM,7.76
2024-10-01,NYM,5.46
2025-04-01,NYM,9.32
2025-05-01,NYM,10.41
2025-06-01,NYM,12.18
2025-07-01,NYM,14.57
2025-08-01,NYM,6.75
2025-09-01,NYM,9.85
2025-10-01,NYM,5.32
2026-04-01,NYM,0.86
2026-05-01,NYM,13.03
2015-04-01,NYY,-1.41
2015-05-01,NYY,1.91
2015-06-01,NYY,5.79
2015-07-01,NYY,2.64
2015-08-01,NYY,0.89
2015-09-01,NYY,-1.67
2015-10-01,NYY,-1.02
2016-04-01,NYY,0.3
2016-05-01,NYY,0.89
2016-06-01,NYY,1.2
2016-07-01,NYY,-0.09
2016-08-01,NYY,-0.21
2016-09-01,NYY,4.03
2016-10-01,NYY,2.81
2017-04-01,NYY,2.19
2017-05-01,NYY,3.15
2017-06-01,NYY,3.53
2017-07-01,NYY,5.25
2017-08-01,NYY,3.39
2017-09-01,NYY,2.07
2017-10-01,NYY,1.73
2018-04-01,NYY,6.06
2018-05-01,NYY,6.97
2018-06-01,NYY,6.47
2018-07-01,NYY,11.13
2018-08-01,NYY,20.24
2018-09-01,NYY,18.25
2018-10-01,NYY,4.87
2019-04-01,NYY,24.58
2019-05-01,NYY,31.66
2019-06-01,NYY,30.93
2019-07-01,NYY,19.73
2019-08-01,NYY,24.97
2019-09-01,NYY,26.06
2019-10-01,NYY,10.97
2020-04-01,NYY,0.0
2020-05-01,NYY,0.0
2020-06-01,NYY,0.0
2020-07-01,NYY,0.61
2020-08-01,NYY,3.5
2020-09-01,NYY,12.61
2020-10-01,NYY,4.0
2021-04-01,NYY,2.43
2021-05-01,NYY,3.34
2021-06-01,NYY,4.6
2021-07-01,NYY,4.03
2021-08-01,NYY,9.53
2021-09-01,NYY,6.13
2021-10-01,NYY,5.86
2022-04-01,NYY,0.94
2022-05-01,NYY,0.93
2022-06-01,NYY,13.48
2022-07-01,NYY,6.57
2022-08-01,NYY,6.77
2022-09-01,NYY,11.72
2022-10-01,NYY,10.3
2023-04-01,NYY,9.39
2023-05-01,NYY,23.31
2023-06-01,NYY,7.73
2023-07-01,NYY,21.67
2023-08-01,NYY,10.24
2023-09-01,NYY,9.91
2023-10-01,NYY,11.9
2024-04-01,NYY,10.45
2024-05-01,NYY,13.16
2024-06-01,NYY,11.88
2024-07-01,NYY,5.84
2024-08-01,NYY,5.86
2024-09-01,NYY,4.75
2024-10-01,NYY,0.21
2025-04-01,NYY,7.38
2025-05-01,NYY,8.52
2025-06-01,NYY,13.23
2025-07-01,NYY,8.86
2025-08-01,NYY,20.75
2025-09-01,NYY,5.93
2025-10-01,NYY,5.79
2026-04-01,NYY,9.79
2026-05-01,NYY,10.95
2015-04-01,OAK,2.97
2015-05-01,OAK,7.37
2015-06-01,OAK,4.37
2015-07-01,OAK,2.22
2015-08-01,OAK,3.17
2015-09-01,OAK,1.27
2015-10-01,OAK,2.5
2016-04-01,OAK,1.2
2016-05-01,OAK,4.22
2016-06-01,OAK,15.77
2016-07-01,OAK,6.66
2016-08-01,OAK,6.35
2016-09-01,OAK,13.07
2016-10-01,OAK,7.6
2017-04-01,OAK,-0.53
2017-05-01,OAK,6.55
2017-06-01,OAK,8.97
2017-07-01,OAK,8.37
2017-08-01,OAK,3.44
2017-09-01,OAK,0.47
2017-10-01,OAK,0.47
2018-04-01,OAK,-0.06
2018-05-01,OAK,3.09
2018-06-01,OAK,3.02
2018-07-01,OAK,4.53
2018-08-01,OAK,3.04
2018-09-01,OAK,2.71
2018-10-01,OAK,3.17
2019-04-01,OAK,8.7
2019-05-01,OAK,10.22
2019-06-01,OAK,3.12
2019-07-01,OAK,10.7
2019-08-01,OAK,8.91
2019-09-01,OAK,5.21
2019-10-01,OAK,0.01
2020-04-01,OAK,0.63
2020-05-01,OAK,0.63
2020-06-01,OAK,0.63
2020-07-01,OAK,0.63
2020-08-01,OAK,0.47
2020-09-01,OAK,0.41
2020-10-01,OAK,0.41
2021-04-01,OAK,1.66
2021-05-01,OAK,1.58
2021-06-01,OAK,3.45
2021-07-01,OAK,2.62
2021-08-01,OAK,0.99
2021-09-01,OAK,4.29
2021-10-01,OAK,1.09
2022-04-01,OAK,0.0
2022-05-01,OAK,0.67
2022-06-01,OAK,-0.94
2022-07-01,OAK,0.57
2022-08-01,OAK,0.57
2022-09-01,OAK,2.3
2022-10-01,OAK,3.93
2023-04-01,OAK,0.52
2023-05-01,OAK,3.03
2023-06-01,OAK,0.46
2023-07-01,OAK,4.35
2023-08-01,OAK,4.07
2023-09-01,OAK,2.29
2023-10-01,OAK,1.66
2024-04-01,OAK,-0.32
2024-05-01,OAK,3.08
2024-06-01,OAK,1.98
2024-07-01,OAK,1.53
2024-08-01,OAK,0.6
2024-09-01,OAK,-0.92
2024-10-01,OAK,0.65
2025-04-01,OAK,2.19
2025-05-01,OAK,3.05
2025-06-01,OAK,3.84
2025-07-01,OAK,2.71
2025-08-01,OAK,3.54
2025-09-01,OAK,4.45
2025-10-01,OAK,0.85
2026-04-01,OAK,-0.12
2026-05-01,OAK,4.48
2015-04-01,PHI,-0.72
2015-05-01,PHI,0.27
2015-06-01,PHI,0.51
2015-07-01,PHI,4.42
2015-08-01,PHI,4.41
2015-09-01,PHI,0.3
2015-10-01,PHI,0.06
2016-04-01,PHI,-0.63
2016-05-01,PHI,0.88
2016-06-01,PHI,0.85
2016-07-01,PHI,1.39
2016-08-01,PHI,0.86
2016-09-01,PHI,1.72
2016-10-01,PHI,0.28
2017-04-01,PHI,-0.06
2017-05-01,PHI,0.7
2017-06-01,PHI,2.16
2017-07-01,PHI,8.82
2017-08-01,PHI,-1.17
2017-09-01,PHI,9.85
2017-10-01,PHI,4.38
2018-04-01,PHI,4.72
2018-05-01,PHI,6.18
2018-06-01,PHI,7.25
2018-07-01,PHI,5.25
2018-08-01,PHI,2.41
2018-09-01,PHI,4.21
2018-10-01,PHI,0.0
2019-04-01,PHI,1.74
2019-05-01,PHI,2.09
2019-06-01,PHI,6.32
2019-07-01,PHI,7.99
2019-08-01,PHI,10.41
2019-09-01,PHI,12.87
2019-10-01,PHI,16.02
2020-04-01,PHI,-0.03
2020-05-01,PHI,-0.03
2020-06-01,PHI,-0.03
2020-07-01,PHI,5.42
2020-08-01,PHI,0.77
2020-09-01,PHI,3.72
2020-10-01,PHI,0.72
2021-04-01,PHI,-0.01
2021-05-01,PHI,1.85
2021-06-01,PHI,2.54
2021-07-01,PHI,-0.77
2021-08-01,PHI,0.11
2021-09-01,PHI,2.37
2021-10-01,PHI,2.99
2022-04-01,PHI,0.12
2022-05-01,PHI,0.04
2022-06-01,PHI,4.21
2022-07-01,PHI,18.25
2022-08-01,PHI,11.81
2022-09-01,PHI,9.76
2022-10-01,PHI,3.67
2023-04-01,PHI,7.82
2023-05-01,PHI,7.46
2023-06-01,PHI,3.56
2023-07-01,PHI,4.22
2023-08-01,PHI,2.95
2023-09-01,PHI,3.03
2023-10-01,PHI,2.98
2024-04-01,PHI,3.95
2024-05-01,PHI,0.97
2024-06-01,PHI,4.48
2024-07-01,PHI,11.08
2024-08-01,PHI,5.62
2024-09-01,PHI,0.19
2024-10-01,PHI,-0.25
2025-04-01,PHI,3.59
2025-05-01,PHI,6.44
2025-06-01,PHI,3.98
2025-07-01,PHI,3.98
2025-08-01,PHI,7.3
2025-09-01,PHI,6.18
2025-10-01,PHI,6.57
2026-04-01,PHI,6.25
2026-05-01,PHI,5.32
2015-04-01,PIT,-0.34
2015-05-01,PIT,-0.78
2015-06-01,PIT,-0.68
2015-07-01,PIT,-1.15
2015-08-01,PIT,6.76
2015-09-01,PIT,-1.18
2015-10-01,PIT,-1.4
2016-04-01,PIT,5.22
2016-05-01,PIT,4.01
2016-06-01,PIT,-0.01
2016-07-01,PIT,7.53
2016-08-01,PIT,0.05
2016-09-01,PIT,8.97
2016-10-01,PIT,10.97
2017-04-01,PIT,0.0
2017-05-01,PIT,2.06
2017-06-01,PIT,1.72
2017-07-01,PIT,1.6
2017-08-01,PIT,1.72
2017-09-01,PIT,4.52
2017-10-01,PIT,3.46
2018-04-01,PIT,0.96
2018-05-01,PIT,4.99
2018-06-01,PIT,2.91
2018-07-01,PIT,2.08
2018-08-01,PIT,5.06
2018-09-01,PIT,0.54
2018-10-01,PIT,0.76
2019-04-01,PIT,4.66
2019-05-01,PIT,5.46
2019-06-01,PIT,14.78
2019-07-01,PIT,11.97
2019-08-01,PIT,9.8
2019-09-01,PIT,8.07
2019-10-01,PIT,9.96
2020-04-01,PIT,0.29
2020-05-01,PIT,0.29
2020-06-01,PIT,0.29
2020-07-01,PIT,0.72
2020-08-01,PIT,0.02
2020-09-01,PIT,1.2
2020-10-01,PIT,0.67
2021-04-01,PIT,0.56
2021-05-01,PIT,1.76
2021-06-01,PIT,3.53
2021-07-01,PIT,1.8
2021-08-01,PIT,1.61
2021-09-01,PIT,-1.05
2021-10-01,PIT,2.66
2022-04-01,PIT,-0.06
2022-05-01,PIT,1.41
2022-06-01,PIT,-0.39
2022-07-01,PIT,1.25
2022-08-01,PIT,1.37
2022-09-01,PIT,2.06
2022-10-01,PIT,-0.25
2023-04-01,PIT,0.52
2023-05-01,PIT,2.96
2023-06-01,PIT,3.48
2023-07-01,PIT,10.81
2023-08-01,PIT,2.79
2023-09-01,PIT,1.78
2023-10-01,PIT,4.08
2024-04-01,PIT,3.99
2024-05-01,PIT,3.42
2024-06-01,PIT,3.86
2024-07-01,PIT,6.04
2024-08-01,PIT,4.64
2024-09-01,PIT,6.29
2024-10-01,PIT,2.82
2025-04-01,PIT,6.7
2025-05-01,PIT,7.6
2025-06-01,PIT,2.85
2025-07-01,PIT,0.99
2025-08-01,PIT,0.69
2025-09-01,PIT,-2.03
2025-10-01,PIT,1.3
2026-04-01,PIT,1.64
2026-05-01,PIT,3.91
2015-04-01,SDP,1.17
2015-05-01,SDP,-0.86
2015-06-01,SDP,-0.59
2015-07-01,SDP,-0.54
2015-08-01,SDP,-1.0
2015-09-01,SDP,-1.81
2015-10-01,SDP,0.42
2016-04-01,SDP,0.04
2016-05-01,SDP,9.11
2016-06-01,SDP,5.29
2016-07-01,SDP,4.57
2016-08-01,SDP,7.19
2016-09-01,SDP,6.67
2016-10-01,SDP,8.02
2017-04-01,SDP,2.43
2017-05-01,SDP,2.09
2017-06-01,SDP,4.07
2017-07-01,SDP,3.86
2017-08-01,SDP,1.08
2017-09-01,SDP,0.47
2017-10-01,SDP,2.65
2018-04-01,SDP,0.91
2018-05-01,SDP,4.29
2018-06-01,SDP,3.8
2018-07-01,SDP,-0.58
2018-08-01,SDP,1.82
2018-09-01,SDP,3.43
2018-10-01,SDP,3.02
2019-04-01,SDP,0.78
2019-05-01,SDP,0.28
2019-06-01,SDP,0.28
2019-07-01,SDP,2.02
2019-08-01,SDP,0.78
2019-09-01,SDP,3.82
2019-10-01,SDP,2.47
2020-04-01,SDP,0.0
2020-05-01,SDP,0.0
2020-06-01,SDP,0.0
2020-07-01,SDP,0.24
2020-08-01,SDP,-0.5
2020-09-01,SDP,9.23
2020-10-01,SDP,2.61
2021-04-01,SDP,7.15
2021-05-01,SDP,2.98
2021-06-01,SDP,5.16
2021-07-01,SDP,5.09
2021-08-01,SDP,5.78
2021-09-01,SDP,2.53
2021-10-01,SDP,7.24
2022-04-01,SDP,0.9
2022-05-01,SDP,10.71
2022-06-01,SDP,10.24
2022-07-01,SDP,9.74
2022-08-01,SDP,10.06
2022-09-01,SDP,4.32
2022-10-01,SDP,2.28
2023-04-01,SDP,10.5
2023-05-01,SDP,7.38
2023-06-01,SDP,16.26
2023-07-01,SDP,7.58
2023-08-01,SDP,12.14
2023-09-01,SDP,13.72
2023-10-01,SDP,16.93
2024-04-01,SDP,-0.76
2024-05-01,SDP,-0.76
2024-06-01,SDP,6.54
2024-07-01,SDP,14.64
2024-08-01,SDP,8.38
2024-09-01,SDP,11.14
2024-10-01,SDP,0.21
2025-04-01,SDP,6.61
2025-05-01,SDP,12.71
2025-06-01,SDP,10.34
2025-07-01,SDP,8.27
2025-08-01,SDP,8.31
2025-09-01,SDP,6.8
2025-10-01,SDP,4.09
2026-04-01,SDP,5.32
2026-05-01,SDP,9.45
2015-04-01,SEA,3.58
2015-05-01,SEA,3.99
2015-06-01,SEA,3.69
2015-07-01,SEA,3.69
2015-08-01,SEA,1.6
2015-09-01,SEA,2.59
2015-10-01,SEA,0.3
2016-04-01,SEA,-1.08
2016-05-01,SEA,0.79
2016-06-01,SEA,7.01
2016-07-01,SEA,4.59
2016-08-01,SEA,6.22
2016-09-01,SEA,3.87
2016-10-01,SEA,2.08
2017-04-01,SEA,1.59
2017-05-01,SEA,3.71
2017-06-01,SEA,3.66
2017-07-01,SEA,2.6
2017-08-01,SEA,2.46
2017-09-01,SEA,8.11
2017-10-01,SEA,5.33
2018-04-01,SEA,9.95
2018-05-01,SEA,1.19
2018-06-01,SEA,1.77
2018-07-01,SEA,1.19
2018-08-01,SEA,1.2
2018-09-01,SEA,3.12
2018-10-01,SEA,3.29
2019-04-01,SEA,1.31
2019-05-01,SEA,3.44
2019-06-01,SEA,0.46
2019-07-01,SEA,7.03
2019-08-01,SEA,8.51
2019-09-01,SEA,9.39
2019-10-01,SEA,1.75
2020-04-01,SEA,0.6
2020-05-01,SEA,0.6
2020-06-01,SEA,0.6
2020-07-01,SEA,2.18
2020-08-01,SEA,4.36
2020-09-01,SEA,3.6
2020-10-01,SEA,3.38
2021-04-01,SEA,1.59
2021-05-01,SEA,1.2
2021-06-01,SEA,2.19
2021-07-01,SEA,1.05
2021-08-01,SEA,2.33
2021-09-01,SEA,2.53
2021-10-01,SEA,1.47
2022-04-01,SEA,0.0
2022-05-01,SEA,4.65
2022-06-01,SEA,5.4
2022-07-01,SEA,10.17
2022-08-01,SEA,6.76
2022-09-01,SEA,3.92
2022-10-01,SEA,3.02
2023-04-01,SEA,5.19
2023-05-01,SEA,6.3
2023-06-01,SEA,7.36
2023-07-01,SEA,4.48
2023-08-01,SEA,2.14
2023-09-01,SEA,2.66
2023-10-01,SEA,2.95
2024-04-01,SEA,1.5
2024-05-01,SEA,6.87
2024-06-01,SEA,3.84
2024-07-01,SEA,2.46
2024-08-01,SEA,11.95
2024-09-01,SEA,1.31
2024-10-01,SEA,0.12
2025-04-01,SEA,2.87
2025-05-01,SEA,14.39
2025-06-01,SEA,9.88
2025-07-01,SEA,7.94
2025-08-01,SEA,10.41
2025-09-01,SEA,0.09
2025-10-01,SEA,0.65
2026-04-01,SEA,3.09
2026-05-01,SEA,1.4
2015-04-01,SFG,4.22
2015-05-01,SFG,5.66
2015-06-01,SFG,1.44
2015-07-01,SFG,5.83
2015-08-01,SFG,-0.2
2015-09-01,SFG,7.21
2015-10-01,SFG,6.27
2016-04-01,SFG,1.75
2016-05-01,SFG,4.38
2016-06-01,SFG,-0.07
2016-07-01,SFG,9.47
2016-08-01,SFG,3.55
2016-09-01,SFG,3.45
2016-10-01,SFG,1.34
2017-04-01,SFG,0.58
2017-05-01,SFG,14.55
2017-06-01,SFG,9.19
2017-07-01,SFG,11.46
2017-08-01,SFG,8.37
2017-09-01,SFG,4.09
2017-10-01,SFG,4.09
2018-04-01,SFG,6.22
2018-05-01,SFG,6.79
2018-06-01,SFG,7.43
2018-07-01,SFG,9.26
2018-08-01,SFG,7.48
2018-09-01,SFG,6.94
2018-10-01,SFG,6.94
2019-04-01,SFG,1.25
2019-05-01,SFG,3.34
2019-06-01,SFG,1.28
2019-07-01,SFG,2.44
2019-08-01,SFG,2.87
2019-09-01,SFG,1.95
2019-10-01,SFG,4.48
2020-04-01,SFG,0.68
2020-05-01,SFG,0.68
2020-06-01,SFG,0.68
2020-07-01,SFG,0.85
2020-08-01,SFG,2.6
2020-09-01,SFG,5.5
2020-10-01,SFG,1.89
2021-04-01,SFG,0.56
2021-05-01,SFG,6.97
2021-06-01,SFG,5.77
2021-07-01,SFG,4.59
2021-08-01,SFG,5.15
2021-09-01,SFG,0.77
2021-10-01,SFG,1.7
2022-04-01,SFG,1.48
2022-05-01,SFG,18.82
2022-06-01,SFG,13.02
2022-07-01,SFG,12.86
2022-08-01,SFG,13.46
2022-09-01,SFG,7.74
2022-10-01,SFG,8.21
2023-04-01,SFG,6.94
2023-05-01,SFG,5.13
2023-06-01,SFG,7.76
2023-07-01,SFG,8.73
2023-08-01,SFG,7.85
2023-09-01,SFG,5.89
2023-10-01,SFG,7.81
2024-04-01,SFG,2.94
2024-05-01,SFG,9.58
2024-06-01,SFG,8.02
2024-07-01,SFG,19.2
2024-08-01,SFG,7.71
2024-09-01,SFG,4.75
2024-10-01,SFG,4.12
2025-04-01,SFG,-0.35
2025-05-01,SFG,2.52
2025-06-01,SFG,-0.6
2025-07-01,SFG,6.91
2025-08-01,SFG,0.71
2025-09-01,SFG,0.52
2025-10-01,SFG,-0.21
2026-04-01,SFG,3.42
2026-05-01,SFG,7.82
2015-04-01,STL,0.34
2015-05-01,STL,7.71
2015-06-01,STL,9.43
2015-07-01,STL,16.14
2015-08-01,STL,15.75
2015-09-01,STL,15.87
2015-10-01,STL,1.02
2016-04-01,STL,2.23
2016-05-01,STL,7.12
2016-06-01,STL,4.93
2016-07-01,STL,6.09
2016-08-01,STL,13.16
2016-09-01,STL,13.41
2016-10-01,STL,3.73
2017-04-01,STL,4.62
2017-05-01,STL,3.56
2017-06-01,STL,5.62
2017-07-01,STL,11.34
2017-08-01,STL,8.19
2017-09-01,STL,6.92
2017-10-01,STL,2.13
2018-04-01,STL,3.47
2018-05-01,STL,4.49
2018-06-01,STL,14.23
2018-07-01,STL,10.32
2018-08-01,STL,11.67
2018-09-01,STL,10.42
2018-10-01,STL,5.08
2019-04-01,STL,1.85
2019-05-01,STL,1.04
2019-06-01,STL,0.46
2019-07-01,STL,7.6
2019-08-01,STL,9.29
2019-09-01,STL,-0.33
2019-10-01,STL,-0.33
2020-04-01,STL,0.53
2020-05-01,STL,0.53
2020-06-01,STL,0.53
2020-07-01,STL,1.29
2020-08-01,STL,3.75
2020-09-01,STL,1.23
2020-10-01,STL,4.56
2021-04-01,STL,3.92
2021-05-01,STL,2.75
2021-06-01,STL,3.39
2021-07-01,STL,1.59
2021-08-01,STL,0.37
2021-09-01,STL,-1.32
2021-10-01,STL,-1.97
2022-04-01,STL,0.68
2022-05-01,STL,1.36
2022-06-01,STL,13.09
2022-07-01,STL,17.1
2022-08-01,STL,3.05
2022-09-01,STL,1.77
2022-10-01,STL,7.02
2023-04-01,STL,4.65
2023-05-01,STL,2.05
2023-06-01,STL,5.93
2023-07-01,STL,4.61
2023-08-01,STL,7.55
2023-09-01,STL,5.04
2023-10-01,STL,19.66
2024-04-01,STL,11.33
2024-05-01,STL,4.42
2024-06-01,STL,10.48
2024-07-01,STL,7.55
2024-08-01,STL,1.02
2024-09-01,STL,2.36
2024-10-01,STL,-0.09
2025-04-01,STL,-0.66
2025-05-01,STL,1.11
2025-06-01,STL,-1.49
2025-07-01,STL,0.28
2025-08-01,STL,4.37
2025-09-01,STL,6.93
2025-10-01,STL,-0.66
2026-04-01,STL,1.09
2026-05-01,STL,0.64
2015-04-01,TBR,11.2
2015-05-01,TBR,12.24
2015-06-01,TBR,15.07
2015-07-01,TBR,16.17
2015-08-01,TBR,11.51
2015-09-01,TBR,10.33
2015-10-01,TBR,7.71
2016-04-01,TBR,0.39
2016-05-01,TBR,4.52
2016-06-01,TBR,16.6
2016-07-01,TBR,15.23
2016-08-01,TBR,9.91
2016-09-01,TBR,0.0
2016-10-01,TBR,5.88
2017-04-01,TBR,6.54
2017-05-01,TBR,7.64
2017-06-01,TBR,6.35
2017-07-01,TBR,10.9
2017-08-01,TBR,10.93
2017-09-01,TBR,1.52
2017-10-01,TBR,0.96
2018-04-01,TBR,1.09
2018-05-01,TBR,5.86
2018-06-01,TBR,6.44
2018-07-01,TBR,2.55
2018-08-01,TBR,0.91
2018-09-01,TBR,0.81
2018-10-01,TBR,-0.46
2019-04-01,TBR,7.83
2019-05-01,TBR,7.51
2019-06-01,TBR,9.24
2019-07-01,TBR,7.82
2019-08-01,TBR,15.16
2019-09-01,TBR,11.39
2019-10-01,TBR,1.03
2020-04-01,TBR,0.0
2020-05-01,TBR,0.0
2020-06-01,TBR,0.0
2020-07-01,TBR,0.0
2020-08-01,TBR,4.42
2020-09-01,TBR,12.67
2020-10-01,TBR,2.42
2021-04-01,TBR,1.79
2021-05-01,TBR,3.86
2021-06-01,TBR,2.64
2021-07-01,TBR,4.01
2021-08-01,TBR,4.33
2021-09-01,TBR,4.28
2021-10-01,TBR,2.69
2022-04-01,TBR,2.69
2022-05-01,TBR,5.23
2022-06-01,TBR,15.39
2022-07-01,TBR,17.16
2022-08-01,TBR,22.53
2022-09-01,TBR,23.85
2022-10-01,TBR,15.02
2023-04-01,TBR,0.92
2023-05-01,TBR,5.99
2023-06-01,TBR,8.9
2023-07-01,TBR,10.95
2023-08-01,TBR,9.06
2023-09-01,TBR,15.39
2023-10-01,TBR,16.24
2024-04-01,TBR,10.78
2024-05-01,TBR,16.4
2024-06-01,TBR,15.87
2024-07-01,TBR,5.03
2024-08-01,TBR,6.06
2024-09-01,TBR,6.66
2024-10-01,TBR,2.82
2025-04-01,TBR,8.53
2025-05-01,TBR,10.28
2025-06-01,TBR,8.66
2025-07-01,TBR,9.4
2025-08-01,TBR,7.94
2025-09-01,TBR,8.65
2025-10-01,TBR,7.89
2026-04-01,TBR,9.0
2026-05-01,TBR,5.86
2015-04-01,TEX,1.55
2015-05-01,TEX,9.05
2015-06-01,TEX,17.21
2015-07-01,TEX,9.7
2015-08-01,TEX,10.47
2015-09-01,TEX,8.55
2015-10-01,TEX,5.98
2016-04-01,TEX,4.11
2016-05-01,TEX,10.9
2016-06-01,TEX,6.45
2016-07-01,TEX,6.43
2016-08-01,TEX,6.19
2016-09-01,TEX,6.88
2016-10-01,TEX,3.03
2017-04-01,TEX,5.04
2017-05-01,TEX,9.97
2017-06-01,TEX,3.6
2017-07-01,TEX,4.25
2017-08-01,TEX,-1.99
2017-09-01,TEX,5.87
2017-10-01,TEX,-2.72
2018-04-01,TEX,1.97
2018-05-01,TEX,8.98
2018-06-01,TEX,6.13
2018-07-01,TEX,0.86
2018-08-01,TEX,-1.88
2018-09-01,TEX,-1.46
2018-10-01,TEX,-1.14
2019-04-01,TEX,-0.9
2019-05-01,TEX,0.4
2019-06-01,TEX,-0.86
2019-07-01,TEX,1.26
2019-08-01,TEX,4.85
2019-09-01,TEX,5.25
2019-10-01,TEX,6.29
2020-04-01,TEX,0.0
2020-05-01,TEX,0.0
2020-06-01,TEX,0.0
2020-07-01,TEX,-0.1
2020-08-01,TEX,3.74
2020-09-01,TEX,4.11
2020-10-01,TEX,0.84
2021-04-01,TEX,0.75
2021-05-01,TEX,2.29
2021-06-01,TEX,1.75
2021-07-01,TEX,2.35
2021-08-01,TEX,1.24
2021-09-01,TEX,0.19
2021-10-01,TEX,2.19
2022-04-01,TEX,0.74
2022-05-01,TEX,2.16
2022-06-01,TEX,0.6
2022-07-01,TEX,0.0
2022-08-01,TEX,3.03
2022-09-01,TEX,2.65
2022-10-01,TEX,4.35
2023-04-01,TEX,-0.35
2023-05-01,TEX,5.13
2023-06-01,TEX,0.34
2023-07-01,TEX,2.24
2023-08-01,TEX,9.03
2023-09-01,TEX,1.26
2023-10-01,TEX,5.13
2024-04-01,TEX,8.48
2024-05-01,TEX,8.22
2024-06-01,TEX,10.83
2024-07-01,TEX,6.2
2024-08-01,TEX,6.97
2024-09-01,TEX,4.82
2024-10-01,TEX,10.4
2025-04-01,TEX,1.76
2025-05-01,TEX,7.64
2025-06-01,TEX,6.51
2025-07-01,TEX,8.91
2025-08-01,TEX,2.65
2025-09-01,TEX,13.42
2025-10-01,TEX,7.61
2026-04-01,TEX,-0.67
2026-05-01,TEX,4.94
2015-04-01,TOR,2.59
2015-05-01,TOR,7.74
2015-06-01,TOR,6.84
2015-07-01,TOR,5.82
2015-08-01,TOR,4.39
2015-09-01,TOR,4.39
2015-10-01,TOR,2.59
2016-04-01,TOR,5.77
2016-05-01,TOR,2.74
2016-06-01,TOR,4.71
2016-07-01,TOR,5.86
2016-08-01,TOR,-0.54
2016-09-01,TOR,0.24
2016-10-01,TOR,0.24
2017-04-01,TOR,1.95
2017-05-01,TOR,20.16
2017-06-01,TOR,7.38
2017-07-01,TOR,6.8
2017-08-01,TOR,9.71
2017-09-01,TOR,12.14
2017-10-01,TOR,10.09
2018-04-01,TOR,1.08
2018-05-01,TOR,6.06
2018-06-01,TOR,11.06
2018-07-01,TOR,8.94
2018-08-01,TOR,8.17
2018-09-01,TOR,8.77
2018-10-01,TOR,2.52
2019-04-01,TOR,5.47
2019-05-01,TOR,2.06
2019-06-01,TOR,7.51
2019-07-01,TOR,7.93
2019-08-01,TOR,6.41
2019-09-01,TOR,2.82
2019-10-01,TOR,3.47
2020-04-01,TOR,-0.11
2020-05-01,TOR,-0.11
2020-06-01,TOR,-0.11
2020-07-01,TOR,-1.09
2020-08-01,TOR,3.87
2020-09-01,TOR,6.6
2020-10-01,TOR,3.56
2021-04-01,TOR,2.27
2021-05-01,TOR,3.2
2021-06-01,TOR,6.8
2021-07-01,TOR,4.17
2021-08-01,TOR,1.52
2021-09-01,TOR,2.98
2021-10-01,TOR,0.73
2022-04-01,TOR,0.0
2022-05-01,TOR,7.09
2022-06-01,TOR,1.09
2022-07-01,TOR,5.05
2022-08-01,TOR,3.13
2022-09-01,TOR,2.24
2022-10-01,TOR,6.92
2023-04-01,TOR,-1.06
2023-05-01,TOR,-0.21
2023-06-01,TOR,4.94
2023-07-01,TOR,1.34
2023-08-01,TOR,7.76
2023-09-01,TOR,10.25
2023-10-01,TOR,4.04
2024-04-01,TOR,4.15
2024-05-01,TOR,3.32
2024-06-01,TOR,2.02
2024-07-01,TOR,1.1
2024-08-01,TOR,5.71
2024-09-01,TOR,5.71
2024-10-01,TOR,4.67
2025-04-01,TOR,4.62
2025-05-01,TOR,-0.28
2025-06-01,TOR,11.98
2025-07-01,TOR,9.35
2025-08-01,TOR,9.14
2025-09-01,TOR,4.45
2025-10-01,TOR,2.09
2026-04-01,TOR,1.62
2026-05-01,TOR,5.67
2015-04-01,WSN,14.3
2015-05-01,WSN,5.64
2015-06-01,WSN,17.06
2015-07-01,WSN,10.48
2015-08-01,WSN,6.88
2015-09-01,WSN,4.16
2015-10-01,WSN,4.4
2016-04-01,WSN,-0.02
2016-05-01,WSN,3.72
2016-06-01,WSN,0.74
2016-07-01,WSN,3.18
2016-08-01,WSN,1.24
2016-09-01,WSN,3.16
2016-10-01,WSN,-0.02
2017-04-01,WSN,0.0
2017-05-01,WSN,8.58
2017-06-01,WSN,9.55
2017-07-01,WSN,11.52
2017-08-01,WSN,17.74
2017-09-01,WSN,10.7
2017-10-01,WSN,9.64
2018-04-01,WSN,3.54
2018-05-01,WSN,9.96
2018-06-01,WSN,7.27
2018-07-01,WSN,9.88
2018-08-01,WSN,9.03
2018-09-01,WSN,2.08
2018-10-01,WSN,1.21
2019-04-01,WSN,2.04
2019-05-01,WSN,15.66
2019-06-01,WSN,4.28
2019-07-01,WSN,2.11
2019-08-01,WSN,12.01
2019-09-01,WSN,0.58
2019-10-01,WSN,0.99
2020-04-01,WSN,0.0
2020-05-01,WSN,0.0
2020-06-01,WSN,0.0
2020-07-01,WSN,0.0
2020-08-01,WSN,7.06
2020-09-01,WSN,6.66
2020-10-01,WSN,6.66
2021-04-01,WSN,0.38
2021-05-01,WSN,3.05
2021-06-01,WSN,1.95
2021-07-01,WSN,4.26
2021-08-01,WSN,0.78
2021-09-01,WSN,-0.08
2021-10-01,WSN,1.34
2022-04-01,WSN,0.25
2022-05-01,WSN,0.69
2022-06-01,WSN,2.81
2022-07-01,WSN,1.54
2022-08-01,WSN,-1.26
2022-09-01,WSN,-0.2
2022-10-01,WSN,0.33
2023-04-01,WSN,-2.13
2023-05-01,WSN,-0.83
2023-06-01,WSN,0.64
2023-07-01,WSN,1.85
2023-08-01,WSN,3.47
2023-09-01,WSN,2.45
2023-10-01,WSN,2.43
2024-04-01,WSN,0.88
2024-05-01,WSN,6.33
2024-06-01,WSN,2.11
2024-07-01,WSN,2.61
2024-08-01,WSN,3.32
2024-09-01,WSN,3.89
2024-10-01,WSN,2.0
2025-04-01,WSN,2.12
2025-05-01,WSN,3.15
2025-06-01,WSN,5.87
2025-07-01,WSN,3.3
2025-08-01,WSN,5.3
2025-09-01,WSN,5.84
2025-10-01,WSN,4.99
2026-04-01,WSN,-0.43
2026-05-01,WSN,0.3
