date,home,away,home_sp,away_sp,model_home_prob,vegas_home_prob,pick,home_score,away_score,home_win,model_correct
2026-04-29,CLE,TBR,Gavin Williams,Drew Rasmussen,0.3944,0.5211,TBR,3.0,1.0,1.0,False
2026-04-29,CHW,LAA,Erick Fedde,Yusei Kikuchi,0.4425,0.4774,LAA,3.0,2.0,1.0,False
2026-04-29,MIN,SEA,Taj Bradley,George Kirby,0.4289,0.456,SEA,3.0,5.0,0.0,True
2026-04-29,TEX,NYY,Nathan Eovaldi,Elmer Rodríguez,0.4779,0.4789,NYY,3.0,0.0,1.0,False
2026-04-29,TOR,BOS,Eric Lauer,Brayan Bello,0.602,0.5426,TOR,8.0,1.0,1.0,True
2026-04-29,LAD,MIA,Tyler Glasnow,Sandy Alcantara,0.5848,0.6644,LAD,2.0,3.0,0.0,False
2026-04-29,SDP,CHC,Matt Waldron,Jameson Taillon,0.4857,0.4964,CHC,4.0,5.0,0.0,True
2026-04-29,CIN,COL,Brandon Williamson,Tomoyuki Sugano,0.4755,0.5771,COL,2.0,13.0,0.0,True
2026-04-29,PIT,STL,Bubba Chandler,Andre Pallante,0.4626,0.5723,STL,4.0,5.0,0.0,True
2026-04-29,NYM,WSN,David Peterson,Cade Cavalli,0.4914,0.5951,WSN,2.0,14.0,0.0,True
2026-04-29,ATL,DET,JR Ritchie,Tarik Skubal,0.4593,0.4289,DET,4.0,3.0,1.0,False
2026-04-29,MIL,ARI,Brandon Sproat,Eduardo Rodriguez,0.4373,0.5275,ARI,2.0,6.0,0.0,True
2026-04-29,OAK,KCR,Luis Severino,Michael Wacha,0.5071,0.5261,OAK,,,,
2026-04-29,PHI,SFG,Cristopher Sánchez,Logan Webb,0.6075,0.5705,PHI,,,,
2026-04-29,BAL,HOU,Chris Bassitt,Peter Lambert,0.5105,0.5275,BAL,,,,
2026-04-30,ATL,DET,Bryce Elder,Framber Valdez,0.4857,0.5373,DET,2.0,5.0,0.0,True
2026-04-30,BAL,HOU,Chris Bassitt,Lance McCullers Jr.,0.5537,0.5311,BAL,10.0,3.0,1.0,False
2026-04-30,BAL,HOU,Brandon Young,TBD,0.5534,0.5311,BAL,10.0,3.0,1.0,False
2026-04-30,PIT,STL,Paul Skenes,Hunter Dobbins,0.6432,0.6646,PIT,5.0,10.0,0.0,False
2026-04-30,PHI,SFG,Cristopher Sánchez,Logan Webb,0.6075,0.567,PHI,3.0,2.0,1.0,True
2026-04-30,PHI,SFG,TBD,TBD,0.5943,0.567,PHI,3.0,2.0,1.0,True
2026-04-30,CIN,COL,Andrew Abbott,Michael Lorenzen,0.5967,0.6066,CIN,6.0,4.0,1.0,True
2026-04-30,NYM,WSN,Freddy Peralta,Miles Mikolas,0.6828,0.6515,NYM,4.0,5.0,0.0,False
2026-04-30,MIL,ARI,Brandon Woodruff,Michael Soroka,0.5861,0.5325,MIL,13.0,1.0,1.0,True
2026-04-30,OAK,KCR,Jeffrey Springs,Noah Cameron,0.5921,0.5339,OAK,6.0,3.0,1.0,True
2026-04-30,MIN,TOR,Bailey Ober,Kevin Gausman,0.45,0.4473,TOR,,,,
2026-05-01,CHC,ARI,Colin Rea,Zac Gallen,0.5534,0.5535,CHC,6.0,5.0,1.0,True
2026-05-01,DET,TEX,Jack Flaherty,MacKenzie Gore,0.5567,0.5167,DET,4.0,5.0,0.0,False
2026-05-01,PIT,CIN,Mitch Keller,Brady Singer,0.5211,0.5407,PIT,9.0,1.0,1.0,True
2026-05-01,WSN,MIL,Jake Irvin,Jacob Misiorowski,0.3322,0.4111,MIL,1.0,6.0,0.0,True
2026-05-01,NYY,BAL,Will Warren,TBD,0.5967,0.6068,NYY,7.0,2.0,1.0,True
2026-05-01,BOS,HOU,TBD,Mike Burrows,0.4965,0.5,HOU,3.0,1.0,1.0,False
2026-05-01,TBR,SFG,Shane McClanahan,Robbie Ray,0.5338,0.5502,TBR,3.0,0.0,1.0,True
2026-05-01,MIA,PHI,Eury Pérez,Zack Wheeler,0.4345,0.4593,PHI,5.0,6.0,0.0,True
2026-05-01,MIN,TOR,Simeon Woods Richardson,Patrick Corbin,0.5653,0.5066,MIN,3.0,7.0,0.0,False
2026-05-01,STL,LAD,Matthew Liberatore,Emmet Sheehan,0.3187,0.3798,LAD,7.0,2.0,1.0,False
2026-05-01,COL,ATL,Jose Quintana,Grant Holmes,0.3915,0.363,ATL,6.0,8.0,0.0,True
2026-05-01,LAA,NYM,Walbert Urena,Christian Scott,0.5534,0.4627,LAA,3.0,4.0,0.0,False
2026-05-01,OAK,CLE,J.T. Ginn,Joey Cantillo,0.557,0.5124,OAK,5.0,8.0,0.0,False
2026-05-01,SDP,CHW,Germán Márquez,Noah Schultz,0.3322,0.5669,CHW,2.0,8.0,0.0,True
2026-05-01,SEA,KCR,Bryan Woo,Cole Ragans,0.5567,0.5838,SEA,6.0,7.0,0.0,False
2026-05-02,NYY,BAL,Ryan Weathers,TBD,0.5518,0.5824,NYY,9.0,4.0,1.0,True
2026-05-02,MIN,TOR,Connor Prielipp,Dylan Cease,0.4251,0.4533,TOR,4.0,11.0,0.0,True
2026-05-02,CHC,ARI,Shota Imanaga,Ryne Nelson,0.5518,0.5934,CHC,2.0,0.0,1.0,True
2026-05-02,OAK,CLE,Jacob Lopez,Slade Cecconi,0.6239,0.5583,OAK,6.0,14.0,0.0,False
2026-05-02,PIT,CIN,Carmen Mlodzinski,Rhett Lowder,0.5329,0.553,PIT,17.0,7.0,1.0,True
2026-05-02,WSN,MIL,Foster Griffin,Kyle Harrison,0.4262,0.463,MIL,1.0,4.0,0.0,True
2026-05-02,BOS,HOU,Connelly Early,Spencer Arrighetti,0.5361,0.537,BOS,3.0,6.0,0.0,False
2026-05-02,MIA,PHI,Max Meyer,TBD,0.4956,,PHI,4.0,0.0,1.0,False
2026-05-02,TBR,SFG,TBD,Landen Roupp,0.5164,,TBR,5.0,1.0,1.0,True
2026-05-02,STL,LAD,Michael McGreevy,Roki Sasaki,0.5125,0.4365,STL,3.0,2.0,1.0,False
2026-05-02,DET,TEX,Keider Montero,Kumar Rocker,0.5874,0.537,DET,5.0,1.0,1.0,True
2026-05-02,COL,ATL,TBD,Chris Sale,0.4857,,ATL,,,,
2026-05-02,SDP,CHW,Michael King,Sean Burke,0.6262,0.6361,SDP,,,,
2026-05-02,LAA,NYM,Reid Detmers,Nolan McLean,0.4156,0.4573,NYM,,,,
2026-05-02,SEA,KCR,Emerson Hancock,Seth Lugo,0.542,0.5934,SEA,,,,
2026-05-03,MIN,TOR,Joe Ryan,Trey Yesavage,0.515,0.5044,MIN,4.0,3.0,1.0,False
2026-05-03,BOS,HOU,Ranger Suarez,Cody Bolton,0.6088,0.5635,BOS,1.0,3.0,0.0,False
2026-05-03,PIT,CIN,Braxton Ashcraft,Chase Burns,0.5289,0.5226,PIT,1.0,0.0,1.0,False
2026-05-03,NYY,BAL,Max Fried,Trey Gibson,0.746,0.6517,NYY,11.0,3.0,1.0,True
2026-05-03,WSN,MIL,Zack Littell,TBD,0.3926,0.4486,MIL,3.0,2.0,1.0,False
2026-05-03,TBR,SFG,Steven Matz,Tyler Mahle,0.5543,0.5211,TBR,2.0,1.0,1.0,True
2026-05-03,MIA,PHI,Chris Paddack,Jesús Luzardo,0.3949,0.4331,PHI,2.0,7.0,0.0,True
2026-05-03,STL,LAD,Dustin May,Justin Wrobleski,0.3872,0.4331,LAD,1.0,4.0,0.0,True
2026-05-03,CHC,ARI,Matthew Boyd,Merrill Kelly,0.6211,0.5873,CHC,8.0,4.0,1.0,True
2026-05-03,COL,ATL,Kyle Freeland,Spencer Strider,0.4187,0.388,ATL,6.0,11.0,0.0,True
2026-05-03,OAK,CLE,Aaron Civale,Parker Messick,0.452,0.4826,CLE,7.0,1.0,1.0,True
2026-05-03,LAA,NYM,Jack Kochanowicz,Clay Holmes,0.4223,0.456,NYM,1.0,5.0,0.0,False
2026-05-03,SEA,KCR,Luis Castillo,Kris Bubic,0.5289,0.5297,SEA,1.0,4.0,0.0,False
2026-05-03,SDP,CHW,TBD,Anthony Kay,0.7006,0.616,SDP,4.0,3.0,1.0,True
2026-05-03,DET,TEX,Tyler Holton,Jack Leiter,0.5367,,DET,7.0,1.0,1.0,True
2026-05-04,COL,NYM,Tomoyuki Sugano,TBD,0.4932,0.4365,NYM,,,,
2026-05-04,DET,BOS,Tarik Skubal,Payton Tolle,0.6052,0.6729,DET,,,,
2026-05-04,TBR,TOR,Nick Martinez,TBD,0.5859,0.5261,TBR,,,,
2026-05-04,MIA,PHI,Janson Junk,Aaron Nola,0.4828,0.4892,PHI,,,,
2026-05-04,NYY,BAL,Cam Schlittler,Shane Baz,0.6909,0.674,NYY,,,,
2026-05-04,CHC,CIN,Edward Cabrera,Chase Petty,0.5904,0.6459,CHC,,,,
2026-05-04,KCR,CLE,Michael Wacha,Tanner Bibee,0.503,0.5325,KCR,,,,
2026-05-04,STL,MIL,Kyle Leahy,Chad Patrick,0.4923,0.4833,MIL,,,,
2026-05-04,HOU,LAD,Steven Okert,Yoshinobu Yamamoto,0.416,0.3541,LAD,,,,
2026-05-04,LAA,CHW,José Soriano,Davis Martin,0.6166,0.5961,LAA,,,,
2026-05-04,SEA,ATL,Logan Gilbert,JR Ritchie,0.5548,0.581,SEA,,,,
2026-05-04,SFG,SDP,Trevor McDonald,Randy Vásquez,0.5253,0.4301,SFG,,,,
