team,barrel_pct,hard_hit_pct,avg_exit_velo,year
ARI,0.0519692379398741,0.3239338149615474,84.9121212121212,2015
ATL,0.0311601150527325,0.2897890699904122,83.90357142857144,2015
BAL,0.0635106632294352,0.3515350363252871,88.7925925925926,2015
BOS,0.049538610976202,0.3389995143273434,87.57777777777777,2015
CHC,0.0608029705268043,0.3358087723369691,86.35333333333332,2015
CHW,0.0391786641491621,0.3190936983714892,86.5952380952381,2015
CIN,0.0437652811735941,0.2777506112469438,84.04102564102564,2015
CLE,0.0432668935342732,0.3517258142926592,85.28695652173913,2015
COL,0.0475086906141367,0.3205098493626883,85.20322580645161,2015
DET,0.0577440665524834,0.3386346953755811,88.90434782608695,2015
HOU,0.0659012629161883,0.3547646383467279,87.65384615384616,2015
KCR,0.0436548223350253,0.3208121827411167,84.00416666666666,2015
LAA,0.0515665796344647,0.3030896431679721,86.03999999999999,2015
LAD,0.0606262491672218,0.346435709526982,85.7918918918919,2015
MIA,0.0414947271893626,0.3239339752407152,86.34705882352942,2015
MIL,0.0497750281214848,0.3219910011248594,85.640625,2015
MIN,0.0491343004211511,0.3284978942442677,86.65384615384616,2015
NYM,0.0579450418160095,0.3512544802867383,86.73947368421052,2015
NYY,0.0531496062992126,0.3451443569553806,88.73125,2015
OAK,0.0450189436148874,0.305995096946735,85.97307692307693,2015
PHI,0.0461454940282301,0.3102605863192182,85.49032258064516,2015
PIT,0.0561317876754118,0.3557046979865771,86.96486486486486,2015
SDP,0.0469967328474491,0.3259612968082432,86.8896551724138,2015
SEA,0.0754182754182754,0.3886743886743887,88.83749999999999,2015
SFG,0.0477948717948717,0.3083076923076923,85.88571428571429,2015
STL,0.0567078552515445,0.3334068843777582,87.37878787878788,2015
TBR,0.0534591194968553,0.3265602322206096,88.22413793103448,2015
TEX,0.0540652084193149,0.3518365662401981,86.575,2015
TOR,0.0654674754235515,0.3536916962978456,87.6923076923077,2015
WSN,0.0622911694510739,0.3739856801909308,86.76774193548388,2015
ARI,0.0677006400787789,0.3581979320531758,87.546875,2016
ATL,0.0581603894440174,0.3325646938252626,86.70606060606062,2016
BAL,0.0806965385432151,0.3641962200042472,87.30384615384615,2016
BOS,0.0606633081444164,0.3484466834592779,86.07857142857142,2016
CHC,0.0666207213416034,0.3271307144498047,87.878125,2016
CHW,0.0506298449612403,0.3374515503875969,87.28846153846153,2016
CIN,0.0433051269288203,0.2745146839223494,84.30000000000001,2016
CLE,0.0572669009716766,0.3402935703948728,86.5923076923077,2016
COL,0.0619853613906678,0.3568161024702653,86.05,2016
DET,0.0760448082722964,0.3522188711762171,87.9423076923077,2016
HOU,0.0726256983240223,0.3618588115794819,87.47916666666667,2016
KCR,0.0475682593856655,0.3267918088737201,85.80740740740741,2016
LAA,0.0539932508436445,0.3374578177727784,85.31290322580645,2016
LAD,0.0650966451899577,0.3705843145967563,87.46923076923078,2016
MIA,0.0481641468682505,0.3345572354211663,86.10909090909091,2016
MIL,0.0684641017873371,0.3456528324750075,87.15,2016
MIN,0.0604734945959855,0.3463715903242408,86.81153846153846,2016
NYM,0.0620689655172413,0.3428879310344828,87.24000000000001,2016
NYY,0.0489477417829274,0.3289193662804445,89.60000000000001,2016
OAK,0.0665083135391924,0.3512470308788598,86.912,2016
PHI,0.0499757399320718,0.3381853469189714,86.74,2016
PIT,0.0508514112432936,0.3349661768136225,86.01142857142857,2016
SDP,0.0578895137280846,0.3255044657624876,86.12121212121212,2016
SEA,0.0687485958211637,0.363738485733543,87.46923076923076,2016
SFG,0.0488159534690486,0.3167843788948899,85.89333333333335,2016
STL,0.0743321718931475,0.3612078977932636,85.70689655172414,2016
TBR,0.068207827878233,0.3543144884412909,86.8076923076923,2016
TEX,0.0657528804131903,0.3605482717520858,87.46538461538461,2016
TOR,0.0711369009241349,0.3720180528691167,87.73703703703704,2016
WSN,0.0630029891929179,0.3623821568176592,87.63870967741936,2016
ARI,0.0677353804470535,0.3533529013321291,86.03823529411765,2017
ATL,0.0540939267273174,0.3105483157118269,85.1741935483871,2017
BAL,0.0755485184347432,0.3727663424564578,84.2709677419355,2017
BOS,0.0455192034139402,0.3176183702499492,85.38888888888889,2017
CHC,0.0748344370860927,0.343046357615894,85.19117647058823,2017
CHW,0.0595140595140595,0.3207753207753208,86.68571428571428,2017
CIN,0.0543913350600423,0.2740758182246292,82.75897435897436,2017
CLE,0.0657118786857624,0.3605728727885425,87.61153846153846,2017
COL,0.0498533724340175,0.3160387999097676,83.56428571428572,2017
DET,0.0581395348837209,0.3377501352082206,84.12727272727273,2017
HOU,0.0566606389391199,0.3480008036970062,86.53571428571429,2017
KCR,0.0571847507331378,0.3271889400921659,84.72692307692309,2017
LAA,0.0580299785867237,0.3205567451820128,84.824,2017
LAD,0.0759668508287292,0.3598066298342541,84.91842105263159,2017
MIA,0.0589044235617694,0.3167545267018107,83.75625,2017
MIL,0.0643716104692289,0.3279886819146427,84.86,2017
MIN,0.0601732615312573,0.3324748302505268,83.55454545454546,2017
NYM,0.0515364916773367,0.323943661971831,86.77333333333333,2017
NYY,0.0744704570791527,0.334448160535117,88.76206896551724,2017
OAK,0.0824328496449521,0.3785118863846866,86.79629629629629,2017
PHI,0.055179332831703,0.3340857787810384,86.68620689655172,2017
PIT,0.0439482961222091,0.3027027027027027,85.37878787878788,2017
SDP,0.0518331226295828,0.2862199747155499,84.33055555555556,2017
SEA,0.0649177412183192,0.3519341929746554,86.37586206896552,2017
SFG,0.0480018917001655,0.3007803263182785,85.51176470588236,2017
STL,0.0680666183924692,0.3362297851798214,84.50909090909092,2017
TBR,0.070363466915191,0.3431966449207828,86.71538461538461,2017
TEX,0.0789265982636148,0.3499079189686924,86.824,2017
TOR,0.0695953757225433,0.3401156069364162,84.88125,2017
WSN,0.0657478535924084,0.3615002259376412,85.1029411764706,2017
ARI,0.0692442114460463,0.3368283093053735,85.96363636363637,2018
ATL,0.0572723526988051,0.3440461475072106,87.31944444444444,2018
BAL,0.0636387641932928,0.3451280697121732,84.5875,2018
BOS,0.0817217716781035,0.3905177791640674,88.564,2018
CHC,0.0618856121537086,0.3563449508489723,87.18787878787879,2018
CHW,0.0686324351804778,0.3607015760040671,85.30869565217391,2018
CIN,0.0516372795969773,0.3100755667506297,86.27714285714285,2018
CLE,0.0687786577740725,0.3666110879533139,85.74642857142858,2018
COL,0.0634053668962241,0.3678461173118024,85.56428571428572,2018
DET,0.0545363156572003,0.3292284493591355,88.30000000000001,2018
HOU,0.0601604278074866,0.3435828877005347,87.18260869565218,2018
KCR,0.0642380422691879,0.3462180200222469,89.03793103448275,2018
LAA,0.0789617486338797,0.3811475409836065,87.5,2018
LAD,0.0862139917695473,0.3761316872427983,84.9060606060606,2018
MIA,0.048892490545651,0.3217179902755267,85.79142857142857,2018
MIL,0.0762157744176542,0.3769922353902738,87.69166666666666,2018
MIN,0.0629496402877697,0.3437821171634121,87.27826086956522,2018
NYM,0.0508832059056156,0.3237542842077511,85.41315789473684,2018
NYY,0.0822389666307858,0.3817007534983853,87.488,2018
OAK,0.0829210836277974,0.3926972909305065,86.39999999999999,2018
PHI,0.0698521968009718,0.3656610649929135,88.45,2018
PIT,0.0603992923932271,0.3399039676522618,87.27272727272727,2018
SDP,0.0567358160459885,0.3386653336665833,86.8029411764706,2018
SEA,0.0598381601362862,0.3551959114139693,86.62592592592593,2018
SFG,0.0525318169509883,0.3243975088004333,87.2,2018
STL,0.0767386091127098,0.3587529976019185,85.63333333333334,2018
TBR,0.0559635350721701,0.3337553811091415,87.47692307692309,2018
TEX,0.0719960278053624,0.3408639523336643,86.212,2018
TOR,0.084384858044164,0.4016824395373291,87.35172413793103,2018
WSN,0.0681114551083591,0.3568111455108359,83.78181818181818,2018
ARI,0.0694444444444444,0.3451388888888889,86.76451612903226,2019
ATL,0.0844170156491073,0.3672029975754904,86.01,2019
BAL,0.0632973503434739,0.3405299313052011,87.064,2019
BOS,0.0808491418247515,0.4126016260162601,87.52499999999999,2019
CHC,0.0777429467084639,0.3531870428422152,85.77058823529411,2019
CHW,0.0718886884823499,0.3733573821180108,87.48148148148148,2019
CIN,0.0574938574938574,0.3223587223587223,86.42,2019
CLE,0.0763888888888889,0.3784722222222222,87.84666666666666,2019
COL,0.063815342837746,0.3566417741570491,86.78484848484848,2019
DET,0.0627535839870165,0.3635380037868542,88.13076923076923,2019
HOU,0.0688311688311688,0.3564935064935065,86.448,2019
KCR,0.066754617414248,0.3448548812664908,85.85172413793103,2019
LAA,0.0699126092384519,0.3420724094881398,87.0551724137931,2019
LAD,0.0808753568030447,0.3803520456707897,86.87272727272727,2019
MIA,0.0594660194174757,0.3529126213592233,86.09714285714286,2019
MIL,0.0826362484157161,0.3939163498098859,86.359375,2019
MIN,0.1002697841726618,0.395908273381295,88.27142857142857,2019
NYM,0.0709925390006782,0.3753108749717386,85.70294117647059,2019
NYY,0.0984636871508379,0.4085195530726257,89.09615384615384,2019
OAK,0.0822598870056497,0.3825988700564972,87.56785714285715,2019
PHI,0.0734273561674501,0.3633310946944258,86.60833333333333,2019
PIT,0.0535101760804939,0.3400411616739081,87.03076923076922,2019
SDP,0.0679393599101628,0.3641212801796743,85.99333333333334,2019
SEA,0.0648074369189907,0.3152722443559096,88.0076923076923,2019
SFG,0.065625,0.3596354166666666,86.05555555555556,2019
STL,0.0691823899371069,0.3396226415094339,86.29310344827586,2019
TBR,0.0790326063485208,0.3817749946015979,89.14814814814815,2019
TEX,0.0761703253107643,0.3903729172176672,88.32380952380952,2019
TOR,0.0862857142857142,0.3845714285714285,86.84,2019
WSN,0.0731813246471227,0.3656894679695983,84.95757575757575,2019
ARI,0.0551290997906489,0.3600837404047453,87.41176470588235,2020
ATL,0.1003811944091486,0.4307496823379924,87.82000000000001,2020
BAL,0.0670136629798308,0.3350683148991542,87.71052631578948,2020
BOS,0.0759943181818181,0.3636363636363636,87.60000000000001,2020
CHC,0.0721925133689839,0.3910427807486631,87.75,2020
CHW,0.0927498367080339,0.3932070542129327,86.72,2020
CIN,0.0894064613072877,0.3741547708489857,87.06842105263158,2020
CLE,0.0636065573770491,0.3573770491803278,86.85263157894737,2020
COL,0.0569155446756425,0.3188494492044064,86.42941176470588,2020
DET,0.0712643678160919,0.3931034482758621,88.30952380952381,2020
HOU,0.057288351368555,0.3520050922978994,88.55882352941177,2020
KCR,0.0691056910569105,0.3434959349593496,86.535,2020
LAA,0.0640932265112891,0.3729060451565914,88.71052631578948,2020
LAD,0.1034047919293821,0.4394703656998739,89.38125,2020
MIA,0.0642907058001397,0.3417190775681342,87.39166666666667,2020
MIL,0.0819165378670788,0.3670788253477589,87.42105263157895,2020
MIN,0.0783475783475783,0.3981481481481481,89.03157894736842,2020
NYM,0.0736457699330493,0.3657942787583688,88.50454545454545,2020
NYY,0.0762886597938144,0.3910652920962199,87.54736842105264,2020
OAK,0.075807514831905,0.3711272247857614,88.62222222222222,2020
PHI,0.0881561238223418,0.3761776581426648,88.39444444444445,2020
PIT,0.0712742980561555,0.3772498200143988,87.16842105263159,2020
SDP,0.105229180116204,0.4273724983860555,88.83888888888889,2020
SEA,0.069423929098966,0.3545051698670605,86.63157894736842,2020
SFG,0.0834411384217335,0.3906856403622251,87.47727272727273,2020
STL,0.0694980694980695,0.3482625482625482,88.27368421052631,2020
TBR,0.086219602063375,0.3883566691230656,88.82222222222222,2020
TEX,0.0733590733590733,0.3799227799227799,88.41818181818182,2020
TOR,0.0837468982630273,0.413151364764268,88.97894736842105,2020
WSN,0.0651757188498402,0.3495207667731629,87.61578947368422,2020
ARI,0.0540763107329124,0.3615152346966785,84.93846153846154,2021
ATL,0.0989878542510121,0.4137651821862348,88.0264705882353,2021
BAL,0.0771604938271604,0.3768004115226337,86.036,2021
BOS,0.0973029045643153,0.4178423236514523,87.87307692307692,2021
CHC,0.0711832656884171,0.3768342179206993,85.7675,2021
CHW,0.0793960058451047,0.3928397467121285,87.86206896551724,2021
CIN,0.0850382055706186,0.3820557061868375,85.19142857142856,2021
CLE,0.0725474031327287,0.3803242649079417,88.37142857142857,2021
COL,0.0657831325301204,0.3590361445783132,87.67096774193548,2021
DET,0.0763418447107868,0.3793642522146951,87.17200000000001,2021
HOU,0.0811408900909761,0.4216867469879518,86.16923076923078,2021
KCR,0.0680396246089676,0.3860792492179353,88.07368421052632,2021
LAA,0.081103448275862,0.3586206896551724,86.94074074074075,2021
LAD,0.0860354517942066,0.4055339386078685,86.35641025641026,2021
MIA,0.0580304806565064,0.365767878077374,87.08780487804877,2021
MIL,0.0798578199052132,0.3845971563981042,85.86451612903227,2021
MIN,0.0996098829648894,0.4078023407022106,87.84,2021
NYM,0.0757874015748031,0.3811515748031496,85.52307692307693,2021
NYY,0.1013530135301353,0.420910209102091,84.73870967741935,2021
OAK,0.0843724023275145,0.3908977556109725,89.54444444444444,2021
PHI,0.0721210688105935,0.3679356821943721,85.99333333333334,2021
PIT,0.0563751317175974,0.351685985247629,85.48717948717949,2021
SDP,0.0707984119982355,0.3967798853109837,86.57222222222222,2021
SEA,0.0808341143392689,0.3671508903467666,88.334375,2021
SFG,0.0929531757070004,0.3878071395456652,86.165625,2021
STL,0.079447322970639,0.3752775721687639,86.20322580645161,2021
TBR,0.0873414692510169,0.4048815506101938,84.97727272727273,2021
TEX,0.0603002070393374,0.3527432712215321,87.59629629629629,2021
TOR,0.0932416953035509,0.4206185567010309,86.14999999999999,2021
WSN,0.0658866995073891,0.3863916256157635,86.23823529411764,2021
ARI,0.0635195254572417,0.3534354918437963,86.98695652173913,2022
ATL,0.1040183696900114,0.4277841561423651,88.8409090909091,2022
BAL,0.0791959312182126,0.3848389440542504,87.64761904761905,2022
BOS,0.0772853778634125,0.4086919289231428,88.14782608695653,2022
CHC,0.0713231677324151,0.3743236596163306,88.16956521739131,2022
CHW,0.0736842105263157,0.4076754385964912,88.31904761904762,2022
CIN,0.0511229314420803,0.3291962174940898,86.52758620689656,2022
CLE,0.0448849396217817,0.3237639553429027,87.09545454545454,2022
COL,0.0591549295774647,0.368075117370892,87.42999999999999,2022
DET,0.0636577093660318,0.366031828854683,88.4090909090909,2022
HOU,0.0809844341607067,0.3908287757677745,88.72857142857143,2022
KCR,0.0768996960486322,0.3817629179331307,87.92857142857143,2022
LAA,0.0841145833333333,0.3625,88.0,2022
LAD,0.0941286113699906,0.4196178937558248,89.38947368421053,2022
MIA,0.0701136978884677,0.3730373578776394,87.48260869565217,2022
MIL,0.0870324189526184,0.3960099750623441,87.79523809523809,2022
MIN,0.0879730055435044,0.4131115931549771,89.73913043478261,2022
NYM,0.0742154368108566,0.3729855810008481,86.80799999999999,2022
NYY,0.093108169785486,0.4094020994979461,88.215,2022
OAK,0.0629175946547884,0.3379732739420935,86.55333333333333,2022
PHI,0.0848153214774281,0.4088007295941632,88.0047619047619,2022
PIT,0.0627682403433476,0.3688304721030043,88.03333333333333,2022
SDP,0.0697148030783159,0.387505658669081,87.87894736842105,2022
SEA,0.08,0.36878612716763,88.47200000000001,2022
SFG,0.0825904562139486,0.3791295228106974,87.65714285714286,2022
STL,0.0782304423894026,0.3821544613846538,86.18333333333334,2022
TBR,0.0661683886568476,0.3912947900637503,89.01666666666667,2022
TEX,0.0798911699233242,0.3945090279495424,88.08695652173913,2022
TOR,0.081952920662598,0.4350479511769834,88.89411764705882,2022
WSN,0.0574569073195103,0.3457406944791406,86.36190476190475,2022
ARI,0.0658041490073611,0.3863484273923712,88.24761904761905,2023
ATL,0.1153502900490852,0.4526996876394467,88.31,2023
BAL,0.0787364450730787,0.4059405940594059,88.58095238095238,2023
BOS,0.0773273273273273,0.4056556556556556,88.68571428571428,2023
CHC,0.0765409799051704,0.3831564687288327,88.66666666666667,2023
CHW,0.0678053830227743,0.3718944099378882,87.24,2023
CIN,0.0684221886466652,0.3660695014029786,87.35769230769232,2023
CLE,0.0515636190021484,0.3189305323466221,87.52000000000001,2023
COL,0.0766129032258064,0.3594913151364764,87.875,2023
DET,0.0803295571575695,0.4057672502574665,88.91499999999999,2023
HOU,0.0811732605729877,0.3879035925420646,88.41578947368421,2023
KCR,0.0856346592348619,0.4215860146947048,88.47272727272728,2023
LAA,0.0930343511450381,0.4041030534351145,88.46896551724137,2023
LAD,0.0816491511721907,0.3997574777687955,87.18095238095238,2023
MIA,0.0771611762104797,0.3869113420296263,88.74,2023
MIL,0.0726651480637813,0.3783599088838268,88.33636363636364,2023
MIN,0.1024453024453024,0.4136422136422136,89.22857142857143,2023
NYM,0.0831255195344971,0.4001108340260459,88.92,2023
NYY,0.095508658008658,0.4266774891774891,89.75,2023
OAK,0.0703186726362918,0.3510666315512246,87.89999999999999,2023
PHI,0.0865678663843801,0.4060221124441308,88.755,2023
PIT,0.07560035576638,0.4100207530388378,87.96521739130435,2023
SDP,0.0837199493884437,0.3920286798819064,88.69615384615385,2023
SEA,0.1025852585258525,0.4218921892189219,89.16842105263159,2023
SFG,0.0815529519871353,0.385021824029405,87.98965517241379,2023
STL,0.0838901262063845,0.418955704033655,88.904,2023
TBR,0.0828416332310597,0.4066556525843757,88.52380952380952,2023
TEX,0.0883295194508009,0.4130434782608695,88.715,2023
TOR,0.0819480215406228,0.3898384453289628,87.62222222222222,2023
WSN,0.0573632200530248,0.3509279344420342,86.99047619047619,2023
ARI,0.0795258620689655,0.3928879310344828,88.10499999999999,2024
ATL,0.0929628148740503,0.4056377449020392,88.75200000000001,2024
BAL,0.0867643638055361,0.423121656199116,89.35714285714286,2024
BOS,0.0896892655367231,0.4077212806026365,88.50434782608696,2024
CHC,0.0734502923976608,0.3721637426900585,88.0952380952381,2024
CHW,0.0570138300874964,0.3350268134349421,87.06521739130434,2024
CIN,0.0692978430472694,0.3591096833409821,87.25,2024
CLE,0.0591065292096219,0.3413516609392898,87.50526315789473,2024
COL,0.0852691992347636,0.3992894233397103,89.19,2024
DET,0.080817051509769,0.384251036116045,88.34210526315789,2024
HOU,0.0751547303271441,0.392130857648099,88.44090909090909,2024
KCR,0.0740068562210123,0.401895543456342,88.02380952380952,2024
LAA,0.0706374600049224,0.3620477479694807,87.55862068965517,2024
LAD,0.0944363103953147,0.4158125915080527,88.36875,2024
MIA,0.0685056077599272,0.370112155198545,87.88695652173914,2024
MIL,0.0721878862793572,0.3861557478368356,87.66,2024
MIN,0.0771044564961094,0.3829285545861825,87.73333333333333,2024
NYM,0.0884054616986808,0.4093959731543624,88.93157894736842,2024
NYY,0.10518259348349,0.4213863984255412,88.97727272727273,2024
OAK,0.0854193548387096,0.3904516129032258,88.53333333333333,2024
PHI,0.0805984555984556,0.4102316602316602,88.82631578947368,2024
PIT,0.0867065868263473,0.4062275449101796,88.425,2024
SDP,0.0673019654556283,0.3740321620011911,87.58260869565218,2024
SEA,0.0870213823968175,0.4027846842366981,88.61818181818181,2024
SFG,0.0849470694552026,0.4012393493415956,88.27692307692307,2024
STL,0.0685630926331145,0.3846340870410892,88.59444444444445,2024
TBR,0.0794213167995276,0.3743726011219368,87.64,2024
TEX,0.0740479548660084,0.3925716972261401,87.96363636363637,2024
TOR,0.0728442728442728,0.3747747747747748,87.11428571428571,2024
WSN,0.0518602029312288,0.3649943630214205,88.4952380952381,2024
ARI,0.0856980703745743,0.4006810442678774,88.82857142857144,2025
ATL,0.0881294964028776,0.4141187050359712,88.60799999999999,2025
BAL,0.092822966507177,0.4181818181818181,89.60384615384615,2025
BOS,0.0874709976798143,0.4406032482598608,89.5952380952381,2025
CHC,0.0980523841504365,0.4007163644504141,88.71176470588235,2025
CHW,0.0786686838124054,0.3986384266263237,88.37857142857142,2025
CIN,0.0698096101541251,0.3859927470534904,89.3695652173913,2025
CLE,0.0675422138836773,0.3567408201554543,87.08,2025
COL,0.0754716981132075,0.3882540526175923,87.50714285714285,2025
DET,0.0944047325610056,0.4081833867389697,88.75,2025
HOU,0.0802904982852531,0.3982247327012306,88.4925925925926,2025
KCR,0.0792079207920792,0.4034653465346535,88.93809523809524,2025
LAA,0.1035925196850393,0.3981299212598425,87.45172413793104,2025
LAD,0.0971650663008687,0.4144947416552355,88.0,2025
MIA,0.0764050764050764,0.4006734006734007,89.67142857142856,2025
MIL,0.0689877498388136,0.3941543090479261,88.34347826086957,2025
MIN,0.0854797622417209,0.4095669402773846,88.02000000000001,2025
NYM,0.1037968995731296,0.4551786115479667,89.31052631578947,2025
NYY,0.1218929254302103,0.4684512428298279,90.76470588235294,2025
OAK,0.0869888475836431,0.4004956629491945,88.22727272727273,2025
PHI,0.0916496945010183,0.4252093233763295,88.19999999999999,2025
PIT,0.0913327120223671,0.4283939111525318,89.26666666666667,2025
SDP,0.0760104564649105,0.3878946310074401,88.01304347826087,2025
SEA,0.0960091220068415,0.4319270239452679,88.575,2025
SFG,0.0822306238185255,0.4024102079395085,88.2909090909091,2025
STL,0.0780394955983821,0.4051867713537949,88.53999999999999,2025
TBR,0.07625,0.4045,88.9090909090909,2025
TEX,0.0876173446580241,0.4038891372373714,88.072,2025
TOR,0.0791177660866046,0.4028733306353703,88.845,2025
WSN,0.0814270152505446,0.4281045751633986,88.815,2025
ARI,0.06789250353606789,0.3620933521923621,88.30000000000001,2026
ATL,0.10460772104607721,0.4122042341220423,89.13076923076923,2026
BAL,0.07848837209302326,0.436046511627907,90.4625,2026
BOS,0.07779349363507779,0.42574257425742573,89.41538461538462,2026
CHC,0.08683853459972862,0.4016282225237449,88.14285714285714,2026
CHW,0.093603744149766,0.40873634945397813,87.86666666666666,2026
CIN,0.11326378539493294,0.37853949329359166,89.3,2026
CLE,0.07586206896551724,0.3503448275862069,88.65333333333334,2026
COL,0.06591865357643759,0.37307152875175315,88.54666666666667,2026
DET,0.10960757780784844,0.4208389715832206,89.6,2026
HOU,0.09195402298850575,0.3780332056194125,88.3111111111111,2026
KCR,0.08974358974358974,0.4116809116809117,88.36666666666666,2026
LAA,0.09696092619392185,0.37771345875542695,88.39285714285714,2026
LAD,0.11643835616438356,0.43424657534246575,89.69333333333334,2026
MIA,0.06591865357643759,0.40813464235624125,89.01333333333334,2026
MIL,0.06744868035190615,0.39002932551319647,87.21764705882353,2026
MIN,0.08840579710144927,0.3739130434782609,88.12142857142858,2026
NYM,0.07027027027027027,0.40135135135135136,89.35882352941177,2026
NYY,0.12312312312312312,0.45795795795795796,90.9,2026
OAK,0.0896358543417367,0.4565826330532213,91.51333333333334,2026
PHI,0.06611570247933884,0.4118457300275482,89.6,2026
PIT,0.07887323943661972,0.4098591549295775,88.02142857142857,2026
SDP,0.08563134978229318,0.4513788098693759,88.93846153846154,2026
SEA,0.09361702127659574,0.375886524822695,89.26666666666667,2026
SFG,0.06910569105691057,0.3807588075880759,88.8875,2026
STL,0.08057553956834532,0.4071942446043165,88.71538461538461,2026
TBR,0.04672897196261682,0.3311081441922563,87.30714285714285,2026
TEX,0.08309037900874636,0.42565597667638483,89.92857142857143,2026
TOR,0.06355382619974059,0.38132295719844356,88.20588235294117,2026
WSN,0.08397932816537468,0.3888888888888889,88.75714285714285,2026
