stage,config,models,year,games,accuracy,log_loss,brier,auc,avg_confidence
screen_xgboost,current_15g_3sp_15bp__no_re24,xgboost,2024,2485,0.5529175050301811,0.6824700556015217,0.24505567980473986,0.5777680670829506,0.5757118137259758
screen_xgboost,current_15g_3sp_15bp__no_re24,xgboost,2025,2430,0.5539094650205761,0.6806225639571464,0.24407117539180814,0.5718031621206092,0.5676537098401367
screen_xgboost,current_15g_3sp_15bp__no_re24,xgboost,2026,680,0.5573529411764706,0.6844402705146893,0.2457159781213281,0.5531744783474887,0.5576214473329338
screen_xgboost,current_15g_3sp_15bp__offense_only,xgboost,2024,2485,0.5525150905432595,0.682190655216836,0.2449200728962029,0.579112100780143,0.5748331645864677
screen_xgboost,current_15g_3sp_15bp__offense_only,xgboost,2025,2430,0.551440329218107,0.6809035438332159,0.24418433904580963,0.5718359174810582,0.5675660691450162
screen_xgboost,current_15g_3sp_15bp__offense_only,xgboost,2026,680,0.5573529411764706,0.6851380215153875,0.24604740130527544,0.5509856348956695,0.5574515811660711
screen_xgboost,current_15g_3sp_15bp__sp_only,xgboost,2024,2485,0.5545271629778672,0.6820477238895992,0.24483250281701216,0.5794569493971152,0.5752582458982846
screen_xgboost,current_15g_3sp_15bp__sp_only,xgboost,2025,2430,0.5522633744855967,0.6803723287491223,0.2439522553904413,0.5723286126944764,0.5660407073673153
screen_xgboost,current_15g_3sp_15bp__sp_only,xgboost,2026,680,0.5602941176470588,0.6842270254170663,0.245647291469944,0.5504133025759324,0.55703467460824
screen_xgboost,current_15g_3sp_15bp__bullpen_only,xgboost,2024,2485,0.5529175050301811,0.6826712540363193,0.245115214991299,0.5784756069076129,0.5761084594127317
screen_xgboost,current_15g_3sp_15bp__bullpen_only,xgboost,2025,2430,0.5534979423868313,0.6805137057796644,0.24403040494895722,0.5716049239495594,0.5676549554709217
screen_xgboost,current_15g_3sp_15bp__bullpen_only,xgboost,2026,680,0.5558823529411765,0.684193557156568,0.24558882999741247,0.5542099192618224,0.5569755533308376
screen_xgboost,current_15g_3sp_15bp__offense_sp,xgboost,2024,2485,0.5537223340040242,0.681690305805424,0.24467274527773133,0.5794884172389272,0.5742410662558397
screen_xgboost,current_15g_3sp_15bp__offense_sp,xgboost,2025,2430,0.5555555555555556,0.6802401776931483,0.24387786382398471,0.5739343077598131,0.5655305096549997
screen_xgboost,current_15g_3sp_15bp__offense_sp,xgboost,2026,680,0.5529411764705883,0.6844964158717775,0.24577677600547987,0.5509463143546188,0.5562732233866757
screen_xgboost,current_15g_3sp_15bp__offense_bullpen,xgboost,2024,2485,0.5585513078470825,0.6823487300069372,0.24498117322017682,0.5793080448673031,0.5749295121067567
screen_xgboost,current_15g_3sp_15bp__offense_bullpen,xgboost,2025,2430,0.554320987654321,0.680201324122546,0.24388897883576963,0.5729765546683554,0.5680411434989162
screen_xgboost,current_15g_3sp_15bp__offense_bullpen,xgboost,2026,680,0.5514705882352942,0.6854701853754999,0.24619206583807843,0.5519074831358568,0.5573238372948823
screen_xgboost,current_15g_3sp_15bp__sp_bullpen,xgboost,2024,2485,0.5541247484909457,0.6817644989063766,0.244694129186489,0.580189468848783,0.5751948734504276
screen_xgboost,current_15g_3sp_15bp__sp_bullpen,xgboost,2025,2430,0.554320987654321,0.6804456683048494,0.2440140627548709,0.5714377351306018,0.5661641325949804
screen_xgboost,current_15g_3sp_15bp__sp_bullpen,xgboost,2026,680,0.5588235294117647,0.6848409955417077,0.24589996990525398,0.5524841844045997,0.5566358484766063
screen_xgboost,current_15g_3sp_15bp__all_re24,xgboost,2024,2485,0.5492957746478874,0.6823752407937806,0.24497235580596693,0.578755573376519,0.5742162516839068
screen_xgboost,current_15g_3sp_15bp__all_re24,xgboost,2025,2430,0.5510288065843622,0.6807500717270515,0.2441369588269831,0.5720205075852544,0.5668639416741246
screen_xgboost,current_15g_3sp_15bp__all_re24,xgboost,2026,680,0.5617647058823529,0.6851312246173775,0.24604128751483592,0.5493909685086156,0.5572186256594518
screen_xgboost,short_7g_3sp_7bp__no_re24,xgboost,2024,2485,0.5529175050301811,0.6824700556015217,0.24505567980473986,0.5777680670829506,0.5757118137259758
screen_xgboost,short_7g_3sp_7bp__no_re24,xgboost,2025,2430,0.5539094650205761,0.6806225639571464,0.24407117539180814,0.5718031621206092,0.5676537098401367
screen_xgboost,short_7g_3sp_7bp__no_re24,xgboost,2026,680,0.5573529411764706,0.6844402705146893,0.2457159781213281,0.5531744783474887,0.5576214473329338
screen_xgboost,short_7g_3sp_7bp__offense_only,xgboost,2024,2485,0.5581488933601609,0.6825168353442278,0.24506830572115665,0.5784613328350384,0.5758751475035464
screen_xgboost,short_7g_3sp_7bp__offense_only,xgboost,2025,2430,0.5551440329218107,0.6803545743078657,0.24394819385105249,0.5724145955156545,0.5672034514498155
screen_xgboost,short_7g_3sp_7bp__offense_only,xgboost,2026,680,0.55,0.6847629442354825,0.2458883569301361,0.550981265946664,0.5569786490470755
screen_xgboost,short_7g_3sp_7bp__sp_only,xgboost,2024,2485,0.5545271629778672,0.6820477238895992,0.24483250281701216,0.5794569493971152,0.5752582458982846
screen_xgboost,short_7g_3sp_7bp__sp_only,xgboost,2025,2430,0.5522633744855967,0.6803723287491223,0.2439522553904413,0.5723286126944764,0.5660407073673153
screen_xgboost,short_7g_3sp_7bp__sp_only,xgboost,2026,680,0.5602941176470588,0.6842270254170663,0.245647291469944,0.5504133025759324,0.55703467460824
screen_xgboost,short_7g_3sp_7bp__bullpen_only,xgboost,2024,2485,0.5509054325955735,0.6830291970133938,0.24532204621156672,0.5770050530216914,0.5759398161445505
screen_xgboost,short_7g_3sp_7bp__bullpen_only,xgboost,2025,2430,0.5526748971193416,0.6808744504843146,0.24418061529304652,0.5718502479512545,0.5675005677765534
screen_xgboost,short_7g_3sp_7bp__bullpen_only,xgboost,2026,680,0.5529411764705883,0.684644735924115,0.24584098899473508,0.5527113697528923,0.5575924867216279
screen_xgboost,short_7g_3sp_7bp__offense_sp,xgboost,2024,2485,0.5545271629778672,0.6815807906880781,0.24463365777803633,0.5802189902261532,0.5748654787089503
screen_xgboost,short_7g_3sp_7bp__offense_sp,xgboost,2025,2430,0.5555555555555556,0.6800935911044126,0.24384100787154991,0.5726602607190211,0.5658964535510181
screen_xgboost,short_7g_3sp_7bp__offense_sp,xgboost,2026,680,0.5617647058823529,0.6852455965743266,0.2461429533761409,0.548272517563175,0.556717148291714
screen_xgboost,short_7g_3sp_7bp__offense_bullpen,xgboost,2024,2485,0.5488933601609658,0.6827749021370313,0.2451963626269504,0.577911456630177,0.5755094155819124
screen_xgboost,short_7g_3sp_7bp__offense_bullpen,xgboost,2025,2430,0.5534979423868313,0.680741118312359,0.2441261658122695,0.5723712629033941,0.5674786357109439
screen_xgboost,short_7g_3sp_7bp__offense_bullpen,xgboost,2026,680,0.5544117647058824,0.6851222959021899,0.24605110556346918,0.550006990318409,0.5574887263132077
screen_xgboost,short_7g_3sp_7bp__sp_bullpen,xgboost,2024,2485,0.5521126760563381,0.6827604253109917,0.24516019616218007,0.5780032648696907,0.5748041214517585
screen_xgboost,short_7g_3sp_7bp__sp_bullpen,xgboost,2025,2430,0.5526748971193416,0.680092923594744,0.24383203122726071,0.5742417304656925,0.5658846740880457
screen_xgboost,short_7g_3sp_7bp__sp_bullpen,xgboost,2026,680,0.5470588235294118,0.6846395638968447,0.24583851387864292,0.5488055293418614,0.5571009241336701
screen_xgboost,short_7g_3sp_7bp__all_re24,xgboost,2024,2485,0.5525150905432595,0.6820217164645443,0.24483139496634548,0.5793771443549937,0.5755566061582443
screen_xgboost,short_7g_3sp_7bp__all_re24,xgboost,2025,2430,0.5526748971193416,0.6799735511926553,0.2437678278117534,0.5740281382194322,0.5658271332673821
screen_xgboost,short_7g_3sp_7bp__all_re24,xgboost,2026,680,0.55,0.68506104273503,0.2460398105273427,0.5497230086330432,0.5566343795727281
screen_xgboost,medium_15g_5sp_7bp__no_re24,xgboost,2024,2485,0.5529175050301811,0.6824700556015217,0.24505567980473986,0.5777680670829506,0.5757118137259758
screen_xgboost,medium_15g_5sp_7bp__no_re24,xgboost,2025,2430,0.5539094650205761,0.6806225639571464,0.24407117539180814,0.5718031621206092,0.5676537098401367
screen_xgboost,medium_15g_5sp_7bp__no_re24,xgboost,2026,680,0.5573529411764706,0.6844402705146893,0.2457159781213281,0.5531744783474887,0.5576214473329338
screen_xgboost,medium_15g_5sp_7bp__offense_only,xgboost,2024,2485,0.5525150905432595,0.682190655216836,0.2449200728962029,0.579112100780143,0.5748331645864677
screen_xgboost,medium_15g_5sp_7bp__offense_only,xgboost,2025,2430,0.551440329218107,0.6809035438332159,0.24418433904580963,0.5718359174810582,0.5675660691450162
screen_xgboost,medium_15g_5sp_7bp__offense_only,xgboost,2026,680,0.5573529411764706,0.6851380215153875,0.24604740130527544,0.5509856348956695,0.5574515811660711
screen_xgboost,medium_15g_5sp_7bp__sp_only,xgboost,2024,2485,0.5565392354124749,0.6822992166710213,0.24496154655042685,0.5797232906149271,0.5764953301536164
screen_xgboost,medium_15g_5sp_7bp__sp_only,xgboost,2025,2430,0.5469135802469136,0.6811179900450722,0.24433892939605198,0.569934741768339,0.5692728276769483
screen_xgboost,medium_15g_5sp_7bp__sp_only,xgboost,2026,680,0.55,0.6840205089400836,0.24554568603319132,0.5548128342245988,0.5562875190348018
screen_xgboost,medium_15g_5sp_7bp__bullpen_only,xgboost,2024,2485,0.5509054325955735,0.6830291970133938,0.24532204621156672,0.5770050530216914,0.5759398161445505
screen_xgboost,medium_15g_5sp_7bp__bullpen_only,xgboost,2025,2430,0.5526748971193416,0.6808744504843146,0.24418061529304652,0.5718502479512545,0.5675005677765534
screen_xgboost,medium_15g_5sp_7bp__bullpen_only,xgboost,2026,680,0.5529411764705883,0.684644735924115,0.24584098899473508,0.5527113697528923,0.5575924867216279
screen_xgboost,medium_15g_5sp_7bp__offense_sp,xgboost,2024,2485,0.5525150905432595,0.6818767035350353,0.24474662739589484,0.5805242607328049,0.5752598449547847
screen_xgboost,medium_15g_5sp_7bp__offense_sp,xgboost,2025,2430,0.5510288065843622,0.6815585005128122,0.24453858850852564,0.5690076968273021,0.5687584945285599
screen_xgboost,medium_15g_5sp_7bp__offense_sp,xgboost,2026,680,0.5514705882352942,0.6849428920885663,0.2459781454864435,0.5514924329803222,0.5559791138943504
screen_xgboost,medium_15g_5sp_7bp__offense_bullpen,xgboost,2024,2485,0.5521126760563381,0.6824387838679464,0.24505193992025695,0.5781846104735359,0.5755444585627393
screen_xgboost,medium_15g_5sp_7bp__offense_bullpen,xgboost,2025,2430,0.5522633744855967,0.680982806496466,0.24421314475817157,0.5722173809496188,0.5677128963121334
screen_xgboost,medium_15g_5sp_7bp__offense_bullpen,xgboost,2026,680,0.55,0.6843201558199207,0.24565118250154824,0.5534977805739052,0.5573311901267837
screen_xgboost,medium_15g_5sp_7bp__sp_bullpen,xgboost,2024,2485,0.5525150905432595,0.6815545663649846,0.2446016369439646,0.5807857357895119,0.5756353064811844
screen_xgboost,medium_15g_5sp_7bp__sp_bullpen,xgboost,2025,2430,0.5489711934156378,0.6812438056366549,0.2443924588727658,0.5705871193639453,0.5691485903349761
screen_xgboost,medium_15g_5sp_7bp__sp_bullpen,xgboost,2026,680,0.5544117647058824,0.685473059677505,0.24625012177337613,0.5489890252000978,0.5566409956298622
screen_xgboost,medium_15g_5sp_7bp__all_re24,xgboost,2024,2485,0.5597585513078471,0.6813252799742822,0.24448394300731882,0.5822176847973342,0.5751956220393929
screen_xgboost,medium_15g_5sp_7bp__all_re24,xgboost,2025,2430,0.5489711934156378,0.6819013560612185,0.24469657660097274,0.569119269773831,0.5693546693450139
screen_xgboost,medium_15g_5sp_7bp__all_re24,xgboost,2026,680,0.5529411764705883,0.6850752169419142,0.2460004120859523,0.5508720422215232,0.5570062742952038
screen_xgboost,long_30g_5sp_15bp__no_re24,xgboost,2024,2485,0.5529175050301811,0.6824700556015217,0.24505567980473986,0.5777680670829506,0.5757118137259758
screen_xgboost,long_30g_5sp_15bp__no_re24,xgboost,2025,2430,0.5539094650205761,0.6806225639571464,0.24407117539180814,0.5718031621206092,0.5676537098401367
screen_xgboost,long_30g_5sp_15bp__no_re24,xgboost,2026,680,0.5573529411764706,0.6844402705146893,0.2457159781213281,0.5531744783474887,0.5576214473329338
screen_xgboost,long_30g_5sp_15bp__offense_only,xgboost,2024,2485,0.5492957746478874,0.6824727303282343,0.2450655674784578,0.5778407350887848,0.5762507836293805
screen_xgboost,long_30g_5sp_15bp__offense_only,xgboost,2025,2430,0.5534979423868313,0.6805793501132285,0.24403356160078685,0.5718969925802284,0.5675151142809126
screen_xgboost,long_30g_5sp_15bp__offense_only,xgboost,2026,680,0.5588235294117647,0.6848003593858627,0.24588383429317426,0.5527157387018978,0.5566487465272931
screen_xgboost,long_30g_5sp_15bp__sp_only,xgboost,2024,2485,0.5565392354124749,0.6822992166710213,0.24496154655042685,0.5797232906149271,0.5764953301536164
screen_xgboost,long_30g_5sp_15bp__sp_only,xgboost,2025,2430,0.5469135802469136,0.6811179900450722,0.24433892939605198,0.569934741768339,0.5692728276769483
screen_xgboost,long_30g_5sp_15bp__sp_only,xgboost,2026,680,0.55,0.6840205089400836,0.24554568603319132,0.5548128342245988,0.5562875190348018
screen_xgboost,long_30g_5sp_15bp__bullpen_only,xgboost,2024,2485,0.5529175050301811,0.6826712540363193,0.245115214991299,0.5784756069076129,0.5761084594127317
screen_xgboost,long_30g_5sp_15bp__bullpen_only,xgboost,2025,2430,0.5534979423868313,0.6805137057796644,0.24403040494895722,0.5716049239495594,0.5676549554709217
screen_xgboost,long_30g_5sp_15bp__bullpen_only,xgboost,2026,680,0.5558823529411765,0.684193557156568,0.24558882999741247,0.5542099192618224,0.5569755533308376
screen_xgboost,long_30g_5sp_15bp__offense_sp,xgboost,2024,2485,0.5553319919517102,0.6815261863770532,0.2446095988107414,0.5804120146166503,0.5761544435896544
screen_xgboost,long_30g_5sp_15bp__offense_sp,xgboost,2025,2430,0.5448559670781893,0.6811576300299926,0.24436057583945323,0.570559823230238,0.5689461342673571
screen_xgboost,long_30g_5sp_15bp__offense_sp,xgboost,2026,680,0.5544117647058824,0.684527672257102,0.24576041618400427,0.5531351578064381,0.5558905505228275
screen_xgboost,long_30g_5sp_15bp__offense_bullpen,xgboost,2024,2485,0.5505030181086519,0.6827526546057223,0.24516023383853583,0.5783263779670607,0.576481749891915
screen_xgboost,long_30g_5sp_15bp__offense_bullpen,xgboost,2025,2430,0.5522633744855967,0.6805486208710096,0.24405400480855213,0.57147287890275,0.5681136248799344
screen_xgboost,long_30g_5sp_15bp__offense_bullpen,xgboost,2026,680,0.5485294117647059,0.6854129242546284,0.24614832057338323,0.5513395197651253,0.556724042562293
screen_xgboost,long_30g_5sp_15bp__sp_bullpen,xgboost,2024,2485,0.5513078470824949,0.6820868735687204,0.24484793154183723,0.5798170453188828,0.5757064200473023
screen_xgboost,long_30g_5sp_15bp__sp_bullpen,xgboost,2025,2430,0.5460905349794238,0.6818117205378252,0.24465645830477745,0.5681734587408702,0.5691460821261459
screen_xgboost,long_30g_5sp_15bp__sp_bullpen,xgboost,2026,680,0.5514705882352942,0.6849574923231444,0.24593162539585042,0.5527157387018979,0.5564145754657539
screen_xgboost,long_30g_5sp_15bp__all_re24,xgboost,2024,2485,0.5553319919517102,0.6816908443542026,0.24466662280335813,0.5807286394992136,0.5760955335318763
screen_xgboost,long_30g_5sp_15bp__all_re24,xgboost,2025,2430,0.5493827160493827,0.6817264382675947,0.24462025703798132,0.5684648449681965,0.5693079248816797
screen_xgboost,long_30g_5sp_15bp__all_re24,xgboost,2026,680,0.5573529411764706,0.6848265537379871,0.2458648727377358,0.5537642864632484,0.5573632489378545
screen_xgboost,longsp_15g_8sp_15bp__no_re24,xgboost,2024,2485,0.5529175050301811,0.6824700556015217,0.24505567980473986,0.5777680670829506,0.5757118137259758
screen_xgboost,longsp_15g_8sp_15bp__no_re24,xgboost,2025,2430,0.5539094650205761,0.6806225639571464,0.24407117539180814,0.5718031621206092,0.5676537098401367
screen_xgboost,longsp_15g_8sp_15bp__no_re24,xgboost,2026,680,0.5573529411764706,0.6844402705146893,0.2457159781213281,0.5531744783474887,0.5576214473329338
screen_xgboost,longsp_15g_8sp_15bp__offense_only,xgboost,2024,2485,0.5525150905432595,0.682190655216836,0.2449200728962029,0.579112100780143,0.5748331645864677
screen_xgboost,longsp_15g_8sp_15bp__offense_only,xgboost,2025,2430,0.551440329218107,0.6809035438332159,0.24418433904580963,0.5718359174810582,0.5675660691450162
screen_xgboost,longsp_15g_8sp_15bp__offense_only,xgboost,2026,680,0.5573529411764706,0.6851380215153875,0.24604740130527544,0.5509856348956695,0.5574515811660711
screen_xgboost,longsp_15g_8sp_15bp__sp_only,xgboost,2024,2485,0.5509054325955735,0.6821535956775644,0.24489377222726436,0.5789164811037232,0.5753663089893393
screen_xgboost,longsp_15g_8sp_15bp__sp_only,xgboost,2025,2430,0.5567901234567901,0.681135556772856,0.2442833362095969,0.5719522672509859,0.5681695479403961
screen_xgboost,longsp_15g_8sp_15bp__sp_only,xgboost,2026,680,0.5573529411764706,0.6850913541242224,0.24602026825213444,0.5526807871098528,0.5554788831548363
screen_xgboost,longsp_15g_8sp_15bp__bullpen_only,xgboost,2024,2485,0.5529175050301811,0.6826712540363193,0.245115214991299,0.5784756069076129,0.5761084594127317
screen_xgboost,longsp_15g_8sp_15bp__bullpen_only,xgboost,2025,2430,0.5534979423868313,0.6805137057796644,0.24403040494895722,0.5716049239495594,0.5676549554709217
screen_xgboost,longsp_15g_8sp_15bp__bullpen_only,xgboost,2026,680,0.5558823529411765,0.684193557156568,0.24558882999741247,0.5542099192618224,0.5569755533308376
screen_xgboost,longsp_15g_8sp_15bp__offense_sp,xgboost,2024,2485,0.5517102615694165,0.6822506130994048,0.24492046538836032,0.5798569478399436,0.575712934650086
screen_xgboost,longsp_15g_8sp_15bp__offense_sp,xgboost,2025,2430,0.548559670781893,0.6807678194539776,0.2441055401618822,0.5733102499029281,0.5680713692604626
screen_xgboost,longsp_15g_8sp_15bp__offense_sp,xgboost,2026,680,0.5558823529411765,0.6850384337546819,0.2460009298351944,0.5520123379119919,0.5554038193295984
screen_xgboost,longsp_15g_8sp_15bp__offense_bullpen,xgboost,2024,2485,0.5585513078470825,0.6823487300069372,0.24498117322017682,0.5793080448673031,0.5749295121067567
screen_xgboost,longsp_15g_8sp_15bp__offense_bullpen,xgboost,2025,2430,0.554320987654321,0.680201324122546,0.24388897883576963,0.5729765546683554,0.5680411434989162
screen_xgboost,longsp_15g_8sp_15bp__offense_bullpen,xgboost,2026,680,0.5514705882352942,0.6854701853754999,0.24619206583807843,0.5519074831358568,0.5573238372948823
screen_xgboost,longsp_15g_8sp_15bp__sp_bullpen,xgboost,2024,2485,0.5561368209255533,0.6820713762100314,0.24482968017455703,0.5790822549920325,0.5757751507958176
screen_xgboost,longsp_15g_8sp_15bp__sp_bullpen,xgboost,2025,2430,0.5460905349794238,0.6815692239265532,0.24449991871483975,0.5697627761259826,0.5681250701920323
screen_xgboost,longsp_15g_8sp_15bp__sp_bullpen,xgboost,2026,680,0.5573529411764706,0.6845516069315611,0.24576941468166968,0.5533841878997589,0.5564289747061683
screen_xgboost,longsp_15g_8sp_15bp__all_re24,xgboost,2024,2485,0.5545271629778672,0.6824992232288462,0.24501833239807932,0.5789333504622204,0.5755466147717576
screen_xgboost,longsp_15g_8sp_15bp__all_re24,xgboost,2025,2430,0.5460905349794238,0.6815587281769921,0.24449018205034878,0.5699859220190404,0.5682722463692821
screen_xgboost,longsp_15g_8sp_15bp__all_re24,xgboost,2026,680,0.5602941176470588,0.6846024264689716,0.24573457947754254,0.5556123518926287,0.5553622475295674
confirm_blend_trees,current_15g_3sp_15bp__offense_sp,xgboost+lightgbm+catboost,2024,2485,0.5509054325955735,0.6804989299945757,0.24411857178336796,0.58167494562876,0.5711406989816815
confirm_blend_trees,current_15g_3sp_15bp__offense_sp,xgboost+lightgbm+catboost,2025,2430,0.5489711934156378,0.6799998585103755,0.2437704903958184,0.5741069558055123,0.5633224065653358
confirm_blend_trees,current_15g_3sp_15bp__offense_sp,xgboost+lightgbm+catboost,2026,680,0.5588235294117647,0.6847421458665425,0.24596232042915486,0.5477744573765335,0.556044238415083
confirm_blend_trees,current_15g_3sp_15bp__sp_only,xgboost+lightgbm+catboost,2024,2485,0.5529175050301811,0.6808197927381608,0.24426208096424745,0.5807065795688711,0.5701903338164558
confirm_blend_trees,current_15g_3sp_15bp__sp_only,xgboost+lightgbm+catboost,2025,2430,0.5567901234567901,0.6800168981142509,0.24378301560988813,0.5735398786277415,0.5644007654678593
confirm_blend_trees,current_15g_3sp_15bp__sp_only,xgboost+lightgbm+catboost,2026,680,0.55,0.6851298693592244,0.24615336272924024,0.5461841599384851,0.5555847041492489
confirm_blend_trees,short_7g_3sp_7bp__sp_only,xgboost+lightgbm+catboost,2024,2485,0.5529175050301811,0.6808197927381608,0.24426208096424745,0.5807065795688711,0.5701903338164558
confirm_blend_trees,short_7g_3sp_7bp__sp_only,xgboost+lightgbm+catboost,2025,2430,0.5567901234567901,0.6800168981142509,0.24378301560988813,0.5735398786277415,0.5644007654678593
confirm_blend_trees,short_7g_3sp_7bp__sp_only,xgboost+lightgbm+catboost,2026,680,0.55,0.6851298693592244,0.24615336272924024,0.5461841599384851,0.5555847041492489
confirm_blend_trees,short_7g_3sp_7bp__offense_sp,xgboost+lightgbm+catboost,2024,2485,0.5537223340040242,0.6804800437378367,0.24412356345801325,0.5814802991845611,0.5714385681483665
confirm_blend_trees,short_7g_3sp_7bp__offense_sp,xgboost+lightgbm+catboost,2025,2430,0.5518518518518518,0.6796207979249227,0.24361056859080266,0.5751141831393147,0.5646950799736175
confirm_blend_trees,short_7g_3sp_7bp__offense_sp,xgboost+lightgbm+catboost,2026,680,0.5514705882352942,0.6854467429163283,0.2463045787893583,0.5447205620216,0.556049635151935
confirm_blend_trees,current_15g_3sp_15bp__sp_bullpen,xgboost+lightgbm+catboost,2024,2485,0.5517102615694165,0.6805843550096993,0.2441399423552825,0.5819503703473012,0.5710620381200942
confirm_blend_trees,current_15g_3sp_15bp__sp_bullpen,xgboost+lightgbm+catboost,2025,2430,0.551440329218107,0.680083840988494,0.24383812978255928,0.5728530396633296,0.5634680234951479
confirm_blend_trees,current_15g_3sp_15bp__sp_bullpen,xgboost+lightgbm+catboost,2026,680,0.5588235294117647,0.6842799177421124,0.24571806475762276,0.5502210688196848,0.5560611736700061
confirm_blend_trees,short_7g_3sp_7bp__all_re24,xgboost+lightgbm+catboost,2024,2485,0.5505030181086519,0.6811140414833625,0.24440810494677806,0.5805515112349928,0.5719629570853163
confirm_blend_trees,short_7g_3sp_7bp__all_re24,xgboost+lightgbm+catboost,2025,2430,0.5576131687242798,0.6797093211871378,0.24364063855998788,0.5748258677270306,0.564354354958624
confirm_blend_trees,short_7g_3sp_7bp__all_re24,xgboost+lightgbm+catboost,2026,680,0.5514705882352942,0.6850268611027808,0.24613199500990124,0.5440695886197616,0.5571277865000578
confirm_blend_trees,long_30g_5sp_15bp__offense_sp,xgboost+lightgbm+catboost,2024,2485,0.5517102615694165,0.6804405955009977,0.24412000601229136,0.5810027665747934,0.5718592614803034
confirm_blend_trees,long_30g_5sp_15bp__offense_sp,xgboost+lightgbm+catboost,2025,2430,0.5477366255144033,0.6806433061467847,0.2441116318229681,0.5705154670129636,0.5652711960322291
confirm_blend_trees,long_30g_5sp_15bp__offense_sp,xgboost+lightgbm+catboost,2026,680,0.5617647058823529,0.6854193284018057,0.24627313877152265,0.5460487225193108,0.5552968862397273
confirm_blend_trees,current_15g_3sp_15bp__bullpen_only,xgboost+lightgbm+catboost,2024,2485,0.558953722334004,0.681058119445999,0.2443651596958354,0.5800438084263744,0.5713561625864181
confirm_blend_trees,current_15g_3sp_15bp__bullpen_only,xgboost+lightgbm+catboost,2025,2430,0.5534979423868313,0.6805481979711789,0.24404326476428206,0.5721962264459957,0.5647230127329509
confirm_blend_trees,current_15g_3sp_15bp__bullpen_only,xgboost+lightgbm+catboost,2026,680,0.5514705882352942,0.6845101094839366,0.24582661052713767,0.550627381077208,0.5573314592105008
