team,year,ops_vs_lhp,ops_vs_rhp,pa_vs_lhp,pa_vs_rhp
ARI,2015,0.736,0.739,1434,4842
ATL,2015,0.641,0.684,1526,4508
BAL,2015,0.664,0.752,1628,4379
BOS,2015,0.753,0.734,1752,4485
CHC,2015,0.691,0.728,1404,4796
CHW,2015,0.645,0.7,1483,4587
CIN,2015,0.711,0.704,1561,4635
CLE,2015,0.736,0.72,2097,4012
COL,2015,0.677,0.772,1559,4512
DET,2015,0.806,0.732,1352,4807
HOU,2015,0.753,0.751,2047,4026
KCR,2015,0.729,0.737,2080,4036
LAA,2015,0.668,0.716,1644,4346
LAD,2015,0.755,0.733,1632,4458
MIA,2015,0.736,0.682,1305,4683
MIL,2015,0.674,0.709,1438,4586
MIN,2015,0.729,0.694,1791,4226
NYM,2015,0.723,0.709,1387,4758
NYY,2015,0.75,0.741,1990,4278
OAK,2015,0.712,0.705,1721,4450
PHI,2015,0.693,0.682,1614,4439
PIT,2015,0.686,0.728,1403,4882
SDP,2015,0.671,0.689,1410,4609
SEA,2015,0.731,0.716,2003,4128
SFG,2015,0.707,0.741,1649,4504
STL,2015,0.662,0.735,1684,4455
TBR,2015,0.759,0.703,1872,4199
TEX,2015,0.735,0.741,2266,3921
TOR,2015,0.817,0.79,1418,4814
WSN,2015,0.756,0.714,1392,4725
ARI,2016,0.82,0.73,1552,4708
ATL,2016,0.68,0.715,1712,4480
BAL,2016,0.693,0.783,1531,4558
BOS,2016,0.796,0.814,1513,4807
CHC,2016,0.806,0.759,1719,4616
CHW,2016,0.755,0.719,1361,4770
CIN,2016,0.699,0.731,1431,4663
CLE,2016,0.749,0.763,1833,4322
COL,2016,0.76,0.807,1774,4462
DET,2016,0.754,0.775,1675,4452
HOU,2016,0.731,0.736,1757,4447
KCR,2016,0.759,0.694,1652,4400
LAA,2016,0.727,0.726,1427,4614
LAD,2016,0.624,0.772,1803,4361
MIA,2016,0.718,0.716,1340,4794
MIL,2016,0.764,0.717,1647,4414
MIN,2016,0.75,0.733,1659,4586
NYM,2016,0.755,0.726,1428,4687
NYY,2016,0.71,0.724,1870,4189
OAK,2016,0.694,0.7,1520,4502
PHI,2016,0.667,0.691,1373,4619
PIT,2016,0.762,0.728,1164,5097
SDP,2016,0.732,0.675,1524,4477
SEA,2016,0.749,0.76,2131,4096
SFG,2016,0.707,0.737,2014,4257
STL,2016,0.741,0.777,1673,4550
TBR,2016,0.74,0.731,1493,4553
TEX,2016,0.758,0.754,1497,4592
TOR,2016,0.747,0.758,1512,4721
WSN,2016,0.783,0.742,1413,4788
ARI,2017,0.74,0.787,1665,4559
ATL,2017,0.769,0.73,1364,4852
BAL,2017,0.752,0.745,1601,4539
BOS,2017,0.759,0.73,1413,4925
CHC,2017,0.777,0.774,1586,4697
CHW,2017,0.772,0.716,1605,4454
CIN,2017,0.736,0.771,1617,4596
CLE,2017,0.794,0.785,2197,4037
COL,2017,0.814,0.768,1735,4466
DET,2017,0.837,0.724,1339,4811
HOU,2017,0.814,0.827,1602,4669
KCR,2017,0.726,0.733,1547,4480
LAA,2017,0.649,0.734,1546,4527
LAD,2017,0.789,0.764,1809,4382
MIA,2017,0.727,0.773,1526,4722
MIL,2017,0.734,0.757,1464,4671
MIN,2017,0.744,0.777,1802,4459
NYM,2017,0.742,0.759,1574,4595
NYY,2017,0.757,0.795,1637,4717
OAK,2017,0.704,0.771,1527,4599
PHI,2017,0.693,0.735,1739,4394
PIT,2017,0.71,0.702,1451,4685
SDP,2017,0.678,0.698,1608,4346
SEA,2017,0.716,0.76,1556,4610
SFG,2017,0.681,0.692,1835,4302
STL,2017,0.777,0.755,1355,4864
TBR,2017,0.703,0.754,1756,4391
TEX,2017,0.739,0.754,1506,4616
TOR,2017,0.732,0.722,1423,4731
WSN,2017,0.787,0.78,1353,4861
ARI,2018,0.739,0.692,2003,4154
ATL,2018,0.78,0.727,1765,4486
BAL,2018,0.66,0.701,1758,4276
BOS,2018,0.72,0.817,1595,4707
CHC,2018,0.731,0.747,1508,4861
CHW,2018,0.706,0.702,1515,4556
CIN,2018,0.74,0.725,1821,4419
CLE,2018,0.738,0.777,1739,4561
COL,2018,0.798,0.738,1987,4191
DET,2018,0.723,0.666,1437,4592
HOU,2018,0.803,0.733,1875,4271
KCR,2018,0.666,0.709,1764,4299
LAA,2018,0.667,0.75,1777,4331
LAD,2018,0.733,0.795,2153,4205
MIA,2018,0.643,0.664,1521,4562
MIL,2018,0.741,0.749,1623,4587
MIN,2018,0.696,0.733,1751,4403
NYM,2018,0.649,0.72,1667,4510
NYY,2018,0.801,0.774,1695,4576
OAK,2018,0.745,0.773,1862,4393
PHI,2018,0.675,0.717,1500,4636
PIT,2018,0.729,0.723,1650,4416
SDP,2018,0.69,0.671,1933,4126
SEA,2018,0.724,0.722,1873,4214
SFG,2018,0.656,0.674,2139,3974
STL,2018,0.753,0.722,1585,4615
TBR,2018,0.74,0.739,1682,4513
TEX,2018,0.703,0.731,1971,4192
TOR,2018,0.704,0.753,1739,4337
WSN,2018,0.734,0.76,1618,4670
ARI,2019,0.836,0.728,1696,4619
ATL,2019,0.784,0.79,1441,4861
BAL,2019,0.731,0.721,2106,4083
BOS,2019,0.784,0.815,1986,4489
CHC,2019,0.75,0.792,1318,4877
CHW,2019,0.776,0.709,1743,4299
CIN,2019,0.73,0.739,1445,4655
CLE,2019,0.766,0.75,2030,4094
COL,2019,0.807,0.77,2051,4237
DET,2019,0.714,0.673,1330,4709
HOU,2019,0.867,0.841,1798,4596
KCR,2019,0.7,0.714,1684,4396
LAA,2019,0.739,0.749,1849,4402
LAD,2019,0.777,0.825,1958,4324
MIA,2019,0.678,0.671,1553,4492
MIL,2019,0.779,0.763,1819,4490
MIN,2019,0.872,0.817,1737,4655
NYM,2019,0.799,0.76,1668,4622
NYY,2019,0.852,0.82,1686,4559
OAK,2019,0.811,0.762,1716,4553
PHI,2019,0.778,0.734,1715,4546
PIT,2019,0.682,0.763,1654,4574
SDP,2019,0.76,0.705,1386,4633
SEA,2019,0.758,0.732,1784,4415
SFG,2019,0.692,0.695,1830,4340
STL,2019,0.755,0.732,1289,4878
TBR,2019,0.748,0.761,1975,4310
TEX,2019,0.742,0.753,1959,4245
TOR,2019,0.739,0.731,1922,4169
WSN,2019,0.828,0.785,1622,4645
ARI,2020,0.667,0.719,656,1582
ATL,2020,0.754,0.852,486,1858
BAL,2020,0.731,0.755,490,1752
BOS,2020,0.756,0.784,743,1561
CHC,2020,0.619,0.735,586,1628
CHW,2020,0.887,0.749,506,1761
CIN,2020,0.667,0.733,578,1545
CLE,2020,0.683,0.69,551,1696
COL,2020,0.73,0.709,730,1527
DET,2020,0.89,0.655,400,1676
HOU,2020,0.702,0.728,660,1569
KCR,2020,0.72,0.708,461,1739
LAA,2020,0.744,0.772,769,1539
LAD,2020,0.778,0.836,639,1677
MIA,2020,0.775,0.673,618,1549
MIL,2020,0.763,0.681,587,1601
MIN,2020,0.658,0.774,583,1585
NYM,2020,0.772,0.825,756,1523
NYY,2020,0.714,0.811,513,1697
OAK,2020,0.684,0.728,505,1696
PHI,2020,0.815,0.768,630,1593
PIT,2020,0.735,0.612,516,1618
SDP,2020,0.761,0.815,684,1547
SEA,2020,0.61,0.709,664,1517
SFG,2020,0.838,0.764,650,1609
STL,2020,0.713,0.69,354,1657
TBR,2020,0.794,0.739,591,1670
TEX,2020,0.642,0.652,685,1462
TOR,2020,0.761,0.767,670,1593
WSN,2020,0.846,0.741,590,1628
ARI,2021,0.741,0.672,1786,4358
ATL,2021,0.732,0.761,1461,4595
BAL,2021,0.749,0.682,2071,3912
BOS,2021,0.758,0.788,2155,3967
CHC,2021,0.749,0.709,1628,4344
CHW,2021,0.775,0.753,1574,4510
CIN,2021,0.685,0.785,1584,4578
CLE,2021,0.732,0.7,1954,3953
COL,2021,0.778,0.713,1707,4300
DET,2021,0.733,0.696,1748,4231
HOU,2021,0.789,0.781,2081,4210
KCR,2021,0.738,0.688,1693,4300
LAA,2021,0.738,0.707,1934,4082
LAD,2021,0.758,0.759,1826,4413
MIA,2021,0.655,0.677,1696,4233
MIL,2021,0.704,0.717,1539,4560
MIN,2021,0.724,0.744,1965,4113
NYM,2021,0.697,0.709,1792,4064
NYY,2021,0.759,0.716,1900,4160
OAK,2021,0.725,0.721,2030,4074
PHI,2021,0.733,0.723,1933,4156
PIT,2021,0.66,0.678,1745,4238
SDP,2021,0.704,0.729,1658,4461
SEA,2021,0.695,0.684,2147,3863
SFG,2021,0.752,0.775,1690,4506
STL,2021,0.798,0.706,1245,4756
TBR,2021,0.743,0.754,2206,4007
TEX,2021,0.652,0.678,1912,4031
TOR,2021,0.806,0.794,1587,4483
WSN,2021,0.796,0.735,1847,4266
ARI,2022,0.655,0.703,1690,4337
ATL,2022,0.782,0.753,1638,4444
BAL,2022,0.663,0.708,1710,4339
BOS,2022,0.759,0.721,1547,4597
CHC,2022,0.703,0.696,1502,4570
CHW,2022,0.767,0.678,1343,4780
CIN,2022,0.713,0.662,1598,4380
CLE,2022,0.646,0.717,1579,4584
COL,2022,0.77,0.686,1964,4141
DET,2022,0.701,0.608,1532,4338
HOU,2022,0.783,0.726,1850,4204
KCR,2022,0.722,0.673,1571,4439
LAA,2022,0.658,0.701,1843,4134
LAD,2022,0.754,0.783,1738,4509
MIA,2022,0.598,0.675,1316,4633
MIL,2022,0.674,0.743,1709,4413
MIN,2022,0.701,0.725,1721,4392
NYM,2022,0.716,0.756,1900,4276
NYY,2022,0.768,0.745,1549,4623
OAK,2022,0.636,0.623,1532,4331
PHI,2022,0.77,0.727,1749,4328
PIT,2022,0.647,0.658,1878,4034
SDP,2022,0.705,0.697,1867,4308
SEA,2022,0.711,0.701,1778,4339
SFG,2022,0.722,0.697,1932,4185
STL,2022,0.808,0.727,1363,4802
TBR,2022,0.711,0.678,1428,4580
TEX,2022,0.746,0.675,1810,4219
TOR,2022,0.752,0.761,1239,4919
WSN,2022,0.676,0.693,1947,4051
ARI,2023,0.711,0.737,1697,4427
ATL,2023,0.871,0.837,1425,4824
BAL,2023,0.764,0.734,1701,4422
BOS,2023,0.729,0.755,1578,4596
CHC,2023,0.78,0.739,1712,4508
CHW,2023,0.695,0.669,1385,4595
CIN,2023,0.75,0.745,1680,4515
CLE,2023,0.663,0.709,1910,4186
COL,2023,0.701,0.72,1725,4330
DET,2023,0.711,0.679,1373,4707
HOU,2023,0.809,0.751,1801,4452
KCR,2023,0.709,0.697,1526,4459
LAA,2023,0.749,0.742,1518,4627
LAD,2023,0.787,0.799,1806,4527
MIA,2023,0.753,0.711,1416,4627
MIL,2023,0.731,0.695,1537,4547
MIN,2023,0.727,0.762,1509,4710
NYM,2023,0.708,0.731,1883,4173
NYY,2023,0.778,0.683,1168,4805
OAK,2023,0.673,0.667,1648,4318
PHI,2023,0.779,0.759,1864,4343
PIT,2023,0.701,0.709,1929,4160
SDP,2023,0.807,0.717,1699,4481
SEA,2023,0.73,0.735,1624,4577
SFG,2023,0.683,0.701,1790,4305
STL,2023,0.718,0.75,1560,4644
TBR,2023,0.784,0.775,1327,4837
TEX,2023,0.789,0.79,1624,4682
TOR,2023,0.758,0.741,1405,4815
WSN,2023,0.739,0.696,1868,4217
ARI,2024,0.794,0.769,1983,4301
ATL,2024,0.773,0.708,1523,4552
BAL,2024,0.749,0.752,1659,4517
BOS,2024,0.727,0.747,1816,4376
CHC,2024,0.706,0.711,1495,4621
CHW,2024,0.61,0.621,1510,4359
CIN,2024,0.673,0.7,1648,4322
CLE,2024,0.751,0.684,1636,4291
COL,2024,0.689,0.71,1713,4313
DET,2024,0.66,0.692,1395,4626
HOU,2024,0.752,0.736,1678,4429
KCR,2024,0.672,0.723,1502,4480
LAA,2024,0.689,0.666,1258,4717
LAD,2024,0.795,0.776,1741,4514
MIA,2024,0.638,0.697,1976,4072
MIL,2024,0.712,0.735,1640,4530
MIN,2024,0.732,0.724,1627,4496
NYM,2024,0.769,0.722,1651,4515
NYY,2024,0.721,0.777,1808,4437
OAK,2024,0.718,0.687,1406,4628
PHI,2024,0.783,0.735,1915,4251
PIT,2024,0.7,0.663,1598,4488
SDP,2024,0.69,0.764,1617,4486
SEA,2024,0.663,0.698,1774,4293
SFG,2024,0.74,0.686,1678,4384
STL,2024,0.678,0.714,1755,4359
TBR,2024,0.707,0.657,1369,4637
TEX,2024,0.692,0.683,1511,4542
TOR,2024,0.652,0.719,1418,4642
WSN,2024,0.658,0.695,1796,4175
ARI,2025,0.742,0.764,1836,4374
ATL,2025,0.716,0.721,1678,4508
BAL,2025,0.661,0.713,1698,4322
BOS,2025,0.743,0.745,1777,4429
CHC,2025,0.751,0.751,1588,4574
CHW,2025,0.699,0.666,1556,4431
CIN,2025,0.653,0.723,1501,4581
CLE,2025,0.647,0.679,1784,4159
COL,2025,0.679,0.679,1443,4465
DET,2025,0.774,0.712,1702,4391
HOU,2025,0.74,0.706,1310,4777
KCR,2025,0.659,0.721,1435,4573
LAA,2025,0.701,0.693,1145,4855
LAD,2025,0.765,0.77,1709,4478
MIA,2025,0.656,0.729,1833,4309
MIL,2025,0.734,0.737,1821,4406
MIN,2025,0.706,0.708,1697,4362
NYM,2025,0.696,0.777,1780,4398
NYY,2025,0.797,0.783,1697,4538
OAK,2025,0.74,0.752,1479,4672
PHI,2025,0.747,0.764,1946,4220
PIT,2025,0.635,0.662,1469,4539
SDP,2025,0.691,0.72,1851,4236
SEA,2025,0.727,0.747,1852,4348
SFG,2025,0.631,0.722,1623,4449
STL,2025,0.695,0.692,1682,4387
TBR,2025,0.667,0.735,1860,4185
TEX,2025,0.653,0.695,1672,4374
TOR,2025,0.755,0.763,1620,4560
WSN,2025,0.639,0.715,1703,4279
ARI,2026,0.813,0.703,308,759
ATL,2026,0.773,0.803,397,792
BAL,2026,0.689,0.735,298,799
BOS,2026,0.7,0.646,301,862
CHC,2026,0.846,0.746,432,808
CHW,2026,0.766,0.672,349,839
CIN,2026,0.714,0.688,274,861
CLE,2026,0.721,0.67,333,849
COL,2026,0.666,0.741,239,932
DET,2026,0.695,0.752,290,879
HOU,2026,0.767,0.791,339,828
KCR,2026,0.685,0.714,324,804
LAA,2026,0.738,0.727,383,864
LAD,2026,0.818,0.797,293,903
MIA,2026,0.628,0.744,326,843
MIL,2026,0.654,0.701,334,789
MIN,2026,0.696,0.711,446,751
NYM,2026,0.621,0.632,274,836
NYY,2026,0.723,0.761,373,797
OAK,2026,0.623,0.747,339,815
PHI,2026,0.568,0.714,390,709
PIT,2026,0.662,0.719,355,864
SDP,2026,0.624,0.709,199,924
SEA,2026,0.621,0.737,333,882
SFG,2026,0.688,0.641,299,745
STL,2026,0.738,0.715,314,850
TBR,2026,0.683,0.714,334,825
TEX,2026,0.577,0.73,302,860
TOR,2026,0.634,0.711,290,826
WSN,2026,0.796,0.688,374,851
